#usda 1.0
(
    defaultPrim = "World"
    doc = "Building heights recovered from OSM building:part ways that Phase 1 discarded. Rewrites only the z of each prism's top ring; footprint XY is untouched. Regenerate with phase9/recover_heights.py."
    metersPerUnit = 1
    upAxis = "Z"
)

def Xform "World"
{
    over "Buildings"
    {
        over "osm_way_1055909233"
        {
            float3[] extent = [(55.639606, -80.33928, 0.04), (85.3607, -51.89715, 15)]
            point3f[] points = [(55.639606, -63.318527, 0.04), (56.91406, -65.34454, 0.04), (65.26727, -78.51363, 0.04), (66.43091, -80.33928, 0.04), (69.644745, -78.61382, 0.04), (68.363365, -76.61008, 0.04), (85.3607, -67.97168, 0.04), (75.885414, -51.89715, 0.04), (55.639606, -63.318527, 15), (56.91406, -65.34454, 15), (65.26727, -78.51363, 15), (66.43091, -80.33928, 15), (69.644745, -78.61382, 15), (68.363365, -76.61008, 15), (85.3607, -67.97168, 15), (75.885414, -51.89715, 15)]
            custom double urbantwin:heightMetres = 15
            custom string urbantwin:heightSource = "inferred_from_neighbours"
        }

        over "osm_way_107014757"
        {
            float3[] extent = [(-121.81424, 82.51001, 0.04), (-58.991974, 152.28506, 21)]
            point3f[] points = [(-121.81424, 143.29045, 0.04), (-98.347664, 152.28506, 0.04), (-97.73122, 151.17188, 0.04), (-94.6559, 151.23866, 0.04), (-90.71479, 150.61526, 0.04), (-88.18666, 149.39076, 0.04), (-85.291435, 147.47606, 0.04), (-83.01266, 145.2608, 0.04), (-80.60921, 140.5186, 0.04), (-80.30444, 136.88957, 0.04), (-80.54687, 133.24944, 0.04), (-81.966774, 129.86531, 0.04), (-82.45855, 128.69646, 0.04), (-79.07155, 123.46445, 0.04), (-81.77976, 120.93749, 0.04), (-75.74689, 112.310234, 0.04), (-66.69411, 111.508736, 0.04), (-58.991974, 97.8387, 0.04), (-59.483746, 96.358154, 0.04), (-78.21268, 82.51001, 0.04), (-121.81424, 143.29045, 21), (-98.347664, 152.28506, 21), (-97.73122, 151.17188, 21), (-94.6559, 151.23866, 21), (-90.71479, 150.61526, 21), (-88.18666, 149.39076, 21), (-85.291435, 147.47606, 21), (-83.01266, 145.2608, 21), (-80.60921, 140.5186, 21), (-80.30444, 136.88957, 21), (-80.54687, 133.24944, 21), (-81.966774, 129.86531, 21), (-82.45855, 128.69646, 21), (-79.07155, 123.46445, 21), (-81.77976, 120.93749, 21), (-75.74689, 112.310234, 21), (-66.69411, 111.508736, 21), (-58.991974, 97.8387, 21), (-59.483746, 96.358154, 21), (-78.21268, 82.51001, 21)]
            custom double urbantwin:heightMetres = 21
            custom string urbantwin:heightSource = "inferred_from_neighbours"
        }

        over "osm_way_107017489"
        {
            float3[] extent = [(-94.988365, 239.84897, 0.04), (-66.52788, 285.1894, 24)]
            point3f[] points = [(-94.988365, 281.18192, 0.04), (-92.21089, 275.538, 0.04), (-93.29833, 275.00366, 0.04), (-88.235146, 264.71774, 0.04), (-87.13386, 265.25208, 0.04), (-82.49318, 255.82332, 0.04), (-83.93387, 255.11087, 0.04), (-78.90532, 244.88062, 0.04), (-77.5893, 245.52628, 0.04), (-74.79797, 239.84897, 0.04), (-66.52788, 243.91214, 0.04), (-86.829094, 285.1894, 0.04), (-94.988365, 281.18192, 24), (-92.21089, 275.538, 24), (-93.29833, 275.00366, 24), (-88.235146, 264.71774, 24), (-87.13386, 265.25208, 24), (-82.49318, 255.82332, 24), (-83.93387, 255.11087, 24), (-78.90532, 244.88062, 24), (-77.5893, 245.52628, 24), (-74.79797, 239.84897, 24), (-66.52788, 243.91214, 24), (-86.829094, 285.1894, 24)]
            custom double urbantwin:heightMetres = 24
            custom string urbantwin:heightSource = "inferred_from_neighbours"
        }

        over "osm_way_107017495"
        {
            float3[] extent = [(-183.33434, 222.60559, 0.04), (-135.72934, 260.79932, 27)]
            point3f[] points = [(-140.06525, 260.79932, 0.04), (-183.33434, 230.95454, 0.04), (-177.64778, 222.60559, 0.04), (-135.72934, 251.916, 0.04), (-140.06525, 260.79932, 27), (-183.33434, 230.95454, 27), (-177.64778, 222.60559, 27), (-135.72934, 251.916, 27)]
            custom double urbantwin:heightMetres = 27
            custom string urbantwin:heightSource = "inferred_from_neighbours"
        }

        over "osm_way_107017496"
        {
            float3[] extent = [(-124.73717, 224.33104, 0.04), (-96.36672, 270.49524, 24)]
            point3f[] points = [(-124.73717, 266.59906, 0.04), (-124.169205, 265.3968, 0.04), (-120.678314, 258.30576, 0.04), (-103.98573, 224.33104, 0.04), (-96.36672, 228.0825, 0.04), (-99.71216, 235.10677, 0.04), (-98.32688, 235.76355, 0.04), (-102.84288, 245.24797, 0.04), (-104.22816, 244.58005, 0.04), (-116.56404, 270.49524, 0.04), (-124.73717, 266.59906, 24), (-124.169205, 265.3968, 24), (-120.678314, 258.30576, 24), (-103.98573, 224.33104, 24), (-96.36672, 228.0825, 24), (-99.71216, 235.10677, 24), (-98.32688, 235.76355, 24), (-102.84288, 245.24797, 24), (-104.22816, 244.58005, 24), (-116.56404, 270.49524, 24)]
            custom double urbantwin:heightMetres = 24
            custom string urbantwin:heightSource = "inferred_from_neighbours"
        }

        over "osm_way_107017498"
        {
            float3[] extent = [(-173.05559, 208.11179, 0.04), (-126.025475, 240.82858, 27)]
            point3f[] points = [(-130.31982, 240.82858, 0.04), (-173.05559, 215.8151, 0.04), (-167.85388, 208.11179, 0.04), (-126.025475, 232.42397, 0.04), (-130.31982, 240.82858, 27), (-173.05559, 215.8151, 27), (-167.85388, 208.11179, 27), (-126.025475, 232.42397, 27)]
            custom double urbantwin:heightMetres = 27
            custom string urbantwin:heightSource = "inferred_from_neighbours"
        }

        over "osm_way_107017503"
        {
            float3[] extent = [(-161.84871, 191.82574, 0.04), (-116.494774, 220.67976, 27)]
            point3f[] points = [(-161.84871, 199.28415, 0.04), (-156.7786, 191.82574, 0.04), (-116.494774, 212.58684, 0.04), (-120.49822, 220.67976, 0.04), (-161.84871, 199.28415, 27), (-156.7786, 191.82574, 27), (-116.494774, 212.58684, 27), (-120.49822, 220.67976, 27)]
            custom double urbantwin:heightMetres = 27
            custom string urbantwin:heightSource = "inferred_from_neighbours"
        }

        over "osm_way_107017504"
        {
            float3[] extent = [(-103.83336, 209.53668, 0.04), (-59.199764, 237.88976, 21)]
            point3f[] points = [(-103.83336, 217.47375, 0.04), (-98.94333, 219.93391, 0.04), (-99.96844, 221.97107, 0.04), (-90.95029, 226.50177, 0.04), (-90.382324, 225.37744, 0.04), (-79.750336, 230.72078, 0.04), (-80.27674, 231.76718, 0.04), (-71.73651, 236.05298, 0.04), (-70.74604, 234.08263, 0.04), (-63.182434, 237.88976, 0.04), (-59.199764, 229.95267, 0.04), (-99.84376, 209.53668, 0.04), (-103.83336, 217.47375, 21), (-98.94333, 219.93391, 21), (-99.96844, 221.97107, 21), (-90.95029, 226.50177, 21), (-90.382324, 225.37744, 21), (-79.750336, 230.72078, 21), (-80.27674, 231.76718, 21), (-71.73651, 236.05298, 21), (-70.74604, 234.08263, 21), (-63.182434, 237.88976, 21), (-59.199764, 229.95267, 21), (-99.84376, 209.53668, 21)]
            custom double urbantwin:heightMetres = 21
            custom string urbantwin:heightSource = "inferred_from_neighbours"
        }

        over "osm_way_112564609"
        {
            float3[] extent = [(367.11197, 80.77342, 0.04), (379.39243, 90.41369, 18)]
            point3f[] points = [(369.3007, 80.77342, 0.04), (367.11197, 86.65109, 0.04), (377.2037, 90.41369, 0.04), (379.39243, 84.54715, 0.04), (369.3007, 80.77342, 18), (367.11197, 86.65109, 18), (377.2037, 90.41369, 18), (379.39243, 84.54715, 18)]
            custom double urbantwin:heightMetres = 18
            custom string urbantwin:heightSource = "inferred_from_neighbours"
        }

        over "osm_way_1202309644"
        {
            float3[] extent = [(258.5202, 209.81497, 0.04), (263.65958, 213.71115, 3)]
            point3f[] points = [(258.5202, 212.48665, 0.04), (259.26132, 209.81497, 0.04), (263.65958, 211.02837, 0.04), (262.91843, 213.71115, 0.04), (258.5202, 212.48665, 3), (259.26132, 209.81497, 3), (263.65958, 211.02837, 3), (262.91843, 213.71115, 3)]
            custom double urbantwin:heightMetres = 3
            custom string urbantwin:heightSource = "inferred_from_building_type"
        }

        over "osm_way_125295306"
        {
            float3[] extent = [(-5.451061, -367.833, 0.04), (20.245808, -337.2758, 9)]
            point3f[] points = [(-5.451061, -343.60986, 0.04), (4.232018, -337.2758, 0.04), (12.176576, -349.28717, 0.04), (20.245808, -361.4989, 0.04), (10.562729, -367.833, 0.04), (2.6735826, -355.89954, 0.04), (-5.451061, -343.60986, 9), (4.232018, -337.2758, 9), (12.176576, -349.28717, 9), (20.245808, -361.4989, 9), (10.562729, -367.833, 9), (2.6735826, -355.89954, 9)]
            custom double urbantwin:heightMetres = 9
            custom string urbantwin:heightSource = "osm_building_part_levels"
        }

        over "osm_way_125295308"
        {
            float3[] extent = [(-66.65948, -205.9188, 0.04), (-36.95916, -179.17986, 15)]
            point3f[] points = [(-58.63873, -200.5198, 0.04), (-64.844765, -191.88141, 0.04), (-66.65948, -189.35445, 0.04), (-51.566895, -179.17986, 0.04), (-49.987682, -181.4953, 0.04), (-43.747013, -190.61237, 0.04), (-44.689, -190.77934, 0.04), (-36.95916, -201.65526, 0.04), (-42.964333, -205.9188, 0.04), (-50.69417, -195.05402, 0.04), (-58.63873, -200.5198, 15), (-64.844765, -191.88141, 15), (-66.65948, -189.35445, 15), (-51.566895, -179.17986, 15), (-49.987682, -181.4953, 15), (-43.747013, -190.61237, 15), (-44.689, -190.77934, 15), (-36.95916, -201.65526, 15), (-42.964333, -205.9188, 15), (-50.69417, -195.05402, 15)]
            custom double urbantwin:heightMetres = 15
            custom string urbantwin:heightSource = "osm_building_part_levels"
        }

        over "osm_way_125295633"
        {
            float3[] extent = [(69.90795, -336.5745, 0.04), (88.67151, -314.9785, 15)]
            point3f[] points = [(82.604004, -323.00464, 0.04), (76.9313, -314.9785, 0.04), (69.90795, -319.95447, 0.04), (81.68972, -336.5745, 0.04), (88.67151, -331.83228, 0.04), (82.604004, -323.00464, 15), (76.9313, -314.9785, 15), (69.90795, -319.95447, 15), (81.68972, -336.5745, 15), (88.67151, -331.83228, 15)]
            custom double urbantwin:heightMetres = 15
            custom string urbantwin:heightSource = "inferred_from_neighbours"
        }

        over "osm_way_125295634"
        {
            float3[] extent = [(98.472336, -283.31924, 0.04), (128.68521, -254.86597, 15)]
            point3f[] points = [(118.725075, -254.86597, 0.04), (110.32337, -261.13327, 0.04), (98.472336, -269.97202, 0.04), (108.43247, -283.31924, 0.04), (119.63935, -274.95914, 0.04), (128.68521, -268.2132, 0.04), (118.725075, -254.86597, 15), (110.32337, -261.13327, 15), (98.472336, -269.97202, 15), (108.43247, -283.31924, 15), (119.63935, -274.95914, 15), (128.68521, -268.2132, 15)]
            custom double urbantwin:heightMetres = 15
            custom string urbantwin:heightSource = "inferred_from_neighbours"
        }

        over "osm_way_125295635"
        {
            float3[] extent = [(102.96063, -261.13327, 0.04), (119.42464, -247.31851, 15)]
            point3f[] points = [(113.86968, -247.31851, 0.04), (112.553665, -248.76567, 0.04), (102.96063, -256.86972, 0.04), (105.12166, -259.94214, 0.04), (108.09308, -258.27234, 0.04), (110.32337, -261.13327, 0.04), (118.725075, -254.86597, 0.04), (119.42464, -254.16466, 0.04), (113.86968, -247.31851, 15), (112.553665, -248.76567, 15), (102.96063, -256.86972, 15), (105.12166, -259.94214, 15), (108.09308, -258.27234, 15), (110.32337, -261.13327, 15), (118.725075, -254.86597, 15), (119.42464, -254.16466, 15)]
            custom double urbantwin:heightMetres = 15
            custom string urbantwin:heightSource = "inferred_from_neighbours"
        }

        over "osm_way_125296106"
        {
            float3[] extent = [(39.798977, -131.02304, 0.04), (76.16247, -96.01306, 16)]
            point3f[] points = [(48.200676, -111.43081, 0.04), (46.420597, -109.3714, 0.04), (39.798977, -114.57002, 0.04), (51.92014, -131.02304, 0.04), (67.0335, -119.49034, 0.04), (64.366844, -115.79453, 0.04), (73.932175, -108.414055, 0.04), (76.16247, -106.6886, 0.04), (68.54345, -96.01306, 0.04), (48.200676, -111.43081, 16), (46.420597, -109.3714, 16), (39.798977, -114.57002, 16), (51.92014, -131.02304, 16), (67.0335, -119.49034, 16), (64.366844, -115.79453, 16), (73.932175, -108.414055, 16), (76.16247, -106.6886, 16), (68.54345, -96.01306, 16)]
            custom double urbantwin:heightMetres = 16
            custom string urbantwin:heightSource = "inferred_from_building_type"
        }

        over "osm_way_125297704"
        {
            float3[] extent = [(92.8966, -107.7684, 0.04), (118.16403, -75.19632, 16)]
            point3f[] points = [(118.16403, -101.85733, 0.04), (111.2238, -89.20031, 0.04), (103.5563, -75.19632, 0.04), (92.8966, -80.63984, 0.04), (107.788315, -107.7684, 0.04), (118.16403, -101.85733, 16), (111.2238, -89.20031, 16), (103.5563, -75.19632, 16), (92.8966, -80.63984, 16), (107.788315, -107.7684, 16)]
            custom double urbantwin:heightMetres = 16
            custom string urbantwin:heightSource = "inferred_from_building_type"
        }

        over "osm_way_125297850"
        {
            float3[] extent = [(169.3292, 27.440254, 0.04), (181.10405, 36.37921, 9)]
            point3f[] points = [(169.3292, 33.106415, 0.04), (179.33781, 36.37921, 0.04), (181.10405, 31.080402, 0.04), (171.09543, 27.440254, 0.04), (169.3292, 33.106415, 9), (179.33781, 36.37921, 9), (181.10405, 31.080402, 9), (171.09543, 27.440254, 9)]
            custom double urbantwin:heightMetres = 9
            custom string urbantwin:heightSource = "inferred_from_neighbours"
        }

        over "osm_way_1361142037"
        {
            float3[] extent = [(-377.07904, 260.0646, 0.04), (-363.9743, 271.9869, 16)]
            point3f[] points = [(-377.07904, 265.5304, 0.04), (-367.99854, 271.9869, 0.04), (-363.9743, 266.40982, 0.04), (-373.35263, 260.0646, 0.04), (-377.07904, 265.5304, 16), (-367.99854, 271.9869, 16), (-363.9743, 266.40982, 16), (-373.35263, 260.0646, 16)]
            custom double urbantwin:heightMetres = 16
            custom string urbantwin:heightSource = "inferred_from_building_type"
        }

        over "osm_way_1361142039"
        {
            float3[] extent = [(-373.35263, 252.48373, 0.04), (-358.8488, 266.40982, 16)]
            point3f[] points = [(-363.9743, 266.40982, 0.04), (-358.8488, 258.82895, 0.04), (-368.23404, 252.48373, 0.04), (-373.35263, 260.0646, 0.04), (-363.9743, 266.40982, 16), (-358.8488, 258.82895, 16), (-368.23404, 252.48373, 16), (-373.35263, 260.0646, 16)]
            custom double urbantwin:heightMetres = 16
            custom string urbantwin:heightSource = "inferred_from_building_type"
        }

        over "osm_way_1361142040"
        {
            float3[] extent = [(-368.23404, 246.3389, 0.04), (-354.2012, 258.82895, 15)]
            point3f[] points = [(-368.23404, 252.48373, 0.04), (-363.96048, 246.3389, 0.04), (-354.2012, 252.7843, 0.04), (-358.8488, 258.82895, 0.04), (-368.23404, 252.48373, 15), (-363.96048, 246.3389, 15), (-354.2012, 252.7843, 15), (-358.8488, 258.82895, 15)]
            custom double urbantwin:heightMetres = 15
            custom string urbantwin:heightSource = "inferred_from_neighbours"
        }

        over "osm_way_137355516"
        {
            float3[] extent = [(-150.5033, 322.6818, 0.04), (-86.2265, 368.34506, 16)]
            point3f[] points = [(-150.5033, 350.70093, 0.04), (-138.00119, 322.6818, 0.04), (-86.2265, 356.18896, 0.04), (-91.843796, 364.4266, 0.04), (-101.67925, 358.68253, 0.04), (-108.22468, 368.34506, 0.04), (-115.206474, 363.98135, 0.04), (-110.018616, 355.44315, 0.04), (-115.05409, 352.1147, 0.04), (-129.2878, 347.9402, 0.04), (-132.35619, 346.08118, 0.04), (-130.12589, 341.90668, 0.04), (-137.03842, 337.69882, 0.04), (-144.37346, 354.31882, 0.04), (-150.5033, 350.70093, 16), (-138.00119, 322.6818, 16), (-86.2265, 356.18896, 16), (-91.843796, 364.4266, 16), (-101.67925, 358.68253, 16), (-108.22468, 368.34506, 16), (-115.206474, 363.98135, 16), (-110.018616, 355.44315, 16), (-115.05409, 352.1147, 16), (-129.2878, 347.9402, 16), (-132.35619, 346.08118, 16), (-130.12589, 341.90668, 16), (-137.03842, 337.69882, 16), (-144.37346, 354.31882, 16)]
            custom double urbantwin:heightMetres = 16
            custom string urbantwin:heightSource = "inferred_from_building_type"
        }

        over "osm_way_149173481"
        {
            float3[] extent = [(273.7236, -385.92242, 0.04), (295.70792, -364.2485, 21)]
            point3f[] points = [(276.16168, -385.92242, 0.04), (295.70792, -377.1059, 0.04), (287.29236, -364.2485, 0.04), (273.7236, -377.85175, 0.04), (276.16168, -385.92242, 21), (295.70792, -377.1059, 21), (287.29236, -364.2485, 21), (273.7236, -377.85175, 21)]
            custom double urbantwin:heightMetres = 21
            custom string urbantwin:heightSource = "inferred_from_neighbours"
        }

        over "osm_way_172577730"
        {
            float3[] extent = [(295.81876, -184.22263, 0.04), (312.31738, -160.7342, 21)]
            point3f[] points = [(298.34686, -174.20387, 0.04), (296.17892, -170.15184, 0.04), (297.94513, -169.19449, 0.04), (295.81876, -164.39662, 0.04), (299.35812, -162.61551, 0.04), (299.76678, -163.45041, 0.04), (304.59445, -160.7342, 0.04), (312.31738, -178.47855, 0.04), (308.2308, -180.22626, 0.04), (309.1728, -182.30794, 0.04), (304.62216, -184.22263, 0.04), (299.37198, -173.70293, 0.04), (298.34686, -174.20387, 21), (296.17892, -170.15184, 21), (297.94513, -169.19449, 21), (295.81876, -164.39662, 21), (299.35812, -162.61551, 21), (299.76678, -163.45041, 21), (304.59445, -160.7342, 21), (312.31738, -178.47855, 21), (308.2308, -180.22626, 21), (309.1728, -182.30794, 21), (304.62216, -184.22263, 21), (299.37198, -173.70293, 21)]
            custom double urbantwin:heightMetres = 21
            custom string urbantwin:heightSource = "inferred_from_neighbours"
        }

        over "osm_way_172577732"
        {
            float3[] extent = [(256.5808, -194.40836, 0.04), (284.29324, -174.04802, 15)]
            point3f[] points = [(284.29324, -181.82925, 0.04), (260.9375, -194.40836, 0.04), (256.5808, -186.3043, 0.04), (259.45526, -184.75696, 0.04), (258.92883, -183.78848, 0.04), (262.1981, -182.02963, 0.04), (262.74527, -183.04263, 0.04), (272.19287, -177.95534, 0.04), (271.69415, -177.02025, 0.04), (275.49673, -174.97197, 0.04), (276.1409, -176.17422, 0.04), (280.10278, -174.04802, 0.04), (284.29324, -181.82925, 15), (260.9375, -194.40836, 15), (256.5808, -186.3043, 15), (259.45526, -184.75696, 15), (258.92883, -183.78848, 15), (262.1981, -182.02963, 15), (262.74527, -183.04263, 15), (272.19287, -177.95534, 15), (271.69415, -177.02025, 15), (275.49673, -174.97197, 15), (276.1409, -176.17422, 15), (280.10278, -174.04802, 15)]
            custom double urbantwin:heightMetres = 15
            custom string urbantwin:heightSource = "inferred_from_neighbours"
        }

        over "osm_way_172577735"
        {
            float3[] extent = [(280.10278, -181.82925, 0.04), (298.34686, -163.91795, 21)]
            point3f[] points = [(298.34686, -174.20387, 0.04), (284.29324, -181.82925, 0.04), (280.10278, -174.04802, 0.04), (287.17462, -170.40788, 0.04), (286.1495, -168.50432, 0.04), (289.59885, -166.6564, 0.04), (290.6101, -168.5377, 0.04), (292.65338, -167.44678, 0.04), (291.6006, -165.46529, 0.04), (294.50272, -163.91795, 0.04), (295.8395, -166.42264, 0.04), (294.5512, -167.11282, 0.04), (296.17892, -170.15184, 0.04), (298.34686, -174.20387, 21), (284.29324, -181.82925, 21), (280.10278, -174.04802, 21), (287.17462, -170.40788, 21), (286.1495, -168.50432, 21), (289.59885, -166.6564, 21), (290.6101, -168.5377, 21), (292.65338, -167.44678, 21), (291.6006, -165.46529, 21), (294.50272, -163.91795, 21), (295.8395, -166.42264, 21), (294.5512, -167.11282, 21), (296.17892, -170.15184, 21)]
            custom double urbantwin:heightMetres = 21
            custom string urbantwin:heightSource = "inferred_from_neighbours"
        }

        over "osm_way_172577739"
        {
            float3[] extent = [(282.2361, -195.90004, 0.04), (293.3391, -184.54546, 21)]
            point3f[] points = [(293.3391, -191.81462, 0.04), (289.84128, -184.54546, 0.04), (282.2361, -188.45276, 0.04), (285.54694, -195.90004, 0.04), (293.3391, -191.81462, 21), (289.84128, -184.54546, 21), (282.2361, -188.45276, 21), (285.54694, -195.90004, 21)]
            custom double urbantwin:heightMetres = 21
            custom string urbantwin:heightSource = "inferred_from_neighbours"
        }

        over "osm_way_172577741"
        {
            float3[] extent = [(243.69774, -232.93604, 0.04), (266.18768, -203.94844, 15)]
            point3f[] points = [(253.56783, -203.94844, 0.04), (243.69774, -209.02461, 0.04), (244.56354, -210.43837, 0.04), (258.37473, -232.93604, 0.04), (260.95135, -231.51114, 0.04), (266.18768, -228.69476, 0.04), (265.31497, -226.63535, 0.04), (254.115, -205.00598, 0.04), (253.56783, -203.94844, 15), (243.69774, -209.02461, 15), (244.56354, -210.43837, 15), (258.37473, -232.93604, 15), (260.95135, -231.51114, 15), (266.18768, -228.69476, 15), (265.31497, -226.63535, 15), (254.115, -205.00598, 15)]
            custom double urbantwin:heightMetres = 15
            custom string urbantwin:heightSource = "inferred_from_neighbours"
        }

        over "osm_way_172577743"
        {
            float3[] extent = [(218.49265, -177.37648, 0.04), (250.83884, -153.05316, 15)]
            point3f[] points = [(232.74713, -172.79012, 0.04), (229.89346, -168.00337, 0.04), (235.09517, -165.3985, 0.04), (237.8865, -170.08505, 0.04), (243.91939, -166.97923, 0.04), (250.83884, -162.98286, 0.04), (245.62328, -153.05316, 0.04), (218.49265, -167.15735, 0.04), (223.79825, -177.37648, 0.04), (225.89001, -176.53044, 0.04), (232.74713, -172.79012, 15), (229.89346, -168.00337, 15), (235.09517, -165.3985, 15), (237.8865, -170.08505, 15), (243.91939, -166.97923, 15), (250.83884, -162.98286, 15), (245.62328, -153.05316, 15), (218.49265, -167.15735, 15), (223.79825, -177.37648, 15), (225.89001, -176.53044, 15)]
            custom double urbantwin:heightMetres = 15
            custom string urbantwin:heightSource = "inferred_from_neighbours"
        }

        over "osm_way_207494944"
        {
            float3[] extent = [(-20.446672, 346.03665, 0.04), (34.715015, 382.73868, 18)]
            point3f[] points = [(-20.446672, 365.64, 0.04), (30.441439, 382.73868, 0.04), (34.715015, 372.06314, 0.04), (25.052715, 368.4341, 0.04), (25.890806, 365.56207, 0.04), (23.196445, 364.3487, 0.04), (21.617231, 367.13168, 0.04), (9.724637, 362.9572, 0.04), (10.562729, 360.4525, 0.04), (7.778324, 359.79572, 0.04), (6.75322, 362.48965, 0.04), (-0.21471776, 359.98495, 0.04), (0.62337416, 357.202, 0.04), (-2.3480427, 355.9886, 0.04), (-3.4631898, 359.33932, 0.04), (-11.636317, 356.45615, 0.04), (-8.332435, 347.7621, 0.04), (-13.000814, 346.03665, 0.04), (-20.446672, 365.64, 18), (30.441439, 382.73868, 18), (34.715015, 372.06314, 18), (25.052715, 368.4341, 18), (25.890806, 365.56207, 18), (23.196445, 364.3487, 18), (21.617231, 367.13168, 18), (9.724637, 362.9572, 18), (10.562729, 360.4525, 18), (7.778324, 359.79572, 18), (6.75322, 362.48965, 18), (-0.21471776, 359.98495, 18), (0.62337416, 357.202, 18), (-2.3480427, 355.9886, 18), (-3.4631898, 359.33932, 18), (-11.636317, 356.45615, 18), (-8.332435, 347.7621, 18), (-13.000814, 346.03665, 18)]
            custom double urbantwin:heightMetres = 18
            custom string urbantwin:heightSource = "inferred_from_building_type"
        }

        over "osm_way_232225105"
        {
            float3[] extent = [(-5.714263, 43.169697, 0.04), (30.919357, 75.78631, 10)]
            point3f[] points = [(21.31247, 75.78631, 0.04), (17.35058, 74.35029, 0.04), (12.45363, 72.58031, 0.04), (-5.714263, 66.01246, 0.04), (-1.9740182, 56.160683, 0.04), (-0.13852759, 51.496395, 0.04), (3.9895947, 52.87676, 0.04), (7.1480236, 53.95656, 0.04), (11.109913, 43.169697, 0.04), (30.919357, 49.982452, 0.04), (26.999027, 61.18119, 0.04), (25.073494, 65.90114, 0.04), (21.31247, 75.78631, 10), (17.35058, 74.35029, 10), (12.45363, 72.58031, 10), (-5.714263, 66.01246, 10), (-1.9740182, 56.160683, 10), (-0.13852759, 51.496395, 10), (3.9895947, 52.87676, 10), (7.1480236, 53.95656, 10), (11.109913, 43.169697, 10), (30.919357, 49.982452, 10), (26.999027, 61.18119, 10), (25.073494, 65.90114, 10)]
            custom double urbantwin:heightMetres = 10
            custom string urbantwin:heightSource = "inferred_from_building_type"
        }

        over "osm_way_232225108"
        {
            float3[] extent = [(-15.203403, 36.37921, 0.04), (4.4259567, 49.926792, 9)]
            point3f[] points = [(4.4259567, 40.84312, 0.04), (0.92813486, 49.592834, 0.04), (-2.3757482, 48.435112, 0.04), (-2.9298584, 49.926792, 0.04), (-15.203403, 45.596462, 0.04), (-14.524618, 44.750435, 0.04), (-7.778324, 36.37921, 0.04), (4.4259567, 40.84312, 9), (0.92813486, 49.592834, 9), (-2.3757482, 48.435112, 9), (-2.9298584, 49.926792, 9), (-15.203403, 45.596462, 9), (-14.524618, 44.750435, 9), (-7.778324, 36.37921, 9)]
            custom double urbantwin:heightMetres = 9
            custom string urbantwin:heightSource = "inferred_from_neighbours"
        }

        over "osm_way_257090286"
        {
            float3[] extent = [(-40.512394, 345.17947, 0.04), (-31.362646, 358.50443, 7)]
            point3f[] points = [(-35.345314, 358.50443, 0.04), (-40.512394, 356.7233, 0.04), (-36.53665, 345.17947, 0.04), (-31.362646, 346.9606, 0.04), (-35.345314, 358.50443, 7), (-40.512394, 356.7233, 7), (-36.53665, 345.17947, 7), (-31.362646, 346.9606, 7)]
            custom double urbantwin:heightMetres = 7
            custom string urbantwin:heightSource = "inferred_from_building_type"
        }

        over "osm_way_257090734"
        {
            float3[] extent = [(-46.226658, 343.20914, 0.04), (-36.53665, 356.7233, 7)]
            point3f[] points = [(-40.512394, 356.7233, 0.04), (-46.226658, 354.75296, 0.04), (-42.250916, 343.20914, 0.04), (-36.53665, 345.17947, 0.04), (-40.512394, 356.7233, 7), (-46.226658, 354.75296, 7), (-42.250916, 343.20914, 7), (-36.53665, 345.17947, 7)]
            custom double urbantwin:heightMetres = 7
            custom string urbantwin:heightSource = "inferred_from_building_type"
        }

        over "osm_way_257099592"
        {
            float3[] extent = [(-54.94004, 238.95842, 0.04), (-43.705456, 247.00682, 24)]
            point3f[] points = [(-45.256966, 247.00682, 0.04), (-44.495064, 244.64685, 0.04), (-43.705456, 242.18669, 0.04), (-53.305416, 238.95842, 0.04), (-54.94004, 244.04572, 0.04), (-45.256966, 247.00682, 24), (-44.495064, 244.64685, 24), (-43.705456, 242.18669, 24), (-53.305416, 238.95842, 24), (-54.94004, 244.04572, 24)]
            custom double urbantwin:heightMetres = 24
            custom string urbantwin:heightSource = "inferred_from_neighbours"
        }

        over "osm_way_257100766"
        {
            float3[] extent = [(-94.51737, 365.6734, 0.04), (-81.98756, 376.8944, 7)]
            point3f[] points = [(-84.40486, 376.8944, 0.04), (-90.52085, 375.0131, 0.04), (-94.51737, 372.40823, 0.04), (-90.04986, 365.6734, 0.04), (-88.08277, 366.9981, 0.04), (-81.98756, 368.8794, 0.04), (-84.40486, 376.8944, 7), (-90.52085, 375.0131, 7), (-94.51737, 372.40823, 7), (-90.04986, 365.6734, 7), (-88.08277, 366.9981, 7), (-81.98756, 368.8794, 7)]
            custom double urbantwin:heightMetres = 7
            custom string urbantwin:heightSource = "inferred_from_building_type"
        }

        over "osm_way_27445198"
        {
            float3[] extent = [(59.78851, -51.81922, 0.04), (87.3555, -28.030249, 18)]
            point3f[] points = [(78.4274, -28.030249, 0.04), (82.92954, -36.76883, 0.04), (87.3555, -45.35156, 0.04), (76.73043, -50.850742, 0.04), (74.9088, -47.611347, 0.04), (66.569435, -51.81922, 0.04), (59.78851, -37.726177, 0.04), (78.4274, -28.030249, 18), (82.92954, -36.76883, 18), (87.3555, -45.35156, 18), (76.73043, -50.850742, 18), (74.9088, -47.611347, 18), (66.569435, -51.81922, 18), (59.78851, -37.726177, 18)]
            custom double urbantwin:heightMetres = 18
            custom string urbantwin:heightSource = "inferred_from_building_type"
        }

        over "osm_way_28226880"
        {
            float3[] extent = [(267.33746, 53.088264, 0.04), (357.29037, 99.48623, 16)]
            point3f[] points = [(267.33746, 76.32064, 0.04), (310.75894, 91.97216, 0.04), (331.53116, 99.48623, 0.04), (337.88266, 82.52114, 0.04), (350.28778, 86.91826, 0.04), (357.29037, 67.53754, 0.04), (330.08356, 56.962185, 0.04), (320.81604, 56.450115, 0.04), (312.4559, 53.088264, 0.04), (303.22998, 70.06449, 0.04), (291.53824, 64.67662, 0.04), (294.3088, 59.28876, 0.04), (275.46906, 53.244114, 0.04), (267.33746, 76.32064, 16), (310.75894, 91.97216, 16), (331.53116, 99.48623, 16), (337.88266, 82.52114, 16), (350.28778, 86.91826, 16), (357.29037, 67.53754, 16), (330.08356, 56.962185, 16), (320.81604, 56.450115, 16), (312.4559, 53.088264, 16), (303.22998, 70.06449, 16), (291.53824, 64.67662, 16), (294.3088, 59.28876, 16), (275.46906, 53.244114, 16)]
            custom double urbantwin:heightMetres = 16
            custom string urbantwin:heightSource = "inferred_from_building_type"
        }

        over "osm_way_28226924"
        {
            float3[] extent = [(65.19801, -92.82932, 0.04), (103.5563, -62.906643, 15)]
            point3f[] points = [(96.58836, -62.906643, 0.04), (103.5563, -75.19632, 0.04), (92.8966, -80.63984, 0.04), (72.63001, -92.82932, 0.04), (65.19801, -80.99606, 0.04), (66.43091, -80.33928, 0.04), (69.644745, -78.61382, 0.04), (73.14949, -76.74366, 0.04), (75.76766, -81.29662, 0.04), (81.51656, -78.24647, 0.04), (79.653366, -75.50801, 0.04), (86.2542, -72.146164, 0.04), (84.875854, -69.674866, 0.04), (86.55204, -68.739784, 0.04), (96.58836, -62.906643, 15), (103.5563, -75.19632, 15), (92.8966, -80.63984, 15), (72.63001, -92.82932, 15), (65.19801, -80.99606, 15), (66.43091, -80.33928, 15), (69.644745, -78.61382, 15), (73.14949, -76.74366, 15), (75.76766, -81.29662, 15), (81.51656, -78.24647, 15), (79.653366, -75.50801, 15), (86.2542, -72.146164, 15), (84.875854, -69.674866, 15), (86.55204, -68.739784, 15)]
            custom double urbantwin:heightMetres = 15
            custom string urbantwin:heightSource = "inferred_from_neighbours"
        }

        over "osm_way_284128249"
        {
            float3[] extent = [(55.32099, 59.889885, 0.04), (93.11132, 82.53227, 9)]
            point3f[] points = [(89.2187, 82.53227, 0.04), (55.32099, 70.58769, 0.04), (58.81189, 59.889885, 0.04), (93.11132, 72.00145, 0.04), (89.2187, 82.53227, 9), (55.32099, 70.58769, 9), (58.81189, 59.889885, 9), (93.11132, 72.00145, 9)]
            custom double urbantwin:heightMetres = 9
            custom string urbantwin:heightSource = "inferred_from_neighbours"
        }

        over "osm_way_284128255"
        {
            float3[] extent = [(26.999027, 49.982452, 0.04), (37.908073, 63.630222, 9)]
            point3f[] points = [(37.908073, 52.44261, 0.04), (34.34099, 62.48363, 0.04), (33.911552, 63.630222, 0.04), (26.999027, 61.18119, 0.04), (30.919357, 49.982452, 0.04), (37.908073, 52.44261, 9), (34.34099, 62.48363, 9), (33.911552, 63.630222, 9), (26.999027, 61.18119, 9), (30.919357, 49.982452, 9)]
            custom double urbantwin:heightMetres = 9
            custom string urbantwin:heightSource = "inferred_from_neighbours"
        }

        over "osm_way_290457607"
        {
            float3[] extent = [(-72.85859, 295.24155, 0.04), (-62.282005, 302.62204, 15)]
            point3f[] points = [(-63.70884, 302.62204, 0.04), (-62.282005, 298.12473, 0.04), (-71.32786, 295.24155, 0.04), (-72.85859, 299.56076, 0.04), (-63.70884, 302.62204, 15), (-62.282005, 298.12473, 15), (-71.32786, 295.24155, 15), (-72.85859, 299.56076, 15)]
            custom double urbantwin:heightMetres = 15
            custom string urbantwin:heightSource = "inferred_from_neighbours"
        }

        over "osm_way_290457608"
        {
            float3[] extent = [(-71.32786, 289.92047, 0.04), (-60.536556, 298.12473, 7)]
            point3f[] points = [(-62.282005, 298.12473, 0.04), (-60.536556, 292.9929, 0.04), (-69.6586, 289.92047, 0.04), (-71.32786, 295.24155, 0.04), (-62.282005, 298.12473, 7), (-60.536556, 292.9929, 7), (-69.6586, 289.92047, 7), (-71.32786, 295.24155, 7)]
            custom double urbantwin:heightMetres = 7
            custom string urbantwin:heightSource = "inferred_from_building_type"
        }

        over "osm_way_290457609"
        {
            float3[] extent = [(-69.6586, 284.62167, 0.04), (-58.645657, 292.9929, 15)]
            point3f[] points = [(-60.536556, 292.9929, 0.04), (-58.645657, 287.4492, 0.04), (-67.850815, 284.62167, 0.04), (-69.6586, 289.92047, 0.04), (-60.536556, 292.9929, 15), (-58.645657, 287.4492, 15), (-67.850815, 284.62167, 15), (-69.6586, 289.92047, 15)]
            custom double urbantwin:heightMetres = 15
            custom string urbantwin:heightSource = "inferred_from_neighbours"
        }

        over "osm_way_290457610"
        {
            float3[] extent = [(-67.850815, 279.24493, 0.04), (-56.87943, 287.4492, 7)]
            point3f[] points = [(-58.645657, 287.4492, 0.04), (-67.850815, 284.62167, 0.04), (-66.14693, 279.24493, 0.04), (-56.87943, 282.25058, 0.04), (-58.645657, 287.4492, 7), (-67.850815, 284.62167, 7), (-66.14693, 279.24493, 7), (-56.87943, 282.25058, 7)]
            custom double urbantwin:heightMetres = 7
            custom string urbantwin:heightSource = "inferred_from_building_type"
        }

        over "osm_way_290457611"
        {
            float3[] extent = [(-66.14693, 274.13538, 0.04), (-55.189392, 282.25058, 7)]
            point3f[] points = [(-56.87943, 282.25058, 0.04), (-55.189392, 277.09647, 0.04), (-64.56078, 274.13538, 0.04), (-66.14693, 279.24493, 0.04), (-56.87943, 282.25058, 7), (-55.189392, 277.09647, 7), (-64.56078, 274.13538, 7), (-66.14693, 279.24493, 7)]
            custom double urbantwin:heightMetres = 7
            custom string urbantwin:heightSource = "inferred_from_building_type"
        }

        over "osm_way_290457612"
        {
            float3[] extent = [(-62.981567, 263.81607, 0.04), (-51.746983, 271.8422, 7)]
            point3f[] points = [(-53.43702, 271.8422, 0.04), (-51.746983, 266.69925, 0.04), (-61.381577, 263.81607, 0.04), (-62.981567, 268.99243, 0.04), (-53.43702, 271.8422, 7), (-51.746983, 266.69925, 7), (-61.381577, 263.81607, 7), (-62.981567, 268.99243, 7)]
            custom double urbantwin:heightMetres = 7
            custom string urbantwin:heightSource = "inferred_from_building_type"
        }

        over "osm_way_290457613"
        {
            float3[] extent = [(-61.381577, 258.85123, 0.04), (-50.146988, 266.69925, 24)]
            point3f[] points = [(-51.746983, 266.69925, 0.04), (-50.146988, 261.93475, 0.04), (-59.753876, 258.85123, 0.04), (-61.381577, 263.81607, 0.04), (-51.746983, 266.69925, 24), (-50.146988, 261.93475, 24), (-59.753876, 258.85123, 24), (-61.381577, 263.81607, 24)]
            custom double urbantwin:heightMetres = 24
            custom string urbantwin:heightSource = "inferred_from_neighbours"
        }

        over "osm_way_290457614"
        {
            float3[] extent = [(-59.753876, 254.0422, 0.04), (-48.47773, 261.93475, 24)]
            point3f[] points = [(-50.146988, 261.93475, 0.04), (-48.47773, 256.95877, 0.04), (-58.306263, 254.0422, 0.04), (-59.753876, 258.85123, 0.04), (-50.146988, 261.93475, 24), (-48.47773, 256.95877, 24), (-58.306263, 254.0422, 24), (-59.753876, 258.85123, 24)]
            custom double urbantwin:heightMetres = 24
            custom string urbantwin:heightSource = "inferred_from_neighbours"
        }

        over "osm_way_290457615"
        {
            float3[] extent = [(-58.306263, 249.16641, 0.04), (-47.00241, 256.95877, 24)]
            point3f[] points = [(-48.47773, 256.95877, 0.04), (-47.778168, 254.49863, 0.04), (-47.00241, 252.11638, 0.04), (-56.623154, 249.16641, 0.04), (-58.306263, 254.0422, 0.04), (-48.47773, 256.95877, 24), (-47.778168, 254.49863, 24), (-47.00241, 252.11638, 24), (-56.623154, 249.16641, 24), (-58.306263, 254.0422, 24)]
            custom double urbantwin:heightMetres = 24
            custom string urbantwin:heightSource = "inferred_from_neighbours"
        }

        over "osm_way_290457616"
        {
            float3[] extent = [(-56.623154, 244.04572, 0.04), (-45.256966, 252.11638, 24)]
            point3f[] points = [(-47.00241, 252.11638, 0.04), (-45.256966, 247.00682, 0.04), (-54.94004, 244.04572, 0.04), (-56.623154, 249.16641, 0.04), (-47.00241, 252.11638, 24), (-45.256966, 247.00682, 24), (-54.94004, 244.04572, 24), (-56.623154, 249.16641, 24)]
            custom double urbantwin:heightMetres = 24
            custom string urbantwin:heightSource = "inferred_from_neighbours"
        }

        over "osm_way_290457617"
        {
            float3[] extent = [(-50.347855, 205.44012, 0.04), (-32.23537, 226.25687, 24)]
            point3f[] points = [(-38.365215, 226.25687, 0.04), (-32.23537, 209.91516, 0.04), (-44.598957, 205.44012, 0.04), (-48.35998, 216.69452, 0.04), (-50.347855, 222.23824, 0.04), (-38.365215, 226.25687, 24), (-32.23537, 209.91516, 24), (-44.598957, 205.44012, 24), (-48.35998, 216.69452, 24), (-50.347855, 222.23824, 24)]
            custom double urbantwin:heightMetres = 24
            custom string urbantwin:heightSource = "inferred_from_neighbours"
        }

        over "osm_way_291651302"
        {
            float3[] extent = [(81.53041, 122.718605, 0.04), (104.006516, 138.8822, 7)]
            point3f[] points = [(81.53041, 133.0268, 0.04), (82.84643, 129.34212, 0.04), (92.5295, 122.718605, 0.04), (104.006516, 126.33649, 0.04), (99.372765, 138.8822, 0.04), (81.53041, 133.0268, 7), (82.84643, 129.34212, 7), (92.5295, 122.718605, 7), (104.006516, 126.33649, 7), (99.372765, 138.8822, 7)]
            custom double urbantwin:heightMetres = 7
            custom string urbantwin:heightSource = "inferred_from_building_type"
        }

        over "osm_way_306452417"
        {
            float3[] extent = [(-350.17697, 319.16412, 0.04), (-347.6627, 321.0788, 15)]
            point3f[] points = [(-350.17697, 320.04355, 0.04), (-349.3735, 320.52222, 0.04), (-348.66702, 320.82278, 0.04), (-348.2653, 321.0788, 0.04), (-347.83585, 321.05655, 0.04), (-347.6627, 320.6558, 0.04), (-347.7389, 320.14374, 0.04), (-348.2168, 319.77637, 0.04), (-348.61853, 319.31995, 0.04), (-349.24884, 319.16412, 0.04), (-349.77524, 319.16412, 0.04), (-350.0246, 319.59827, 0.04), (-350.17697, 320.04355, 15), (-349.3735, 320.52222, 15), (-348.66702, 320.82278, 15), (-348.2653, 321.0788, 15), (-347.83585, 321.05655, 15), (-347.6627, 320.6558, 15), (-347.7389, 320.14374, 15), (-348.2168, 319.77637, 15), (-348.61853, 319.31995, 15), (-349.24884, 319.16412, 15), (-349.77524, 319.16412, 15), (-350.0246, 319.59827, 15)]
            custom double urbantwin:heightMetres = 15
            custom string urbantwin:heightSource = "inferred_from_neighbours"
        }

        over "osm_way_306452425"
        {
            float3[] extent = [(-304.3659, 215.2585, 0.04), (-303.1053, 216.5164, 15)]
            point3f[] points = [(-304.2135, 216.5164, 0.04), (-303.1053, 216.37169, 0.04), (-303.25766, 215.2585, 0.04), (-304.3659, 215.41435, 0.04), (-304.2135, 216.5164, 15), (-303.1053, 216.37169, 15), (-303.25766, 215.2585, 15), (-304.3659, 215.41435, 15)]
            custom double urbantwin:heightMetres = 15
            custom string urbantwin:heightSource = "inferred_from_neighbours"
        }

        over "osm_way_32983899"
        {
            float3[] extent = [(238.66226, -3.6735432, 0.04), (305.58493, 74.5284, 18)]
            point3f[] points = [(268.55652, 49.75981, 0.04), (288.5807, 25.280657, 0.04), (297.86896, 31.169456, 0.04), (305.58493, 20.415995, 0.04), (297.51572, 15.317562, 0.04), (298.59622, 13.1468315, 0.04), (269.02057, -3.6735432, 0.04), (265.05176, 4.2635365, 0.04), (268.5773, 6.1671, 0.04), (267.98856, 10.430636, 0.04), (251.26826, 33.12868, 0.04), (249.92455, 34.95432, 0.04), (244.93063, 50.527916, 0.04), (243.8709, 51.429604, 0.04), (238.66226, 65.466995, 0.04), (260.03708, 74.5284, 0.04), (268.55652, 49.75981, 18), (288.5807, 25.280657, 18), (297.86896, 31.169456, 18), (305.58493, 20.415995, 18), (297.51572, 15.317562, 18), (298.59622, 13.1468315, 18), (269.02057, -3.6735432, 18), (265.05176, 4.2635365, 18), (268.5773, 6.1671, 18), (267.98856, 10.430636, 18), (251.26826, 33.12868, 18), (249.92455, 34.95432, 18), (244.93063, 50.527916, 18), (243.8709, 51.429604, 18), (238.66226, 65.466995, 18), (260.03708, 74.5284, 18)]
            custom double urbantwin:heightMetres = 18
            custom string urbantwin:heightSource = "inferred_from_neighbours"
        }

        over "osm_way_32983916"
        {
            float3[] extent = [(181.56812, 33.150944, 0.04), (240.76788, 64.58757, 20)]
            point3f[] points = [(235.393, 64.58757, 0.04), (240.76788, 49.770943, 0.04), (239.56961, 49.28114, 0.04), (237.64409, 48.501904, 0.04), (196.93774, 33.150944, 0.04), (195.0053, 37.63712, 0.04), (190.19145, 35.81148, 0.04), (184.57416, 34.063763, 0.04), (181.56812, 43.837616, 0.04), (187.67719, 45.852497, 0.04), (187.3655, 46.83211, 0.04), (235.393, 64.58757, 20), (240.76788, 49.770943, 20), (239.56961, 49.28114, 20), (237.64409, 48.501904, 20), (196.93774, 33.150944, 20), (195.0053, 37.63712, 20), (190.19145, 35.81148, 20), (184.57416, 34.063763, 20), (181.56812, 43.837616, 20), (187.67719, 45.852497, 20), (187.3655, 46.83211, 20)]
            custom double urbantwin:heightMetres = 20
            custom string urbantwin:heightSource = "inferred_from_building_type"
        }

        over "osm_way_331140098"
        {
            float3[] extent = [(-352.15793, -69.686005, 0.04), (-285.6716, -22.063522, 15)]
            point3f[] points = [(-324.77792, -33.607353, 0.04), (-328.4489, -36.123177, 0.04), (-326.75195, -38.583336, 0.04), (-322.18747, -45.195713, 0.04), (-320.8576, -47.23286, 0.04), (-321.96582, -47.989834, 0.04), (-329.74414, -53.277508, 0.04), (-335.6662, -44.572323, 0.04), (-342.05927, -35.16583, 0.04), (-342.4956, -34.742813, 0.04), (-352.15793, -41.377453, 0.04), (-332.70172, -69.686005, 0.04), (-314.30524, -57.262745, 0.04), (-311.4239, -55.314655, 0.04), (-308.3555, -53.23298, 0.04), (-295.63174, -44.65025, 0.04), (-293.11053, -48.334923, 0.04), (-285.79626, -43.325546, 0.04), (-288.25513, -39.663136, 0.04), (-286.83524, -38.238247, 0.04), (-286.011, -36.412605, 0.04), (-285.6716, -34.186214, 0.04), (-286.02484, -31.64813, 0.04), (-287.13306, -30.200977, 0.04), (-288.67072, -28.909672, 0.04), (-290.70706, -28.56458, 0.04), (-292.85425, -28.809484, 0.04), (-294.21182, -29.566456, 0.04), (-295.74255, -30.61286, 0.04), (-305.13474, -36.935806, 0.04), (-307.6213, -38.638996, 0.04), (-312.17886, -41.655754, 0.04), (-313.55026, -39.551815, 0.04), (-314.18057, -38.79484, 0.04), (-313.15546, -38.115795, 0.04), (-312.60828, -38.928425, 0.04), (-310.32257, -37.392216, 0.04), (-301.46375, -31.12493, 0.04), (-307.80832, -22.063522, 0.04), (-316.69485, -27.93006, 0.04), (-319.11908, -29.566456, 0.04), (-318.6827, -30.21211, 0.04), (-319.5693, -30.802103, 0.04), (-319.97104, -30.301165, 0.04), (-322.02124, -31.70379, 0.04), (-324.77792, -33.607353, 15), (-328.4489, -36.123177, 15), (-326.75195, -38.583336, 15), (-322.18747, -45.195713, 15), (-320.8576, -47.23286, 15), (-321.96582, -47.989834, 15), (-329.74414, -53.277508, 15), (-335.6662, -44.572323, 15), (-342.05927, -35.16583, 15), (-342.4956, -34.742813, 15), (-352.15793, -41.377453, 15), (-332.70172, -69.686005, 15), (-314.30524, -57.262745, 15), (-311.4239, -55.314655, 15), (-308.3555, -53.23298, 15), (-295.63174, -44.65025, 15), (-293.11053, -48.334923, 15), (-285.79626, -43.325546, 15), (-288.25513, -39.663136, 15), (-286.83524, -38.238247, 15), (-286.011, -36.412605, 15), (-285.6716, -34.186214, 15), (-286.02484, -31.64813, 15), (-287.13306, -30.200977, 15), (-288.67072, -28.909672, 15), (-290.70706, -28.56458, 15), (-292.85425, -28.809484, 15), (-294.21182, -29.566456, 15), (-295.74255, -30.61286, 15), (-305.13474, -36.935806, 15), (-307.6213, -38.638996, 15), (-312.17886, -41.655754, 15), (-313.55026, -39.551815, 15), (-314.18057, -38.79484, 15), (-313.15546, -38.115795, 15), (-312.60828, -38.928425, 15), (-310.32257, -37.392216, 15), (-301.46375, -31.12493, 15), (-307.80832, -22.063522, 15), (-316.69485, -27.93006, 15), (-319.11908, -29.566456, 15), (-318.6827, -30.21211, 15), (-319.5693, -30.802103, 15), (-319.97104, -30.301165, 15), (-322.02124, -31.70379, 15)]
            custom double urbantwin:heightMetres = 15
            custom string urbantwin:heightSource = "osm_building_part_levels"
        }

        over "osm_way_34019128"
        {
            float3[] extent = [(330.08356, 23.677656, 0.04), (369.97256, 67.53754, 21)]
            point3f[] points = [(369.97256, 34.820736, 0.04), (342.45407, 23.677656, 0.04), (330.08356, 56.962185, 0.04), (357.29037, 67.53754, 0.04), (369.97256, 34.820736, 21), (342.45407, 23.677656, 21), (330.08356, 56.962185, 21), (357.29037, 67.53754, 21)]
            custom double urbantwin:heightMetres = 21
            custom string urbantwin:heightSource = "inferred_from_neighbours"
        }

        over "osm_way_393476509"
        {
            float3[] extent = [(178.09106, -182.77547, 0.04), (194.50659, -164.64153, 7.5)]
            point3f[] points = [(185.57849, -164.64153, 0.04), (178.09106, -168.92732, 0.04), (184.80966, -180.627, 0.04), (188.27977, -178.50081, 0.04), (190.69708, -182.77547, 0.04), (194.50659, -180.77173, 0.04), (190.11526, -172.95709, 0.04), (185.57849, -164.64153, 7.5), (178.09106, -168.92732, 7.5), (184.80966, -180.627, 7.5), (188.27977, -178.50081, 7.5), (190.69708, -182.77547, 7.5), (194.50659, -180.77173, 7.5), (190.11526, -172.95709, 7.5)]
            custom double urbantwin:heightMetres = 7.5
            custom string urbantwin:heightSource = "inferred_from_building_type"
        }

        over "osm_way_393476513"
        {
            float3[] extent = [(170.93613, -184.7347, 0.04), (184.80966, -168.92732, 8)]
            point3f[] points = [(178.09106, -168.92732, 0.04), (170.93613, -173.04614, 0.04), (177.64778, -184.7347, 0.04), (184.80966, -180.627, 0.04), (178.09106, -168.92732, 8), (170.93613, -173.04614, 8), (177.64778, -184.7347, 8), (184.80966, -180.627, 8)]
            custom double urbantwin:heightMetres = 8
            custom string urbantwin:heightSource = "inferred_from_building_type"
        }

        over "osm_way_393476518"
        {
            float3[] extent = [(82.604004, -331.83228, 0.04), (148.03058, -282.18378, 15)]
            point3f[] points = [(88.67151, -331.83228, 0.04), (138.34058, -297.67944, 0.04), (148.03058, -291.0114, 0.04), (141.96307, -282.18378, 0.04), (131.13022, -289.63104, 0.04), (82.604004, -323.00464, 0.04), (88.67151, -331.83228, 15), (138.34058, -297.67944, 15), (148.03058, -291.0114, 15), (141.96307, -282.18378, 15), (131.13022, -289.63104, 15), (82.604004, -323.00464, 15)]
            custom double urbantwin:heightMetres = 15
            custom string urbantwin:heightSource = "inferred_from_neighbours"
        }

        over "osm_way_40269407"
        {
            float3[] extent = [(-367.6245, 179.19098, 0.04), (-318.16324, 252.7843, 3)]
            point3f[] points = [(-366.19077, 244.86948, 0.04), (-357.983, 232.44623, 0.04), (-367.6245, 226.07875, 0.04), (-341.9138, 187.11693, 0.04), (-344.87137, 185.16884, 0.04), (-349.8999, 181.85152, 0.04), (-348.14062, 179.19098, 0.04), (-342.59952, 182.84227, 0.04), (-329.00995, 191.81462, 0.04), (-328.64285, 191.25801, 0.04), (-318.16324, 198.17096, 0.04), (-354.2012, 252.7843, 0.04), (-363.96048, 246.3389, 0.04), (-366.19077, 244.86948, 3), (-357.983, 232.44623, 3), (-367.6245, 226.07875, 3), (-341.9138, 187.11693, 3), (-344.87137, 185.16884, 3), (-349.8999, 181.85152, 3), (-348.14062, 179.19098, 3), (-342.59952, 182.84227, 3), (-329.00995, 191.81462, 3), (-328.64285, 191.25801, 3), (-318.16324, 198.17096, 3), (-354.2012, 252.7843, 3), (-363.96048, 246.3389, 3)]
            custom double urbantwin:heightMetres = 3
            custom string urbantwin:heightSource = "osm_building_part_levels"
        }

        over "osm_way_40407746"
        {
            float3[] extent = [(-188.75769, -217.60735, 0.04), (-156.49461, -190.5567, 6)]
            point3f[] points = [(-156.49461, -196.94644, 0.04), (-167.76384, -205.852, 0.04), (-170.54132, -202.69052, 0.04), (-178.03566, -208.5348, 0.04), (-175.15428, -211.95232, 0.04), (-183.07114, -217.60735, 0.04), (-188.75769, -209.74818, 0.04), (-180.84084, -204.04863, 0.04), (-173.55429, -198.74982, 0.04), (-169.5647, -196.2006, 0.04), (-171.15776, -194.00761, 0.04), (-166.93268, -190.8016, 0.04), (-165.2357, -193.13931, 0.04), (-161.5578, -190.5567, 0.04), (-156.49461, -196.94644, 6), (-167.76384, -205.852, 6), (-170.54132, -202.69052, 6), (-178.03566, -208.5348, 6), (-175.15428, -211.95232, 6), (-183.07114, -217.60735, 6), (-188.75769, -209.74818, 6), (-180.84084, -204.04863, 6), (-173.55429, -198.74982, 6), (-169.5647, -196.2006, 6), (-171.15776, -194.00761, 6), (-166.93268, -190.8016, 6), (-165.2357, -193.13931, 6), (-161.5578, -190.5567, 6)]
            custom double urbantwin:heightMetres = 6
            custom string urbantwin:heightSource = "osm_building_part_levels"
        }

        over "osm_way_40489868"
        {
            float3[] extent = [(104.30435, -11.799866, 0.04), (127.3969, 20.772217, 9)]
            point3f[] points = [(104.30435, 16.987354, 0.04), (106.631615, 10.163469, 0.04), (109.60303, 11.187609, 0.04), (112.484406, 3.1058137, 0.04), (109.416016, 2.2709177, 0.04), (114.146736, -11.799866, 0.04), (118.48958, -10.753463, 0.04), (127.3969, -8.604997, 0.04), (124.22462, -1.1799866, 0.04), (121.84194, -2.0037508, 0.04), (120.46359, 1.7811118, 0.04), (122.659256, 2.5046885, 0.04), (120.92766, 6.56785, 0.04), (118.406456, 5.5659747, 0.04), (115.55279, 13.302679, 0.04), (117.69997, 14.126443, 0.04), (115.05409, 20.772217, 0.04), (110.73895, 19.236008, 0.04), (107.435074, 18.05602, 0.04), (104.30435, 16.987354, 9), (106.631615, 10.163469, 9), (109.60303, 11.187609, 9), (112.484406, 3.1058137, 9), (109.416016, 2.2709177, 9), (114.146736, -11.799866, 9), (118.48958, -10.753463, 9), (127.3969, -8.604997, 9), (124.22462, -1.1799866, 9), (121.84194, -2.0037508, 9), (120.46359, 1.7811118, 9), (122.659256, 2.5046885, 9), (120.92766, 6.56785, 9), (118.406456, 5.5659747, 9), (115.55279, 13.302679, 9), (117.69997, 14.126443, 9), (115.05409, 20.772217, 9), (110.73895, 19.236008, 9), (107.435074, 18.05602, 9)]
            custom double urbantwin:heightMetres = 9
            custom string urbantwin:heightSource = "inferred_from_neighbours"
        }

        over "osm_way_40768584"
        {
            float3[] extent = [(-361.8133, -33.00623, 0.04), (-291.77374, 36.245625, 36)]
            point3f[] points = [(-320.91302, 36.245625, 0.04), (-318.0178, 31.948694, 0.04), (-317.37363, 31.002478, 0.04), (-313.3494, 33.718674, 0.04), (-291.77374, 1.7143202, 0.04), (-295.7564, -0.9684796, 0.04), (-295.52783, -1.31357, 0.04), (-292.80576, -5.3544674, 0.04), (-296.66376, -7.9593434, 0.04), (-297.73044, -8.671788, 0.04), (-296.48367, -10.530824, 0.04), (-319.9641, -26.360455, 0.04), (-321.28012, -24.412365, 0.04), (-325.27664, -27.106297, 0.04), (-327.97794, -28.89854, 0.04), (-330.0697, -30.312298, 0.04), (-334.0385, -33.00623, 0.04), (-335.56232, -30.746443, 0.04), (-336.88525, -28.78722, 0.04), (-340.93027, -22.642384, 0.04), (-342.68954, -23.844635, 0.04), (-360.19943, 1.8145077, 0.04), (-358.44016, 3.0167582, 0.04), (-358.98734, 3.9741058, 0.04), (-361.8133, 8.181983, 0.04), (-357.83755, 10.85365, 0.04), (-356.854, 11.521567, 0.04), (-359.112, 14.872284, 0.04), (-328.27576, 35.666763, 0.04), (-326.2394, 32.650005, 0.04), (-324.90955, 33.551693, 0.04), (-320.91302, 36.245625, 36), (-318.0178, 31.948694, 36), (-317.37363, 31.002478, 36), (-313.3494, 33.718674, 36), (-291.77374, 1.7143202, 36), (-295.7564, -0.9684796, 36), (-295.52783, -1.31357, 36), (-292.80576, -5.3544674, 36), (-296.66376, -7.9593434, 36), (-297.73044, -8.671788, 36), (-296.48367, -10.530824, 36), (-319.9641, -26.360455, 36), (-321.28012, -24.412365, 36), (-325.27664, -27.106297, 36), (-327.97794, -28.89854, 36), (-330.0697, -30.312298, 36), (-334.0385, -33.00623, 36), (-335.56232, -30.746443, 36), (-336.88525, -28.78722, 36), (-340.93027, -22.642384, 36), (-342.68954, -23.844635, 36), (-360.19943, 1.8145077, 36), (-358.44016, 3.0167582, 36), (-358.98734, 3.9741058, 36), (-361.8133, 8.181983, 36), (-357.83755, 10.85365, 36), (-356.854, 11.521567, 36), (-359.112, 14.872284, 36), (-328.27576, 35.666763, 36), (-326.2394, 32.650005, 36), (-324.90955, 33.551693, 36)]
            custom double urbantwin:heightMetres = 36
            custom string urbantwin:heightSource = "osm_building_part_levels"
        }

        over "osm_way_40914983"
        {
            float3[] extent = [(55.38333, -258.02744, 0.04), (112.553665, -189.56596, 21)]
            point3f[] points = [(55.99978, -197.54756, 0.04), (57.724445, -199.7517, 0.04), (55.38333, -201.57733, 0.04), (61.326164, -209.19159, 0.04), (63.452564, -207.53293, 0.04), (77.47156, -225.47763, 0.04), (75.16507, -227.281, 0.04), (78.559, -231.43323, 0.04), (75.31745, -234.0381, 0.04), (80.40834, -240.77293, 0.04), (83.38668, -237.81183, 0.04), (101.58921, -258.02744, 0.04), (102.96063, -256.86972, 0.04), (112.553665, -248.76567, 0.04), (91.72604, -221.459, 0.04), (88.85159, -223.70764, 0.04), (68.14865, -197.20248, 0.04), (70.662926, -195.24326, 0.04), (66.223114, -189.56596, 0.04), (55.99978, -197.54756, 21), (57.724445, -199.7517, 21), (55.38333, -201.57733, 21), (61.326164, -209.19159, 21), (63.452564, -207.53293, 21), (77.47156, -225.47763, 21), (75.16507, -227.281, 21), (78.559, -231.43323, 21), (75.31745, -234.0381, 21), (80.40834, -240.77293, 21), (83.38668, -237.81183, 21), (101.58921, -258.02744, 21), (102.96063, -256.86972, 21), (112.553665, -248.76567, 21), (91.72604, -221.459, 21), (88.85159, -223.70764, 21), (68.14865, -197.20248, 21), (70.662926, -195.24326, 21), (66.223114, -189.56596, 21)]
            custom double urbantwin:heightMetres = 21
            custom string urbantwin:heightSource = "inferred_from_building_type"
        }

        over "osm_way_422108308"
        {
            float3[] extent = [(324.0853, -361.03137, 0.04), (352.2826, -315.10095, 21)]
            point3f[] points = [(347.01163, -341.75082, 0.04), (345.5363, -342.45215, 0.04), (341.9415, -344.1442, 0.04), (335.59695, -329.9621, 0.04), (340.48004, -327.51306, 0.04), (339.88437, -326.21063, 0.04), (334.7935, -315.10095, 0.04), (328.50433, -320.61127, 0.04), (325.01343, -326.12158, 0.04), (324.0853, -329.72833, 0.04), (324.86105, -332.72284, 0.04), (331.45496, -348.9087, 0.04), (336.4004, -361.03137, 0.04), (337.12076, -360.77533, 0.04), (348.39688, -355.14258, 0.04), (350.04538, -354.32993, 0.04), (351.56918, -353.5841, 0.04), (352.2826, -353.239, 0.04), (347.01163, -341.75082, 21), (345.5363, -342.45215, 21), (341.9415, -344.1442, 21), (335.59695, -329.9621, 21), (340.48004, -327.51306, 21), (339.88437, -326.21063, 21), (334.7935, -315.10095, 21), (328.50433, -320.61127, 21), (325.01343, -326.12158, 21), (324.0853, -329.72833, 21), (324.86105, -332.72284, 21), (331.45496, -348.9087, 21), (336.4004, -361.03137, 21), (337.12076, -360.77533, 21), (348.39688, -355.14258, 21), (350.04538, -354.32993, 21), (351.56918, -353.5841, 21), (352.2826, -353.239, 21)]
            custom double urbantwin:heightMetres = 21
            custom string urbantwin:heightSource = "osm_building_part_levels"
        }

        over "osm_way_422108310"
        {
            float3[] extent = [(351.1051, -328.0363, 0.04), (361.8618, -316.90433, 21)]
            point3f[] points = [(351.1051, -320.38864, 0.04), (354.4367, -328.0363, 0.04), (361.8618, -324.60764, 0.04), (358.12845, -316.90433, 0.04), (351.1051, -320.38864, 21), (354.4367, -328.0363, 21), (361.8618, -324.60764, 21), (358.12845, -316.90433, 21)]
            custom double urbantwin:heightMetres = 21
            custom string urbantwin:heightSource = "inferred_from_neighbours"
        }

        over "osm_way_422108314"
        {
            float3[] extent = [(334.7935, -326.21063, 0.04), (358.12845, -303.5237, 21)]
            point3f[] points = [(334.7935, -315.10095, 0.04), (351.6315, -303.5237, 0.04), (358.12845, -316.90433, 0.04), (351.1051, -320.38864, 0.04), (347.15707, -322.34784, 0.04), (347.7181, -324.4184, 0.04), (344.15103, -325.73196, 0.04), (343.29907, -324.22916, 0.04), (339.88437, -326.21063, 0.04), (334.7935, -315.10095, 21), (351.6315, -303.5237, 21), (358.12845, -316.90433, 21), (351.1051, -320.38864, 21), (347.15707, -322.34784, 21), (347.7181, -324.4184, 21), (344.15103, -325.73196, 21), (343.29907, -324.22916, 21), (339.88437, -326.21063, 21)]
            custom double urbantwin:heightMetres = 21
            custom string urbantwin:heightSource = "inferred_from_neighbours"
        }

        over "osm_way_4256244"
        {
            float3[] extent = [(-63.81966, 119.34563, 0.04), (-2.2857053, 180.83852, 18)]
            point3f[] points = [(-63.81966, 164.65266, 0.04), (-18.285643, 180.83852, 0.04), (-2.2857053, 135.74298, 0.04), (-16.983482, 130.48871, 0.04), (-27.934088, 159.38725, 0.04), (-43.86476, 153.49844, 0.04), (-33.11502, 124.85594, 0.04), (-47.743534, 119.34563, 0.04), (-63.81966, 164.65266, 18), (-18.285643, 180.83852, 18), (-2.2857053, 135.74298, 18), (-16.983482, 130.48871, 18), (-27.934088, 159.38725, 18), (-43.86476, 153.49844, 18), (-33.11502, 124.85594, 18), (-47.743534, 119.34563, 18)]
            custom double urbantwin:heightMetres = 18
            custom string urbantwin:heightSource = "inferred_from_neighbours"
        }

        over "osm_way_51517608"
        {
            float3[] extent = [(-310.80743, -18.211868, 0.04), (-206.22603, 147.18663, 30)]
            point3f[] points = [(-302.77283, 137.31259, 0.04), (-290.9772, 119.77977, 0.04), (-293.43607, 118.12111, 0.04), (-293.13824, 117.675835, 0.04), (-310.80743, 105.79804, 0.04), (-277.93484, 56.95105, 0.04), (-265.28033, 65.466995, 0.04), (-262.3297, 61.081005, 0.04), (-261.10373, 59.2331, 0.04), (-259.7323, 57.21822, 0.04), (-259.05353, 56.216343, 0.04), (-257.14185, 53.38883, 0.04), (-245.60942, 36.234493, 0.04), (-248.53928, 34.26414, 0.04), (-260.71585, 26.059893, 0.04), (-263.65265, 24.089539, 0.04), (-265.7721, 22.664648, 0.04), (-268.321, 20.950329, 0.04), (-271.00153, 19.146952, 0.04), (-273.9037, 17.187729, 0.04), (-271.4656, 13.569846, 0.04), (-273.77206, 12.0113735, 0.04), (-276.72964, 10.029886, 0.04), (-279.895, 7.892552, 0.04), (-283.02573, 5.7886133, 0.04), (-281.70972, 3.8405225, 0.04), (-278.57898, 5.944461, 0.04), (-275.41364, 8.070663, 0.04), (-272.45605, 10.063282, 0.04), (-270.41278, 11.432511, 0.04), (-269.76862, 10.475164, 0.04), (-274.27078, 7.4472737, 0.04), (-278.01102, 4.931453, 0.04), (-281.12097, 2.8386471, 0.04), (-266.9496, -18.211868, 0.04), (-254.96695, -10.152338, 0.04), (-255.30635, -9.6514, 0.04), (-254.20505, -8.90556, 0.04), (-234.05621, 4.653155, 0.04), (-237.36702, 9.573476, 0.04), (-228.25883, 15.696048, 0.04), (-235.50383, 26.460644, 0.04), (-232.1861, 28.698164, 0.04), (-232.90643, 29.766832, 0.04), (-231.41034, 30.768707, 0.04), (-221.2632, 15.696048, 0.04), (-208.35934, 24.367836, 0.04), (-206.22603, 25.803858, 0.04), (-216.65715, 41.29953, 0.04), (-213.64418, 43.325546, 0.04), (-219.59393, 52.175446, 0.04), (-222.60692, 50.14943, 0.04), (-227.10905, 56.839733, 0.04), (-228.48741, 58.888012, 0.04), (-233.06575, 65.6785, 0.04), (-243.35834, 80.98493, 0.04), (-240.42155, 82.955284, 0.04), (-246.41287, 91.86085, 0.04), (-249.34967, 89.87936, 0.04), (-269.8656, 120.36977, 0.04), (-266.8457, 122.40691, 0.04), (-273.05173, 131.62416, 0.04), (-276.07162, 129.59814, 0.04), (-287.9088, 147.18663, 0.04), (-290.03522, 145.77287, 0.04), (-302.77283, 137.31259, 30), (-290.9772, 119.77977, 30), (-293.43607, 118.12111, 30), (-293.13824, 117.675835, 30), (-310.80743, 105.79804, 30), (-277.93484, 56.95105, 30), (-265.28033, 65.466995, 30), (-262.3297, 61.081005, 30), (-261.10373, 59.2331, 30), (-259.7323, 57.21822, 30), (-259.05353, 56.216343, 30), (-257.14185, 53.38883, 30), (-245.60942, 36.234493, 30), (-248.53928, 34.26414, 30), (-260.71585, 26.059893, 30), (-263.65265, 24.089539, 30), (-265.7721, 22.664648, 30), (-268.321, 20.950329, 30), (-271.00153, 19.146952, 30), (-273.9037, 17.187729, 30), (-271.4656, 13.569846, 30), (-273.77206, 12.0113735, 30), (-276.72964, 10.029886, 30), (-279.895, 7.892552, 30), (-283.02573, 5.7886133, 30), (-281.70972, 3.8405225, 30), (-278.57898, 5.944461, 30), (-275.41364, 8.070663, 30), (-272.45605, 10.063282, 30), (-270.41278, 11.432511, 30), (-269.76862, 10.475164, 30), (-274.27078, 7.4472737, 30), (-278.01102, 4.931453, 30), (-281.12097, 2.8386471, 30), (-266.9496, -18.211868, 30), (-254.96695, -10.152338, 30), (-255.30635, -9.6514, 30), (-254.20505, -8.90556, 30), (-234.05621, 4.653155, 30), (-237.36702, 9.573476, 30), (-228.25883, 15.696048, 30), (-235.50383, 26.460644, 30), (-232.1861, 28.698164, 30), (-232.90643, 29.766832, 30), (-231.41034, 30.768707, 30), (-221.2632, 15.696048, 30), (-208.35934, 24.367836, 30), (-206.22603, 25.803858, 30), (-216.65715, 41.29953, 30), (-213.64418, 43.325546, 30), (-219.59393, 52.175446, 30), (-222.60692, 50.14943, 30), (-227.10905, 56.839733, 30), (-228.48741, 58.888012, 30), (-233.06575, 65.6785, 30), (-243.35834, 80.98493, 30), (-240.42155, 82.955284, 30), (-246.41287, 91.86085, 30), (-249.34967, 89.87936, 30), (-269.8656, 120.36977, 30), (-266.8457, 122.40691, 30), (-273.05173, 131.62416, 30), (-276.07162, 129.59814, 30), (-287.9088, 147.18663, 30), (-290.03522, 145.77287, 30)]
            custom double urbantwin:heightMetres = 30
            custom string urbantwin:heightSource = "osm_building_part_levels"
        }

        over "osm_way_548533115"
        {
            float3[] extent = [(246.37825, -80.32815, 0.04), (273.9937, -56.227474, 21)]
            point3f[] points = [(264.4838, -56.227474, 0.04), (267.4206, -57.74142, 0.04), (273.9937, -68.6062, 0.04), (253.29077, -80.25022, 0.04), (251.04663, -80.32815, 0.04), (248.47002, -79.41532, 0.04), (247.36179, -77.7344, 0.04), (246.75227, -75.06273, 0.04), (246.89772, -73.43747, 0.04), (248.12369, -72.057106, 0.04), (247.63884, -70.83259, 0.04), (246.37825, -68.30564, 0.04), (261.5124, -59.611588, 0.04), (262.6206, -58.965935, 0.04), (261.6509, -57.496517, 0.04), (264.4838, -56.227474, 21), (267.4206, -57.74142, 21), (273.9937, -68.6062, 21), (253.29077, -80.25022, 21), (251.04663, -80.32815, 21), (248.47002, -79.41532, 21), (247.36179, -77.7344, 21), (246.75227, -75.06273, 21), (246.89772, -73.43747, 21), (248.12369, -72.057106, 21), (247.63884, -70.83259, 21), (246.37825, -68.30564, 21), (261.5124, -59.611588, 21), (262.6206, -58.965935, 21), (261.6509, -57.496517, 21)]
            custom double urbantwin:heightMetres = 21
            custom string urbantwin:heightSource = "inferred_from_neighbours"
        }

        over "osm_way_548533117"
        {
            float3[] extent = [(237.64409, 32.293785, 0.04), (249.55745, 49.28114, 9)]
            point3f[] points = [(239.56961, 49.28114, 0.04), (249.55745, 33.340187, 0.04), (247.8882, 32.293785, 0.04), (247.13322, 33.4849, 0.04), (237.64409, 48.501904, 0.04), (239.56961, 49.28114, 9), (249.55745, 33.340187, 9), (247.8882, 32.293785, 9), (247.13322, 33.4849, 9), (237.64409, 48.501904, 9)]
            custom double urbantwin:heightMetres = 9
            custom string urbantwin:heightSource = "inferred_from_neighbours"
        }

        over "osm_way_548533118"
        {
            float3[] extent = [(200.37323, 18.946577, 0.04), (244.23106, 44.705906, 9)]
            point3f[] points = [(200.37323, 29.154575, 0.04), (239.34798, 44.705906, 0.04), (244.23106, 36.791092, 0.04), (213.20781, 18.946577, 0.04), (208.581, 27.540442, 0.04), (206.49615, 26.416115, 0.04), (205.78966, 27.76308, 0.04), (202.19487, 25.781593, 0.04), (200.37323, 29.154575, 9), (239.34798, 44.705906, 9), (244.23106, 36.791092, 9), (213.20781, 18.946577, 9), (208.581, 27.540442, 9), (206.49615, 26.416115, 9), (205.78966, 27.76308, 9), (202.19487, 25.781593, 9)]
            custom double urbantwin:heightMetres = 9
            custom string urbantwin:heightSource = "inferred_from_neighbours"
        }

        over "osm_way_548533121"
        {
            float3[] extent = [(191.18193, 8.271038, 0.04), (211.66324, 33.150944, 9)]
            point3f[] points = [(191.18193, 30.880026, 0.04), (196.93774, 33.150944, 0.04), (200.37323, 29.154575, 0.04), (202.19487, 25.781593, 0.04), (205.78966, 27.76308, 0.04), (206.49615, 26.416115, 0.04), (211.66324, 16.597736, 0.04), (207.9507, 14.605117, 0.04), (209.239, 11.900054, 0.04), (210.41649, 9.551212, 0.04), (208.18619, 8.271038, 0.04), (206.23988, 11.076289, 0.04), (202.85287, 9.406497, 0.04), (191.18193, 30.880026, 9), (196.93774, 33.150944, 9), (200.37323, 29.154575, 9), (202.19487, 25.781593, 9), (205.78966, 27.76308, 9), (206.49615, 26.416115, 9), (211.66324, 16.597736, 9), (207.9507, 14.605117, 9), (209.239, 11.900054, 9), (210.41649, 9.551212, 9), (208.18619, 8.271038, 9), (206.23988, 11.076289, 9), (202.85287, 9.406497, 9)]
            custom double urbantwin:heightMetres = 9
            custom string urbantwin:heightSource = "inferred_from_neighbours"
        }

        over "osm_way_548533124"
        {
            float3[] extent = [(184.62958, -16.809242, 0.04), (263.45178, 33.4849, 9)]
            point3f[] points = [(247.13322, 33.4849, 0.04), (247.8882, 32.293785, 0.04), (248.3107, 31.581339, 0.04), (251.26826, 33.12868, 0.04), (255.20938, 24.824247, 0.04), (253.78255, 24.44576, 0.04), (255.81198, 20.382599, 0.04), (258.59637, 21.128439, 0.04), (260.73663, 17.043015, 0.04), (258.9981, 16.352833, 0.04), (260.16867, 14.315686, 0.04), (261.53317, 14.716436, 0.04), (263.45178, 10.675539, 0.04), (261.47775, 9.796115, 0.04), (262.5652, 8.348962, 0.04), (250.39555, 1.5807368, 0.04), (242.70033, 16.152458, 0.04), (221.34631, 4.7088146, 0.04), (228.7229, -8.148586, 0.04), (221.49869, -12.300804, 0.04), (222.21211, -13.447394, 0.04), (216.36624, -16.809242, 0.04), (209.56454, -4.7644744, 0.04), (212.14116, -3.3507166, 0.04), (209.75156, 1.2356464, 0.04), (203.69096, -2.215258, 0.04), (192.27629, -8.705184, 0.04), (184.62958, 5.8331413, 0.04), (196.41135, 12.712686, 0.04), (199.49358, 8.215379, 0.04), (201.71695, 4.552967, 0.04), (208.18619, 8.271038, 0.04), (210.41649, 9.551212, 0.04), (209.239, 11.900054, 0.04), (216.36624, 15.718312, 0.04), (215.7775, 16.887167, 0.04), (217.10043, 17.47716, 0.04), (216.65715, 18.801863, 0.04), (236.48738, 30.256638, 0.04), (238.24667, 29.744568, 0.04), (239.34798, 28.353075, 0.04), (240.89255, 29.521929, 0.04), (247.13322, 33.4849, 9), (247.8882, 32.293785, 9), (248.3107, 31.581339, 9), (251.26826, 33.12868, 9), (255.20938, 24.824247, 9), (253.78255, 24.44576, 9), (255.81198, 20.382599, 9), (258.59637, 21.128439, 9), (260.73663, 17.043015, 9), (258.9981, 16.352833, 9), (260.16867, 14.315686, 9), (261.53317, 14.716436, 9), (263.45178, 10.675539, 9), (261.47775, 9.796115, 9), (262.5652, 8.348962, 9), (250.39555, 1.5807368, 9), (242.70033, 16.152458, 9), (221.34631, 4.7088146, 9), (228.7229, -8.148586, 9), (221.49869, -12.300804, 9), (222.21211, -13.447394, 9), (216.36624, -16.809242, 9), (209.56454, -4.7644744, 9), (212.14116, -3.3507166, 9), (209.75156, 1.2356464, 9), (203.69096, -2.215258, 9), (192.27629, -8.705184, 9), (184.62958, 5.8331413, 9), (196.41135, 12.712686, 9), (199.49358, 8.215379, 9), (201.71695, 4.552967, 9), (208.18619, 8.271038, 9), (210.41649, 9.551212, 9), (209.239, 11.900054, 9), (216.36624, 15.718312, 9), (215.7775, 16.887167, 9), (217.10043, 17.47716, 9), (216.65715, 18.801863, 9), (236.48738, 30.256638, 9), (238.24667, 29.744568, 9), (239.34798, 28.353075, 9), (240.89255, 29.521929, 9)]
            custom double urbantwin:heightMetres = 9
            custom string urbantwin:heightSource = "inferred_from_neighbours"
        }

        over "osm_way_548533129"
        {
            float3[] extent = [(292.17548, -23.64426, 0.04), (342.44714, 54.301647, 21)]
            point3f[] points = [(296.5668, 52.30903, 0.04), (300.23083, 54.301647, 0.04), (302.67587, 50.30528, 0.04), (309.23514, 54.09014, 0.04), (312.15808, 47.967567, 0.04), (322.49222, 53.489014, 0.04), (340.84714, 19.59223, 0.04), (331.74588, 14.360214, 0.04), (342.44714, -6.757093, 0.04), (308.307, -23.64426, 0.04), (305.80658, -18.67941, 0.04), (311.31305, -15.785104, 0.04), (298.67935, 8.371225, 0.04), (300.51483, 9.361969, 0.04), (306.0213, 12.345331, 0.04), (302.8698, 18.145077, 0.04), (307.16415, 20.783348, 0.04), (300.09232, 30.312298, 0.04), (299.70444, 31.436625, 0.04), (305.13474, 33.99697, 0.04), (301.65076, 40.49803, 0.04), (295.5694, 37.470142, 0.04), (292.17548, 44.639114, 0.04), (298.5893, 47.7338, 0.04), (296.5668, 52.30903, 21), (300.23083, 54.301647, 21), (302.67587, 50.30528, 21), (309.23514, 54.09014, 21), (312.15808, 47.967567, 21), (322.49222, 53.489014, 21), (340.84714, 19.59223, 21), (331.74588, 14.360214, 21), (342.44714, -6.757093, 21), (308.307, -23.64426, 21), (305.80658, -18.67941, 21), (311.31305, -15.785104, 21), (298.67935, 8.371225, 21), (300.51483, 9.361969, 21), (306.0213, 12.345331, 21), (302.8698, 18.145077, 21), (307.16415, 20.783348, 21), (300.09232, 30.312298, 21), (299.70444, 31.436625, 21), (305.13474, 33.99697, 21), (301.65076, 40.49803, 21), (295.5694, 37.470142, 21), (292.17548, 44.639114, 21), (298.5893, 47.7338, 21)]
            custom double urbantwin:heightMetres = 21
            custom string urbantwin:heightSource = "inferred_from_neighbours"
        }

        over "osm_way_548547983"
        {
            float3[] extent = [(199.16805, -163.82889, 0.04), (252.74359, -116.07283, 15)]
            point3f[] points = [(214.86322, -120.48109, 0.04), (199.16805, -128.96362, 0.04), (202.49963, -134.59639, 0.04), (205.11087, -133.06018, 0.04), (212.72989, -146.10683, 0.04), (210.57579, -147.23116, 0.04), (212.03033, -149.99188, 0.04), (208.93423, -151.60602, 0.04), (215.29265, -163.82889, 0.04), (225.30127, -158.61914, 0.04), (224.46318, -157.12746, 0.04), (232.6363, -152.99751, 0.04), (233.56444, -154.62277, 0.04), (243.62848, -149.61339, 0.04), (238.39214, -139.80615, 0.04), (252.74359, -132.38113, 0.04), (248.80247, -125.45707, 0.04), (248.28993, -124.666695, 0.04), (250.23624, -123.59803, 0.04), (245.96266, -116.07283, 0.04), (232.40082, -123.40879, 0.04), (235.79474, -130.64456, 0.04), (222.40605, -137.346, 0.04), (221.0277, -134.79677, 0.04), (220.12727, -135.28658, 0.04), (218.47879, -132.21416, 0.04), (215.0433, -133.99527, 0.04), (213.755, -131.52397, 0.04), (216.484, -130.344, 0.04), (215.2026, -127.91723, 0.04), (217.88312, -126.36989, 0.04), (214.86322, -120.48109, 15), (199.16805, -128.96362, 15), (202.49963, -134.59639, 15), (205.11087, -133.06018, 15), (212.72989, -146.10683, 15), (210.57579, -147.23116, 15), (212.03033, -149.99188, 15), (208.93423, -151.60602, 15), (215.29265, -163.82889, 15), (225.30127, -158.61914, 15), (224.46318, -157.12746, 15), (232.6363, -152.99751, 15), (233.56444, -154.62277, 15), (243.62848, -149.61339, 15), (238.39214, -139.80615, 15), (252.74359, -132.38113, 15), (248.80247, -125.45707, 15), (248.28993, -124.666695, 15), (250.23624, -123.59803, 15), (245.96266, -116.07283, 15), (232.40082, -123.40879, 15), (235.79474, -130.64456, 15), (222.40605, -137.346, 15), (221.0277, -134.79677, 15), (220.12727, -135.28658, 15), (218.47879, -132.21416, 15), (215.0433, -133.99527, 15), (213.755, -131.52397, 15), (216.484, -130.344, 15), (215.2026, -127.91723, 15), (217.88312, -126.36989, 15)]
            custom double urbantwin:heightMetres = 15
            custom string urbantwin:heightSource = "inferred_from_neighbours"
        }

        over "osm_way_548547984"
        {
            float3[] extent = [(214.86322, -131.30135, 0.04), (230.35753, -115.416046, 15)]
            point3f[] points = [(224.60864, -115.416046, 0.04), (229.55408, -124.72236, 0.04), (230.35753, -126.24744, 0.04), (220.41125, -131.30135, 0.04), (217.88312, -126.36989, 0.04), (214.86322, -120.48109, 0.04), (224.60864, -115.416046, 15), (229.55408, -124.72236, 15), (230.35753, -126.24744, 15), (220.41125, -131.30135, 15), (217.88312, -126.36989, 15), (214.86322, -120.48109, 15)]
            custom double urbantwin:heightMetres = 15
            custom string urbantwin:heightSource = "inferred_from_neighbours"
        }

        over "osm_way_556874949"
        {
            float3[] extent = [(-113.350204, -241.98631, 0.04), (-90.95029, -215.65926, 6)]
            point3f[] points = [(-113.350204, -220.71315, 0.04), (-110.4342, -218.7762, 0.04), (-105.64806, -215.65926, 0.04), (-97.66888, -227.37006, 0.04), (-101.49917, -230.09738, 0.04), (-99.35199, -233.1698, 0.04), (-95.31391, -230.5204, 0.04), (-90.95029, -236.76543, 0.04), (-98.03597, -241.98631, 0.04), (-102.71821, -235.65224, 0.04), (-105.06625, -232.46849, 0.04), (-113.350204, -220.71315, 6), (-110.4342, -218.7762, 6), (-105.64806, -215.65926, 6), (-97.66888, -227.37006, 6), (-101.49917, -230.09738, 6), (-99.35199, -233.1698, 6), (-95.31391, -230.5204, 6), (-90.95029, -236.76543, 6), (-98.03597, -241.98631, 6), (-102.71821, -235.65224, 6), (-105.06625, -232.46849, 6)]
            custom double urbantwin:heightMetres = 6
            custom string urbantwin:heightSource = "osm_building_part_levels"
        }

        over "osm_way_557814848"
        {
            float3[] extent = [(-371.89117, 175.58423, 0.04), (-352.61505, 192.31555, 3)]
            point3f[] points = [(-367.81845, 179.07967, 0.04), (-369.96564, 177.49893, 0.04), (-371.89117, 180.40437, 0.04), (-369.6609, 181.85152, 0.04), (-359.21588, 189.1652, 0.04), (-354.70682, 192.31555, 0.04), (-352.61505, 189.20973, 0.04), (-356.19598, 186.74957, 0.04), (-354.06958, 183.54358, 0.04), (-365.56046, 175.58423, 0.04), (-367.81845, 179.07967, 3), (-369.96564, 177.49893, 3), (-371.89117, 180.40437, 3), (-369.6609, 181.85152, 3), (-359.21588, 189.1652, 3), (-354.70682, 192.31555, 3), (-352.61505, 189.20973, 3), (-356.19598, 186.74957, 3), (-354.06958, 183.54358, 3), (-365.56046, 175.58423, 3)]
            custom double urbantwin:heightMetres = 3
            custom string urbantwin:heightSource = "osm_building_part_levels"
        }

        over "osm_way_557814862"
        {
            float3[] extent = [(-365.56046, 169.14996, 0.04), (-344.87137, 188.27466, 3)]
            point3f[] points = [(-365.56046, 175.58423, 0.04), (-354.06958, 183.54358, 0.04), (-347.22632, 188.27466, 0.04), (-344.87137, 185.16884, 0.04), (-349.8999, 181.85152, 0.04), (-348.14062, 179.19098, 0.04), (-347.82892, 178.54533, 0.04), (-352.77435, 175.07216, 0.04), (-351.4999, 173.09068, 0.04), (-354.7553, 170.81976, 0.04), (-356.12674, 172.71219, 0.04), (-361.19684, 169.14996, 0.04), (-365.56046, 175.58423, 3), (-354.06958, 183.54358, 3), (-347.22632, 188.27466, 3), (-344.87137, 185.16884, 3), (-349.8999, 181.85152, 3), (-348.14062, 179.19098, 3), (-347.82892, 178.54533, 3), (-352.77435, 175.07216, 3), (-351.4999, 173.09068, 3), (-354.7553, 170.81976, 3), (-356.12674, 172.71219, 3), (-361.19684, 169.14996, 3)]
            custom double urbantwin:heightMetres = 3
            custom string urbantwin:heightSource = "osm_building_part_levels"
        }

        over "osm_way_670735842"
        {
            float3[] extent = [(-198.62779, 325.91006, 0.04), (-163.892, 356.25577, 18)]
            point3f[] points = [(-191.84686, 344.4893, 0.04), (-198.62779, 339.83615, 0.04), (-189.56116, 325.91006, 0.04), (-163.892, 342.20724, 0.04), (-173.06252, 356.25577, 0.04), (-180.50145, 351.12393, 0.04), (-174.80104, 343.031, 0.04), (-176.3387, 342.00687, 0.04), (-177.29454, 343.28705, 0.04), (-185.2114, 338.09955, 0.04), (-184.51875, 337.0754, 0.04), (-186.20186, 335.96222, 0.04), (-191.84686, 344.4893, 18), (-198.62779, 339.83615, 18), (-189.56116, 325.91006, 18), (-163.892, 342.20724, 18), (-173.06252, 356.25577, 18), (-180.50145, 351.12393, 18), (-174.80104, 343.031, 18), (-176.3387, 342.00687, 18), (-177.29454, 343.28705, 18), (-185.2114, 338.09955, 18), (-184.51875, 337.0754, 18), (-186.20186, 335.96222, 18)]
            custom double urbantwin:heightMetres = 18
            custom string urbantwin:heightSource = "inferred_from_building_type"
        }

        over "osm_way_789265602"
        {
            float3[] extent = [(-310.80743, 56.95105, 0.04), (-261.7479, 117.675835, 16)]
            point3f[] points = [(-277.93484, 56.95105, 0.04), (-310.80743, 105.79804, 0.04), (-293.13824, 117.675835, 0.04), (-292.25165, 116.36227, 0.04), (-287.93652, 109.950264, 0.04), (-286.91833, 108.43632, 0.04), (-284.58417, 110.01705, 0.04), (-280.4145, 103.82769, 0.04), (-285.29065, 100.54376, 0.04), (-273.3288, 82.777176, 0.04), (-268.45953, 86.049965, 0.04), (-264.22754, 79.760414, 0.04), (-266.54785, 78.20194, 0.04), (-265.81366, 77.11101, 0.04), (-261.7479, 71.07749, 0.04), (-266.7695, 67.70451, 0.04), (-265.28033, 65.466995, 0.04), (-277.93484, 56.95105, 16), (-310.80743, 105.79804, 16), (-293.13824, 117.675835, 16), (-292.25165, 116.36227, 16), (-287.93652, 109.950264, 16), (-286.91833, 108.43632, 16), (-284.58417, 110.01705, 16), (-280.4145, 103.82769, 16), (-285.29065, 100.54376, 16), (-273.3288, 82.777176, 16), (-268.45953, 86.049965, 16), (-264.22754, 79.760414, 16), (-266.54785, 78.20194, 16), (-265.81366, 77.11101, 16), (-261.7479, 71.07749, 16), (-266.7695, 67.70451, 16), (-265.28033, 65.466995, 16)]
            custom double urbantwin:heightMetres = 16
            custom string urbantwin:heightSource = "inferred_from_building_type"
        }

        over "osm_way_800155741"
        {
            float3[] extent = [(101.13899, -206.14143, 0.04), (120.05494, -186.81638, 18)]
            point3f[] points = [(101.13899, -193.12819, 0.04), (110.98138, -206.14143, 0.04), (120.05494, -199.6515, 0.04), (116.61945, -195.3323, 0.04), (112.65756, -190.25615, 0.04), (109.97705, -186.81638, 0.04), (101.13899, -193.12819, 18), (110.98138, -206.14143, 18), (120.05494, -199.6515, 18), (116.61945, -195.3323, 18), (112.65756, -190.25615, 18), (109.97705, -186.81638, 18)]
            custom double urbantwin:heightMetres = 18
            custom string urbantwin:heightSource = "inferred_from_building_type"
        }

        over "osm_way_800155742"
        {
            float3[] extent = [(110.98138, -221.0805, 0.04), (131.70511, -199.6515, 15)]
            point3f[] points = [(110.98138, -206.14143, 0.04), (122.33372, -221.0805, 0.04), (131.70511, -214.72417, 0.04), (120.05494, -199.6515, 0.04), (110.98138, -206.14143, 15), (122.33372, -221.0805, 15), (131.70511, -214.72417, 15), (120.05494, -199.6515, 15)]
            custom double urbantwin:heightMetres = 15
            custom string urbantwin:heightSource = "inferred_from_neighbours"
        }

        over "osm_way_800155744"
        {
            float3[] extent = [(169.23915, -214.64624, 0.04), (179.07462, -204.61636, 7.5)]
            point3f[] points = [(171.00539, -214.64624, 0.04), (179.07462, -210.20459, 0.04), (176.09627, -204.61636, 0.04), (170.07726, -207.85576, 0.04), (171.42096, -210.36044, 0.04), (169.23915, -211.5627, 0.04), (171.00539, -214.64624, 7.5), (179.07462, -210.20459, 7.5), (176.09627, -204.61636, 7.5), (170.07726, -207.85576, 7.5), (171.42096, -210.36044, 7.5), (169.23915, -211.5627, 7.5)]
            custom double urbantwin:heightMetres = 7.5
            custom string urbantwin:heightSource = "inferred_from_building_type"
        }

        over "osm_way_800155746"
        {
            float3[] extent = [(171.00539, -220.57957, 0.04), (182.37157, -210.20459, 7.5)]
            point3f[] points = [(171.00539, -214.64624, 0.04), (174.11533, -220.57957, 0.04), (175.66684, -219.7892, 0.04), (182.37157, -216.01547, 0.04), (179.07462, -210.20459, 0.04), (171.00539, -214.64624, 7.5), (174.11533, -220.57957, 7.5), (175.66684, -219.7892, 7.5), (182.37157, -216.01547, 7.5), (179.07462, -210.20459, 7.5)]
            custom double urbantwin:heightMetres = 7.5
            custom string urbantwin:heightSource = "inferred_from_building_type"
        }

        over "osm_way_800155747"
        {
            float3[] extent = [(175.66684, -225.13254, 0.04), (185.50922, -216.01547, 7.5)]
            point3f[] points = [(175.66684, -219.7892, 0.04), (178.80449, -225.13254, 0.04), (180.00967, -224.52028, 0.04), (185.50922, -221.74843, 0.04), (182.37157, -216.01547, 0.04), (175.66684, -219.7892, 7.5), (178.80449, -225.13254, 7.5), (180.00967, -224.52028, 7.5), (185.50922, -221.74843, 7.5), (182.37157, -216.01547, 7.5)]
            custom double urbantwin:heightMetres = 7.5
            custom string urbantwin:heightSource = "inferred_from_building_type"
        }

        over "osm_way_800155748"
        {
            float3[] extent = [(177.22527, -232.03435, 0.04), (188.0789, -221.74843, 7.5)]
            point3f[] points = [(185.50922, -221.74843, 0.04), (180.00967, -224.52028, 0.04), (182.0114, -228.14929, 0.04), (177.22527, -230.93228, 0.04), (177.92484, -232.03435, 0.04), (188.0789, -226.46837, 0.04), (185.50922, -221.74843, 7.5), (180.00967, -224.52028, 7.5), (182.0114, -228.14929, 7.5), (177.22527, -230.93228, 7.5), (177.92484, -232.03435, 7.5), (188.0789, -226.46837, 7.5)]
            custom double urbantwin:heightMetres = 7.5
            custom string urbantwin:heightSource = "inferred_from_building_type"
        }

        over "osm_way_800155749"
        {
            float3[] extent = [(165.27727, -207.85576, 0.04), (176.09627, -199.66264, 7.5)]
            point3f[] points = [(173.40884, -199.66264, 0.04), (165.27727, -204.02637, 0.04), (166.5448, -206.45312, 0.04), (168.72661, -205.20634, 0.04), (170.07726, -207.85576, 0.04), (176.09627, -204.61636, 0.04), (173.40884, -199.66264, 7.5), (165.27727, -204.02637, 7.5), (166.5448, -206.45312, 7.5), (168.72661, -205.20634, 7.5), (170.07726, -207.85576, 7.5), (176.09627, -204.61636, 7.5)]
            custom double urbantwin:heightMetres = 7.5
            custom string urbantwin:heightSource = "inferred_from_building_type"
        }

        over "osm_way_800155750"
        {
            float3[] extent = [(159.94395, -205.16182, 0.04), (173.40884, -193.67365, 7.5)]
            point3f[] points = [(173.40884, -199.66264, 0.04), (170.24348, -193.67365, 0.04), (159.94395, -198.61624, 0.04), (162.97078, -205.16182, 0.04), (165.27727, -204.02637, 0.04), (173.40884, -199.66264, 7.5), (170.24348, -193.67365, 7.5), (159.94395, -198.61624, 7.5), (162.97078, -205.16182, 7.5), (165.27727, -204.02637, 7.5)]
            custom double urbantwin:heightMetres = 7.5
            custom string urbantwin:heightSource = "inferred_from_building_type"
        }

        over "osm_way_800155751"
        {
            float3[] extent = [(153.8626, -200.68678, 0.04), (170.24348, -186.24864, 7.5)]
            point3f[] points = [(166.19847, -186.24864, 0.04), (170.24348, -193.67365, 0.04), (159.94395, -198.61624, 0.04), (155.83661, -200.68678, 0.04), (153.8626, -197.08003, 0.04), (157.85912, -194.94269, 0.04), (156.0929, -191.41386, 0.04), (159.89548, -189.62163, 0.04), (166.19847, -186.24864, 7.5), (170.24348, -193.67365, 7.5), (159.94395, -198.61624, 7.5), (155.83661, -200.68678, 7.5), (153.8626, -197.08003, 7.5), (157.85912, -194.94269, 7.5), (156.0929, -191.41386, 7.5), (159.89548, -189.62163, 7.5)]
            custom double urbantwin:heightMetres = 7.5
            custom string urbantwin:heightSource = "inferred_from_building_type"
        }

        over "osm_way_800155753"
        {
            float3[] extent = [(210.66583, -282.6513, 0.04), (219.50389, -274.43594, 7.5)]
            point3f[] points = [(216.75412, -274.43594, 0.04), (219.50389, -278.75513, 0.04), (213.568, -282.6513, 0.04), (210.66583, -278.34326, 0.04), (216.75412, -274.43594, 7.5), (219.50389, -278.75513, 7.5), (213.568, -282.6513, 7.5), (210.66583, -278.34326, 7.5)]
            custom double urbantwin:heightMetres = 7.5
            custom string urbantwin:heightSource = "inferred_from_building_type"
        }

        over "osm_way_800155754"
        {
            float3[] extent = [(213.568, -287.23767, 0.04), (222.50302, -278.75513, 7.5)]
            point3f[] points = [(219.50389, -278.75513, 0.04), (222.50302, -283.36377, 0.04), (216.46321, -287.23767, 0.04), (213.568, -282.6513, 0.04), (219.50389, -278.75513, 7.5), (222.50302, -283.36377, 7.5), (216.46321, -287.23767, 7.5), (213.568, -282.6513, 7.5)]
            custom double urbantwin:heightMetres = 7.5
            custom string urbantwin:heightSource = "inferred_from_building_type"
        }

        over "osm_way_800155755"
        {
            float3[] extent = [(216.46321, -291.735, 0.04), (225.34976, -283.36377, 7.5)]
            point3f[] points = [(222.50302, -283.36377, 0.04), (225.34976, -287.88333, 0.04), (219.37921, -291.735, 0.04), (216.46321, -287.23767, 0.04), (222.50302, -283.36377, 7.5), (225.34976, -287.88333, 7.5), (219.37921, -291.735, 7.5), (216.46321, -287.23767, 7.5)]
            custom double urbantwin:heightMetres = 7.5
            custom string urbantwin:heightSource = "inferred_from_building_type"
        }

        over "osm_way_800155756"
        {
            float3[] extent = [(219.37921, -296.0542, 0.04), (228.21729, -287.88333, 7.5)]
            point3f[] points = [(225.34976, -287.88333, 0.04), (228.21729, -292.49197, 0.04), (222.23288, -296.0542, 0.04), (219.37921, -291.735, 0.04), (225.34976, -287.88333, 7.5), (228.21729, -292.49197, 7.5), (222.23288, -296.0542, 7.5), (219.37921, -291.735, 7.5)]
            custom double urbantwin:heightMetres = 7.5
            custom string urbantwin:heightSource = "inferred_from_building_type"
        }

        over "osm_way_800155757"
        {
            float3[] extent = [(222.23288, -300.60715, 0.04), (231.1125, -292.49197, 7.5)]
            point3f[] points = [(228.21729, -292.49197, 0.04), (231.1125, -297.22305, 0.04), (225.26665, -300.60715, 0.04), (222.23288, -296.0542, 0.04), (228.21729, -292.49197, 7.5), (231.1125, -297.22305, 7.5), (225.26665, -300.60715, 7.5), (222.23288, -296.0542, 7.5)]
            custom double urbantwin:heightMetres = 7.5
            custom string urbantwin:heightSource = "inferred_from_building_type"
        }

        over "osm_way_800155758"
        {
            float3[] extent = [(197.291, -280.42493, 0.04), (217.49524, -258.70648, 21)]
            point3f[] points = [(207.54204, -258.70648, 0.04), (217.49524, -273.99066, 0.04), (216.75412, -274.43594, 0.04), (210.66583, -278.34326, 0.04), (207.60437, -280.42493, 0.04), (197.291, -264.7066, 0.04), (199.16112, -263.6157, 0.04), (207.54204, -258.70648, 21), (217.49524, -273.99066, 21), (216.75412, -274.43594, 21), (210.66583, -278.34326, 21), (207.60437, -280.42493, 21), (197.291, -264.7066, 21), (199.16112, -263.6157, 21)]
            custom double urbantwin:heightMetres = 21
            custom string urbantwin:heightSource = "inferred_from_neighbours"
        }

        over "osm_way_800155759"
        {
            float3[] extent = [(170.25041, -322.0584, 0.04), (207.32039, -278.45456, 21)]
            point3f[] points = [(170.25041, -285.5345, 0.04), (196.01654, -322.0584, 0.04), (206.60698, -315.10095, 0.04), (203.8849, -311.1491, 0.04), (207.32039, -309.01178, 0.04), (202.86673, -302.59976, 0.04), (199.7083, -304.83728, 0.04), (196.0581, -300.13962, 0.04), (199.33427, -297.95776, 0.04), (196.97931, -294.68497, 0.04), (195.0607, -291.735, 0.04), (192.17932, -293.8723, 0.04), (187.07458, -287.2711, 0.04), (190.42003, -284.95563, 0.04), (186.70056, -279.4787, 0.04), (182.89105, -281.9834, 0.04), (180.29366, -278.45456, 0.04), (176.72658, -280.85907, 0.04), (170.25041, -285.5345, 21), (196.01654, -322.0584, 21), (206.60698, -315.10095, 21), (203.8849, -311.1491, 21), (207.32039, -309.01178, 21), (202.86673, -302.59976, 21), (199.7083, -304.83728, 21), (196.0581, -300.13962, 21), (199.33427, -297.95776, 21), (196.97931, -294.68497, 21), (195.0607, -291.735, 21), (192.17932, -293.8723, 21), (187.07458, -287.2711, 21), (190.42003, -284.95563, 21), (186.70056, -279.4787, 21), (182.89105, -281.9834, 21), (180.29366, -278.45456, 21), (176.72658, -280.85907, 21)]
            custom double urbantwin:heightMetres = 21
            custom string urbantwin:heightSource = "inferred_from_neighbours"
        }

        over "osm_way_800155760"
        {
            float3[] extent = [(196.01654, -339.69144, 0.04), (217.81386, -315.10095, 21)]
            point3f[] points = [(196.01654, -322.0584, 0.04), (208.39398, -339.69144, 0.04), (217.81386, -331.96585, 0.04), (206.60698, -315.10095, 0.04), (196.01654, -322.0584, 21), (208.39398, -339.69144, 21), (217.81386, -331.96585, 21), (206.60698, -315.10095, 21)]
            custom double urbantwin:heightMetres = 21
            custom string urbantwin:heightSource = "inferred_from_neighbours"
        }

        over "osm_way_800155762"
        {
            float3[] extent = [(222.74544, -322.69293, 0.04), (243.67003, -297.22305, 21)]
            point3f[] points = [(243.67003, -317.71695, 0.04), (231.1125, -297.22305, 0.04), (225.26665, -300.60715, 0.04), (222.74544, -301.99866, 0.04), (225.4398, -306.36237, 0.04), (223.95062, -307.29745, 0.04), (229.0623, -315.7021, 0.04), (230.31598, -314.9451, 0.04), (235.37222, -322.69293, 0.04), (243.67003, -317.71695, 21), (231.1125, -297.22305, 21), (225.26665, -300.60715, 21), (222.74544, -301.99866, 21), (225.4398, -306.36237, 21), (223.95062, -307.29745, 21), (229.0623, -315.7021, 21), (230.31598, -314.9451, 21), (235.37222, -322.69293, 21)]
            custom double urbantwin:heightMetres = 21
            custom string urbantwin:heightSource = "inferred_from_neighbours"
        }

        over "osm_way_800155763"
        {
            float3[] extent = [(128.74754, -184.03339, 0.04), (159.68076, -150.04755, 15)]
            point3f[] points = [(145.51631, -150.04755, 0.04), (128.74754, -159.198, 0.04), (133.52675, -168.55997, 0.04), (137.30162, -175.30594, 0.04), (142.17087, -184.03339, 0.04), (159.68076, -174.96085, 0.04), (154.83922, -166.51169, 0.04), (156.05133, -165.91057, 0.04), (151.12668, -157.40576, 0.04), (149.91457, -158.01802, 0.04), (145.51631, -150.04755, 15), (128.74754, -159.198, 15), (133.52675, -168.55997, 15), (137.30162, -175.30594, 15), (142.17087, -184.03339, 15), (159.68076, -174.96085, 15), (154.83922, -166.51169, 15), (156.05133, -165.91057, 15), (151.12668, -157.40576, 15), (149.91457, -158.01802, 15)]
            custom double urbantwin:heightMetres = 15
            custom string urbantwin:heightSource = "inferred_from_neighbours"
        }

        over "osm_way_800170191"
        {
            float3[] extent = [(77.13909, -177.75496, 0.04), (110.68355, -145.33873, 15)]
            point3f[] points = [(88.49835, -177.56572, 0.04), (91.67756, -177.75496, 0.04), (110.68355, -162.24815, 0.04), (110.1987, -161.20175, 0.04), (104.650665, -152.04016, 0.04), (100.68878, -145.33873, 0.04), (96.99009, -147.72096, 0.04), (77.13909, -162.72684, 0.04), (88.49835, -177.56572, 15), (91.67756, -177.75496, 15), (110.68355, -162.24815, 15), (110.1987, -161.20175, 15), (104.650665, -152.04016, 15), (100.68878, -145.33873, 15), (96.99009, -147.72096, 15), (77.13909, -162.72684, 15)]
            custom double urbantwin:heightMetres = 15
            custom string urbantwin:heightSource = "inferred_from_neighbours"
        }

        over "osm_way_800170192"
        {
            float3[] extent = [(94.64898, -193.12819, 0.04), (117.31209, -167.26866, 15)]
            point3f[] points = [(94.64898, -184.44527, 0.04), (94.981445, -182.69756, 0.04), (95.3901, -180.53795, 0.04), (112.31817, -167.26866, 0.04), (117.31209, -174.4933, 0.04), (110.26796, -179.76985, 0.04), (106.64546, -182.48604, 0.04), (109.97705, -186.81638, 0.04), (101.13899, -193.12819, 0.04), (94.91218, -184.80148, 0.04), (94.64898, -184.44527, 15), (94.981445, -182.69756, 15), (95.3901, -180.53795, 15), (112.31817, -167.26866, 15), (117.31209, -174.4933, 15), (110.26796, -179.76985, 15), (106.64546, -182.48604, 15), (109.97705, -186.81638, 15), (101.13899, -193.12819, 15), (94.91218, -184.80148, 15)]
            custom double urbantwin:heightMetres = 15
            custom string urbantwin:heightSource = "inferred_from_neighbours"
        }

        over "osm_way_800170193"
        {
            float3[] extent = [(104.650665, -161.20175, 0.04), (118.35104, -147.93246, 15)]
            point3f[] points = [(104.650665, -152.04016, 0.04), (110.87749, -149.34622, 0.04), (113.49565, -147.93246, 0.04), (118.35104, -156.22577, 0.04), (110.1987, -161.20175, 0.04), (104.650665, -152.04016, 15), (110.87749, -149.34622, 15), (113.49565, -147.93246, 15), (118.35104, -156.22577, 15), (110.1987, -161.20175, 15)]
            custom double urbantwin:heightMetres = 15
            custom string urbantwin:heightSource = "inferred_from_neighbours"
        }

        over "osm_way_800170194"
        {
            float3[] extent = [(113.49565, -156.22577, 0.04), (124.169205, -144.53723, 15)]
            point3f[] points = [(118.35104, -156.22577, 0.04), (113.49565, -147.93246, 0.04), (116.37703, -146.19589, 0.04), (119.45927, -144.53723, 0.04), (124.169205, -152.97525, 0.04), (118.35104, -156.22577, 15), (113.49565, -147.93246, 15), (116.37703, -146.19589, 15), (119.45927, -144.53723, 15), (124.169205, -152.97525, 15)]
            custom double urbantwin:heightMetres = 15
            custom string urbantwin:heightSource = "inferred_from_neighbours"
        }

        over "osm_way_800170195"
        {
            float3[] extent = [(119.45927, -152.97525, 0.04), (129.9181, -141.30896, 15)]
            point3f[] points = [(124.169205, -152.97525, 0.04), (129.9181, -149.71358, 0.04), (125.33977, -141.30896, 0.04), (119.45927, -144.53723, 0.04), (124.169205, -152.97525, 15), (129.9181, -149.71358, 15), (125.33977, -141.30896, 15), (119.45927, -144.53723, 15)]
            custom double urbantwin:heightMetres = 15
            custom string urbantwin:heightSource = "inferred_from_neighbours"
        }

        over "osm_way_800170196"
        {
            float3[] extent = [(125.33977, -149.71358, 0.04), (135.00899, -138.19202, 15)]
            point3f[] points = [(129.9181, -149.71358, 0.04), (135.00899, -146.88606, 0.04), (131.85748, -140.85255, 0.04), (130.32675, -138.19202, 0.04), (125.33977, -141.30896, 0.04), (129.9181, -149.71358, 15), (135.00899, -146.88606, 15), (131.85748, -140.85255, 15), (130.32675, -138.19202, 15), (125.33977, -141.30896, 15)]
            custom double urbantwin:heightMetres = 15
            custom string urbantwin:heightSource = "inferred_from_neighbours"
        }

        over "osm_way_800170197"
        {
            float3[] extent = [(131.85748, -146.88606, 0.04), (141.40204, -137.40164, 15)]
            point3f[] points = [(135.00899, -146.88606, 0.04), (131.85748, -140.85255, 0.04), (138.10509, -137.40164, 0.04), (141.40204, -143.32384, 0.04), (135.00899, -146.88606, 15), (131.85748, -140.85255, 15), (138.10509, -137.40164, 15), (141.40204, -143.32384, 15)]
            custom double urbantwin:heightMetres = 15
            custom string urbantwin:heightSource = "inferred_from_neighbours"
        }

        over "osm_way_800170198"
        {
            float3[] extent = [(129.07309, -140.85255, 0.04), (138.10509, -132.28094, 7.5)]
            point3f[] points = [(131.85748, -140.85255, 0.04), (130.32675, -138.19202, 0.04), (129.07309, -135.68733, 0.04), (135.50769, -132.28094, 0.04), (138.10509, -137.40164, 0.04), (131.85748, -140.85255, 7.5), (130.32675, -138.19202, 7.5), (129.07309, -135.68733, 7.5), (135.50769, -132.28094, 7.5), (138.10509, -137.40164, 7.5)]
            custom double urbantwin:heightMetres = 7.5
            custom string urbantwin:heightSource = "inferred_from_building_type"
        }

        over "osm_way_800170199"
        {
            float3[] extent = [(111.24458, -120.82617, 0.04), (125.33284, -108.43632, 7.5)]
            point3f[] points = [(122.09822, -108.43632, 0.04), (125.33284, -114.83719, 0.04), (114.41686, -120.82617, 0.04), (111.24458, -114.380775, 0.04), (122.09822, -108.43632, 7.5), (125.33284, -114.83719, 7.5), (114.41686, -120.82617, 7.5), (111.24458, -114.380775, 7.5)]
            custom double urbantwin:heightMetres = 7.5
            custom string urbantwin:heightSource = "inferred_from_building_type"
        }

        over "osm_way_800170200"
        {
            float3[] extent = [(107.788315, -114.380775, 0.04), (122.09822, -101.85733, 16)]
            point3f[] points = [(118.16403, -101.85733, 0.04), (107.788315, -107.7684, 0.04), (111.24458, -114.380775, 0.04), (122.09822, -108.43632, 0.04), (118.16403, -101.85733, 16), (107.788315, -107.7684, 16), (111.24458, -114.380775, 16), (122.09822, -108.43632, 16)]
            custom double urbantwin:heightMetres = 16
            custom string urbantwin:heightSource = "inferred_from_building_type"
        }

        over "osm_way_800170201"
        {
            float3[] extent = [(79.84038, -62.32778, 0.04), (93.159805, -50.739426, 7.5)]
            point3f[] points = [(93.159805, -56.49464, 0.04), (90.29228, -50.739426, 0.04), (79.84038, -56.416718, 0.04), (83.06114, -62.32778, 0.04), (93.159805, -56.49464, 7.5), (90.29228, -50.739426, 7.5), (79.84038, -56.416718, 7.5), (83.06114, -62.32778, 7.5)]
            custom double urbantwin:heightMetres = 7.5
            custom string urbantwin:heightSource = "inferred_from_building_type"
        }

        over "osm_way_800170202"
        {
            float3[] extent = [(76.73043, -56.416718, 0.04), (90.29228, -45.35156, 7.5)]
            point3f[] points = [(90.29228, -50.739426, 0.04), (87.3555, -45.35156, 0.04), (76.73043, -50.850742, 0.04), (79.84038, -56.416718, 0.04), (90.29228, -50.739426, 7.5), (87.3555, -45.35156, 7.5), (76.73043, -50.850742, 7.5), (79.84038, -56.416718, 7.5)]
            custom double urbantwin:heightMetres = 7.5
            custom string urbantwin:heightSource = "inferred_from_building_type"
        }

        over "osm_way_800170203"
        {
            float3[] extent = [(83.06114, -68.739784, 0.04), (96.58836, -56.49464, 7.5)]
            point3f[] points = [(93.159805, -56.49464, 0.04), (96.58836, -62.906643, 0.04), (86.55204, -68.739784, 0.04), (83.06114, -62.32778, 0.04), (93.159805, -56.49464, 7.5), (96.58836, -62.906643, 7.5), (86.55204, -68.739784, 7.5), (83.06114, -62.32778, 7.5)]
            custom double urbantwin:heightMetres = 7.5
            custom string urbantwin:heightSource = "inferred_from_building_type"
        }

        over "osm_way_800170204"
        {
            float3[] extent = [(114.41686, -138.30333, 0.04), (135.50769, -114.83719, 15)]
            point3f[] points = [(125.33284, -114.83719, 0.04), (135.50769, -132.28094, 0.04), (129.07309, -135.68733, 0.04), (123.82981, -138.30333, 0.04), (114.41686, -120.82617, 0.04), (125.33284, -114.83719, 15), (135.50769, -132.28094, 15), (129.07309, -135.68733, 15), (123.82981, -138.30333, 15), (114.41686, -120.82617, 15)]
            custom double urbantwin:heightMetres = 15
            custom string urbantwin:heightSource = "inferred_from_neighbours"
        }

        over "osm_way_800170205"
        {
            float3[] extent = [(51.92014, -142.44443, 0.04), (88.40138, -110.80742, 15)]
            point3f[] points = [(51.92014, -131.02304, 0.04), (67.0335, -119.49034, 0.04), (79.35553, -110.80742, 0.04), (88.40138, -122.4737, 0.04), (62.115772, -142.44443, 0.04), (51.92014, -131.02304, 15), (67.0335, -119.49034, 15), (79.35553, -110.80742, 15), (88.40138, -122.4737, 15), (62.115772, -142.44443, 15)]
            custom double urbantwin:heightMetres = 15
            custom string urbantwin:heightSource = "inferred_from_neighbours"
        }

        over "osm_way_800170206"
        {
            float3[] extent = [(62.115772, -151.75073, 0.04), (95.34161, -122.4737, 15)]
            point3f[] points = [(62.115772, -142.44443, 0.04), (88.40138, -122.4737, 0.04), (95.34161, -131.4238, 0.04), (88.81696, -136.49995, 0.04), (69.18068, -151.75073, 0.04), (62.115772, -142.44443, 15), (88.40138, -122.4737, 15), (95.34161, -131.4238, 15), (88.81696, -136.49995, 15), (69.18068, -151.75073, 15)]
            custom double urbantwin:heightMetres = 15
            custom string urbantwin:heightSource = "inferred_from_neighbours"
        }

        over "osm_way_800170207"
        {
            float3[] extent = [(69.18068, -162.72684, 0.04), (96.99009, -136.49995, 15)]
            point3f[] points = [(69.18068, -151.75073, 0.04), (77.13909, -162.72684, 0.04), (96.99009, -147.72096, 0.04), (88.81696, -136.49995, 0.04), (69.18068, -151.75073, 15), (77.13909, -162.72684, 15), (96.99009, -147.72096, 15), (88.81696, -136.49995, 15)]
            custom double urbantwin:heightMetres = 15
            custom string urbantwin:heightSource = "inferred_from_neighbours"
        }

        over "osm_way_800172162"
        {
            float3[] extent = [(210.07709, -59.255363, 0.04), (222.32294, -48.37945, 20)]
            point3f[] points = [(213.19395, -59.255363, 0.04), (210.07709, -53.255245, 0.04), (218.94286, -48.37945, 0.04), (222.32294, -54.112404, 0.04), (213.19395, -59.255363, 20), (210.07709, -53.255245, 20), (218.94286, -48.37945, 20), (222.32294, -54.112404, 20)]
            custom double urbantwin:heightMetres = 20
            custom string urbantwin:heightSource = "inferred_from_building_type"
        }

        over "osm_way_800172163"
        {
            float3[] extent = [(159.99245, -84.63621, 0.04), (195.62866, -47.377575, 18)]
            point3f[] points = [(176.4426, -84.63621, 0.04), (195.62866, -74.47274, 0.04), (193.48149, -70.65448, 0.04), (189.03474, -72.99219, 0.04), (174.71793, -47.377575, 0.04), (171.62183, -49.080765, 0.04), (159.99245, -55.4705, 0.04), (176.4426, -84.63621, 18), (195.62866, -74.47274, 18), (193.48149, -70.65448, 18), (189.03474, -72.99219, 18), (174.71793, -47.377575, 18), (171.62183, -49.080765, 18), (159.99245, -55.4705, 18)]
            custom double urbantwin:heightMetres = 18
            custom string urbantwin:heightSource = "inferred_from_building_type"
        }

        over "osm_way_800172164"
        {
            float3[] extent = [(133.29817, -55.4705, 0.04), (171.62183, -0.7013128, 20)]
            point3f[] points = [(159.99245, -55.4705, 0.04), (138.00119, -17.109806, 0.04), (133.29817, -8.593864, 0.04), (149.03491, -0.7013128, 0.04), (151.31369, -4.8869257, 0.04), (147.42107, -6.768225, 0.04), (152.4704, -16.586605, 0.04), (155.21324, -15.19511, 0.04), (158.18466, -20.772217, 0.04), (159.16127, -20.15996, 0.04), (161.25304, -23.64426, 0.04), (159.95088, -24.434628, 0.04), (166.03224, -35.02111, 0.04), (167.98549, -33.863388, 0.04), (169.70323, -36.880146, 0.04), (165.70671, -39.206726, 0.04), (171.62183, -49.080765, 0.04), (159.99245, -55.4705, 20), (138.00119, -17.109806, 20), (133.29817, -8.593864, 20), (149.03491, -0.7013128, 20), (151.31369, -4.8869257, 20), (147.42107, -6.768225, 20), (152.4704, -16.586605, 20), (155.21324, -15.19511, 20), (158.18466, -20.772217, 20), (159.16127, -20.15996, 20), (161.25304, -23.64426, 20), (159.95088, -24.434628, 20), (166.03224, -35.02111, 20), (167.98549, -33.863388, 20), (169.70323, -36.880146, 20), (165.70671, -39.206726, 20), (171.62183, -49.080765, 20)]
            custom double urbantwin:heightMetres = 20
            custom string urbantwin:heightSource = "inferred_from_building_type"
        }

        over "osm_way_800172165"
        {
            float3[] extent = [(121.62723, -8.593864, 0.04), (161.59244, 33.039623, 16)]
            point3f[] points = [(133.29817, -8.593864, 0.04), (121.62723, 19.525438, 0.04), (146.63145, 33.039623, 0.04), (161.59244, 6.0001206, 0.04), (149.03491, -0.7013128, 0.04), (133.29817, -8.593864, 16), (121.62723, 19.525438, 16), (146.63145, 33.039623, 16), (161.59244, 6.0001206, 16), (149.03491, -0.7013128, 16)]
            custom double urbantwin:heightMetres = 16
            custom string urbantwin:heightSource = "inferred_from_building_type"
        }

        over "osm_way_800172166"
        {
            float3[] extent = [(161.80716, -59.34442, 0.04), (218.94286, 15.974347, 20)]
            point3f[] points = [(218.94286, -48.37945, 0.04), (218.12555, -46.921165, 0.04), (218.271, -46.59834, 0.04), (218.34718, -46.25325, 0.04), (218.33333, -45.785706, 0.04), (218.20866, -45.329296, 0.04), (217.87619, -44.928547, 0.04), (217.51602, -44.705906, 0.04), (217.142, -44.56119, 0.04), (216.79568, -44.50553, 0.04), (214.84937, -40.742935, 0.04), (213.22166, -41.57783, 0.04), (203.3308, -24.067274, 0.04), (204.81305, -23.13219, 0.04), (203.00526, -19.88166, 0.04), (203.23383, -18.467903, 0.04), (203.0953, -17.009619, 0.04), (202.5966, -15.395486, 0.04), (201.61305, -14.081916, 0.04), (200.40094, -13.1468315, 0.04), (199.25116, -12.946457, 0.04), (196.91698, -9.105934, 0.04), (192.55334, -11.566095, 0.04), (180.48067, 10.308185, 0.04), (178.23653, 8.883295, 0.04), (175.33437, 13.558714, 0.04), (173.51274, 12.645894, 0.04), (172.81317, 13.770221, 0.04), (171.93352, 14.549458, 0.04), (170.90842, 15.339826, 0.04), (169.9595, 15.740576, 0.04), (168.77509, 15.974347, 0.04), (167.61147, 15.974347, 0.04), (166.68332, 15.829632, 0.04), (165.76904, 15.529069, 0.04), (164.61926, 14.861152, 0.04), (163.66342, 13.99286, 0.04), (163.0816, 13.235888, 0.04), (162.87381, 12.256276, 0.04), (162.64525, 11.554963, 0.04), (162.57597, 10.564219, 0.04), (162.59676, 9.751588, 0.04), (162.90152, 8.727448, 0.04), (163.17857, 7.892552, 0.04), (163.66342, 7.07992, 0.04), (163.01234, 6.6346416, 0.04), (161.80716, 5.9333286, 0.04), (166.37164, -2.5492163, 0.04), (164.88246, -3.2282653, 0.04), (171.46945, -16.820375, 0.04), (172.95169, -16.030006, 0.04), (175.70839, -20.460522, 0.04), (172.41144, -22.27503, 0.04), (181.04863, -38.026737, 0.04), (184.29018, -36.279022, 0.04), (183.50058, -35.07677, 0.04), (186.90836, -33.262264, 0.04), (189.859, -38.37183, 0.04), (188.43216, -39.139935, 0.04), (199.53514, -59.34442, 0.04), (210.07709, -53.255245, 0.04), (218.94286, -48.37945, 20), (218.12555, -46.921165, 20), (218.271, -46.59834, 20), (218.34718, -46.25325, 20), (218.33333, -45.785706, 20), (218.20866, -45.329296, 20), (217.87619, -44.928547, 20), (217.51602, -44.705906, 20), (217.142, -44.56119, 20), (216.79568, -44.50553, 20), (214.84937, -40.742935, 20), (213.22166, -41.57783, 20), (203.3308, -24.067274, 20), (204.81305, -23.13219, 20), (203.00526, -19.88166, 20), (203.23383, -18.467903, 20), (203.0953, -17.009619, 20), (202.5966, -15.395486, 20), (201.61305, -14.081916, 20), (200.40094, -13.1468315, 20), (199.25116, -12.946457, 20), (196.91698, -9.105934, 20), (192.55334, -11.566095, 20), (180.48067, 10.308185, 20), (178.23653, 8.883295, 20), (175.33437, 13.558714, 20), (173.51274, 12.645894, 20), (172.81317, 13.770221, 20), (171.93352, 14.549458, 20), (170.90842, 15.339826, 20), (169.9595, 15.740576, 20), (168.77509, 15.974347, 20), (167.61147, 15.974347, 20), (166.68332, 15.829632, 20), (165.76904, 15.529069, 20), (164.61926, 14.861152, 20), (163.66342, 13.99286, 20), (163.0816, 13.235888, 20), (162.87381, 12.256276, 20), (162.64525, 11.554963, 20), (162.57597, 10.564219, 20), (162.59676, 9.751588, 20), (162.90152, 8.727448, 20), (163.17857, 7.892552, 20), (163.66342, 7.07992, 20), (163.01234, 6.6346416, 20), (161.80716, 5.9333286, 20), (166.37164, -2.5492163, 20), (164.88246, -3.2282653, 20), (171.46945, -16.820375, 20), (172.95169, -16.030006, 20), (175.70839, -20.460522, 20), (172.41144, -22.27503, 20), (181.04863, -38.026737, 20), (184.29018, -36.279022, 20), (183.50058, -35.07677, 20), (186.90836, -33.262264, 20), (189.859, -38.37183, 20), (188.43216, -39.139935, 20), (199.53514, -59.34442, 20), (210.07709, -53.255245, 20)]
            custom double urbantwin:heightMetres = 20
            custom string urbantwin:heightSource = "inferred_from_building_type"
        }

        over "osm_way_800175151"
        {
            float3[] extent = [(184.49797, -216.03773, 0.04), (210.19484, -193.96307, 15)]
            point3f[] points = [(190.28842, -193.96307, 0.04), (192.01309, -197.15794, 0.04), (197.25636, -206.87614, 0.04), (200.43558, -205.1507, 0.04), (203.98187, -203.236, 0.04), (206.53079, -201.85564, 0.04), (210.19484, -208.06726, 0.04), (194.70746, -216.03773, 0.04), (184.49797, -197.14682, 0.04), (190.28842, -193.96307, 15), (192.01309, -197.15794, 15), (197.25636, -206.87614, 15), (200.43558, -205.1507, 15), (203.98187, -203.236, 15), (206.53079, -201.85564, 15), (210.19484, -208.06726, 15), (194.70746, -216.03773, 15), (184.49797, -197.14682, 15)]
            custom double urbantwin:heightMetres = 15
            custom string urbantwin:heightSource = "inferred_from_neighbours"
        }

        over "osm_way_800175191"
        {
            float3[] extent = [(177.64778, -197.14682, 0.04), (191.71526, -180.627, 15)]
            point3f[] points = [(184.80966, -180.627, 0.04), (177.64778, -184.7347, 0.04), (184.49797, -197.14682, 0.04), (190.28842, -193.96307, 0.04), (191.71526, -193.17271, 0.04), (190.9395, -191.77008, 0.04), (187.51094, -185.5362, 0.04), (184.80966, -180.627, 15), (177.64778, -184.7347, 15), (184.49797, -197.14682, 15), (190.28842, -193.96307, 15), (191.71526, -193.17271, 15), (190.9395, -191.77008, 15), (187.51094, -185.5362, 15)]
            custom double urbantwin:heightMetres = 15
            custom string urbantwin:heightSource = "inferred_from_neighbours"
        }

        over "osm_way_802681021"
        {
            float3[] extent = [(-159.75694, 253.3409, 0.04), (-141.11113, 269.4822, 27)]
            point3f[] points = [(-145.79337, 269.4822, 0.04), (-141.11113, 263.2038, 0.04), (-155.19246, 253.3409, 0.04), (-159.75694, 259.46347, 0.04), (-156.70934, 261.65646, 0.04), (-151.09897, 265.6751, 0.04), (-149.215, 267.0332, 0.04), (-145.79337, 269.4822, 27), (-141.11113, 263.2038, 27), (-155.19246, 253.3409, 27), (-159.75694, 259.46347, 27), (-156.70934, 261.65646, 27), (-151.09897, 265.6751, 27), (-149.215, 267.0332, 27)]
            custom double urbantwin:heightMetres = 27
            custom string urbantwin:heightSource = "inferred_from_neighbours"
        }

        over "osm_way_802681029"
        {
            float3[] extent = [(-221.11774, 173.79199, 0.04), (-159.41063, 253.29637, 27)]
            point3f[] points = [(-204.58447, 253.29637, 0.04), (-195.65637, 240.71727, 0.04), (-194.07022, 238.47975, 0.04), (-198.87021, 235.03998, 0.04), (-189.49881, 221.60371, 0.04), (-187.00533, 223.37369, 0.04), (-178.9361, 211.11742, 0.04), (-181.20795, 209.72592, 0.04), (-163.45563, 184.56772, 0.04), (-161.55087, 185.88129, 0.04), (-159.41063, 182.87566, 0.04), (-173.78287, 173.79199, 0.04), (-221.11774, 241.78593, 0.04), (-207.7429, 251.10338, 0.04), (-204.58447, 253.29637, 27), (-195.65637, 240.71727, 27), (-194.07022, 238.47975, 27), (-198.87021, 235.03998, 27), (-189.49881, 221.60371, 27), (-187.00533, 223.37369, 27), (-178.9361, 211.11742, 27), (-181.20795, 209.72592, 27), (-163.45563, 184.56772, 27), (-161.55087, 185.88129, 27), (-159.41063, 182.87566, 27), (-173.78287, 173.79199, 27), (-221.11774, 241.78593, 27), (-207.7429, 251.10338, 27)]
            custom double urbantwin:heightMetres = 27
            custom string urbantwin:heightSource = "inferred_from_neighbours"
        }

        over "osm_way_802681037"
        {
            float3[] extent = [(-173.78287, 160.8678, 0.04), (-102.56583, 202.01147, 27)]
            point3f[] points = [(-159.41063, 182.87566, 0.04), (-156.71626, 179.45815, 0.04), (-159.63919, 178.2559, 0.04), (-158.10153, 175.5397, 0.04), (-142.69727, 182.73094, 0.04), (-144.27649, 185.98148, 0.04), (-135.36223, 190.28954, 0.04), (-133.45056, 186.18185, 0.04), (-120.31814, 190.65689, 0.04), (-122.22982, 196.66815, 0.04), (-112.747604, 202.01147, 0.04), (-110.344154, 194.24138, 0.04), (-107.98918, 195.1208, 0.04), (-102.56583, 183.8998, 0.04), (-143.67389, 168.68242, 0.04), (-164.77856, 160.8678, 0.04), (-173.78287, 173.79199, 0.04), (-159.41063, 182.87566, 27), (-156.71626, 179.45815, 27), (-159.63919, 178.2559, 27), (-158.10153, 175.5397, 27), (-142.69727, 182.73094, 27), (-144.27649, 185.98148, 27), (-135.36223, 190.28954, 27), (-133.45056, 186.18185, 27), (-120.31814, 190.65689, 27), (-122.22982, 196.66815, 27), (-112.747604, 202.01147, 27), (-110.344154, 194.24138, 27), (-107.98918, 195.1208, 27), (-102.56583, 183.8998, 27), (-143.67389, 168.68242, 27), (-164.77856, 160.8678, 27), (-173.78287, 173.79199, 27)]
            custom double urbantwin:heightMetres = 27
            custom string urbantwin:heightSource = "inferred_from_neighbours"
        }

        over "osm_way_802681047"
        {
            float3[] extent = [(-119.69476, 203.55882, 0.04), (-113.32942, 209.18045, 27)]
            point3f[] points = [(-113.32942, 206.15256, 0.04), (-118.11555, 203.55882, 0.04), (-119.69476, 206.66463, 0.04), (-114.790886, 209.18045, 0.04), (-113.32942, 206.15256, 27), (-118.11555, 203.55882, 27), (-119.69476, 206.66463, 27), (-114.790886, 209.18045, 27)]
            custom double urbantwin:heightMetres = 27
            custom string urbantwin:heightSource = "inferred_from_neighbours"
        }

        over "osm_way_802693997"
        {
            float3[] extent = [(-160.7405, 267.0332, 0.04), (-144.61588, 286.89258, 7.5)]
            point3f[] points = [(-160.7405, 283.70886, 0.04), (-160.01321, 284.18753, 0.04), (-159.18205, 284.74414, 0.04), (-155.93358, 286.89258, 0.04), (-154.34052, 286.70334, 0.04), (-152.69896, 286.50296, 0.04), (-150.53793, 282.18378, 0.04), (-144.61588, 270.32825, 0.04), (-145.79337, 269.4822, 0.04), (-149.215, 267.0332, 0.04), (-152.1033, 271.4192, 0.04), (-160.7405, 283.70886, 7.5), (-160.01321, 284.18753, 7.5), (-159.18205, 284.74414, 7.5), (-155.93358, 286.89258, 7.5), (-154.34052, 286.70334, 7.5), (-152.69896, 286.50296, 7.5), (-150.53793, 282.18378, 7.5), (-144.61588, 270.32825, 7.5), (-145.79337, 269.4822, 7.5), (-149.215, 267.0332, 7.5), (-152.1033, 271.4192, 7.5)]
            custom double urbantwin:heightMetres = 7.5
            custom string urbantwin:heightSource = "inferred_from_building_type"
        }

        over "osm_way_802693998"
        {
            float3[] extent = [(-166.46169, 267.5564, 0.04), (-152.1033, 283.70886, 7.5)]
            point3f[] points = [(-160.7405, 283.70886, 0.04), (-164.27988, 281.3934, 0.04), (-165.42964, 280.64758, 0.04), (-166.46169, 279.97964, 0.04), (-157.59592, 267.5564, 0.04), (-152.1033, 271.4192, 0.04), (-160.7405, 283.70886, 7.5), (-164.27988, 281.3934, 7.5), (-165.42964, 280.64758, 7.5), (-166.46169, 279.97964, 7.5), (-157.59592, 267.5564, 7.5), (-152.1033, 271.4192, 7.5)]
            custom double urbantwin:heightMetres = 7.5
            custom string urbantwin:heightSource = "inferred_from_building_type"
        }

        over "osm_way_802693999"
        {
            float3[] extent = [(-172.07898, 263.6936, 0.04), (-157.59592, 279.97964, 7.5)]
            point3f[] points = [(-166.46169, 279.97964, 0.04), (-169.93872, 277.49722, 0.04), (-171.01924, 276.77365, 0.04), (-172.07898, 276.07233, 0.04), (-163.24783, 263.6936, 0.04), (-157.59592, 267.5564, 0.04), (-166.46169, 279.97964, 7.5), (-169.93872, 277.49722, 7.5), (-171.01924, 276.77365, 7.5), (-172.07898, 276.07233, 7.5), (-163.24783, 263.6936, 7.5), (-157.59592, 267.5564, 7.5)]
            custom double urbantwin:heightMetres = 7.5
            custom string urbantwin:heightSource = "inferred_from_building_type"
        }

        over "osm_way_802694000"
        {
            float3[] extent = [(-177.57852, 259.74176, 0.04), (-163.24783, 276.07233, 7.5)]
            point3f[] points = [(-172.07898, 276.07233, 0.04), (-175.52138, 273.54538, 0.04), (-176.55342, 272.8441, 0.04), (-177.57852, 272.13162, 0.04), (-168.78201, 259.74176, 0.04), (-163.24783, 263.6936, 0.04), (-172.07898, 276.07233, 7.5), (-175.52138, 273.54538, 7.5), (-176.55342, 272.8441, 7.5), (-177.57852, 272.13162, 7.5), (-168.78201, 259.74176, 7.5), (-163.24783, 263.6936, 7.5)]
            custom double urbantwin:heightMetres = 7.5
            custom string urbantwin:heightSource = "inferred_from_building_type"
        }

        over "osm_way_802694001"
        {
            float3[] extent = [(-183.0365, 255.7788, 0.04), (-168.78201, 272.13162, 7.5)]
            point3f[] points = [(-177.57852, 272.13162, 0.04), (-181.1179, 269.56015, 0.04), (-182.06682, 268.90335, 0.04), (-183.0365, 268.23544, 0.04), (-174.39238, 255.7788, 0.04), (-168.78201, 259.74176, 0.04), (-177.57852, 272.13162, 7.5), (-181.1179, 269.56015, 7.5), (-182.06682, 268.90335, 7.5), (-183.0365, 268.23544, 7.5), (-174.39238, 255.7788, 7.5), (-168.78201, 259.74176, 7.5)]
            custom double urbantwin:heightMetres = 7.5
            custom string urbantwin:heightSource = "inferred_from_building_type"
        }

        over "osm_way_802694002"
        {
            float3[] extent = [(-188.75076, 251.83809, 0.04), (-174.39238, 268.20206, 7.5)]
            point3f[] points = [(-183.06421, 268.20206, 0.04), (-186.50662, 265.84207, 0.04), (-187.62177, 265.0851, 0.04), (-188.75076, 264.30588, 0.04), (-179.94041, 251.83809, 0.04), (-174.39238, 255.7788, 0.04), (-183.06421, 268.20206, 7.5), (-186.50662, 265.84207, 7.5), (-187.62177, 265.0851, 7.5), (-188.75076, 264.30588, 7.5), (-179.94041, 251.83809, 7.5), (-174.39238, 255.7788, 7.5)]
            custom double urbantwin:heightMetres = 7.5
            custom string urbantwin:heightSource = "inferred_from_building_type"
        }

        over "osm_way_802694003"
        {
            float3[] extent = [(-194.2434, 248.08662, 0.04), (-179.94041, 264.30588, 7.5)]
            point3f[] points = [(-188.75076, 264.30588, 0.04), (-192.19318, 261.9125, 0.04), (-193.28755, 261.15552, 0.04), (-194.2434, 260.4876, 0.04), (-185.49538, 248.08662, 0.04), (-179.94041, 251.83809, 0.04), (-188.75076, 264.30588, 7.5), (-192.19318, 261.9125, 7.5), (-193.28755, 261.15552, 7.5), (-194.2434, 260.4876, 7.5), (-185.49538, 248.08662, 7.5), (-179.94041, 251.83809, 7.5)]
            custom double urbantwin:heightMetres = 7.5
            custom string urbantwin:heightSource = "inferred_from_building_type"
        }

        over "osm_way_802694004"
        {
            float3[] extent = [(-204.58447, 240.71727, 0.04), (-185.49538, 260.4876, 7.5)]
            point3f[] points = [(-194.2434, 260.4876, 0.04), (-197.35333, 258.328, 0.04), (-198.67627, 257.40405, 0.04), (-199.77065, 256.6471, 0.04), (-204.58447, 253.29637, 0.04), (-195.65637, 240.71727, 0.04), (-185.49538, 248.08662, 0.04), (-194.2434, 260.4876, 7.5), (-197.35333, 258.328, 7.5), (-198.67627, 257.40405, 7.5), (-199.77065, 256.6471, 7.5), (-204.58447, 253.29637, 7.5), (-195.65637, 240.71727, 7.5), (-185.49538, 248.08662, 7.5)]
            custom double urbantwin:heightMetres = 7.5
            custom string urbantwin:heightSource = "inferred_from_building_type"
        }

        over "osm_way_802707359"
        {
            float3[] extent = [(-144.34575, 282.9964, 0.04), (-134.36484, 299.21567, 7.5)]
            point3f[] points = [(-139.35875, 299.21567, 0.04), (-142.06004, 297.30096, 0.04), (-143.21675, 296.5774, 0.04), (-144.34575, 295.9206, 0.04), (-137.71721, 282.9964, 0.04), (-136.64362, 283.53073, 0.04), (-135.12674, 284.39905, 0.04), (-137.3778, 288.90747, 0.04), (-134.36484, 291.31198, 0.04), (-139.35875, 299.21567, 7.5), (-142.06004, 297.30096, 7.5), (-143.21675, 296.5774, 7.5), (-144.34575, 295.9206, 7.5), (-137.71721, 282.9964, 7.5), (-136.64362, 283.53073, 7.5), (-135.12674, 284.39905, 7.5), (-137.3778, 288.90747, 7.5), (-134.36484, 291.31198, 7.5)]
            custom double urbantwin:heightMetres = 7.5
            custom string urbantwin:heightSource = "inferred_from_building_type"
        }

        over "osm_way_802707360"
        {
            float3[] extent = [(-139.35875, 287.2711, 0.04), (-128.90685, 303.14523, 7.5)]
            point3f[] points = [(-133.89384, 303.14523, 0.04), (-137.31548, 300.6851, 0.04), (-138.36136, 299.9281, 0.04), (-139.35875, 299.21567, 0.04), (-134.36484, 291.31198, 0.04), (-131.82286, 287.2711, 0.04), (-129.44019, 288.9854, 0.04), (-131.69818, 292.98178, 0.04), (-128.90685, 294.9855, 0.04), (-133.89384, 303.14523, 7.5), (-137.31548, 300.6851, 7.5), (-138.36136, 299.9281, 7.5), (-139.35875, 299.21567, 7.5), (-134.36484, 291.31198, 7.5), (-131.82286, 287.2711, 7.5), (-129.44019, 288.9854, 7.5), (-131.69818, 292.98178, 7.5), (-128.90685, 294.9855, 7.5)]
            custom double urbantwin:heightMetres = 7.5
            custom string urbantwin:heightSource = "inferred_from_building_type"
        }

        over "osm_way_802707361"
        {
            float3[] extent = [(-133.89384, 290.77765, 0.04), (-123.15795, 307.23065, 7.5)]
            point3f[] points = [(-133.89384, 303.14523, 0.04), (-126.2956, 290.77765, 0.04), (-123.31033, 292.7925, 0.04), (-126.12937, 296.97815, 0.04), (-123.15795, 299.10434, 0.04), (-128.21422, 307.23065, 0.04), (-131.92676, 304.559, 0.04), (-132.86182, 303.89108, 0.04), (-133.89384, 303.14523, 7.5), (-126.2956, 290.77765, 7.5), (-123.31033, 292.7925, 7.5), (-126.12937, 296.97815, 7.5), (-123.15795, 299.10434, 7.5), (-128.21422, 307.23065, 7.5), (-131.92676, 304.559, 7.5), (-132.86182, 303.89108, 7.5)]
            custom double urbantwin:heightMetres = 7.5
            custom string urbantwin:heightSource = "inferred_from_building_type"
        }

        over "osm_way_802707362"
        {
            float3[] extent = [(-128.21422, 294.8074, 0.04), (-117.92161, 310.6927, 7.5)]
            point3f[] points = [(-128.21422, 307.23065, 0.04), (-123.15795, 299.10434, 0.04), (-120.484375, 294.8074, 0.04), (-117.92161, 296.4104, 0.04), (-120.76836, 300.8298, 0.04), (-118.19174, 302.74448, 0.04), (-123.3796, 310.6927, 0.04), (-126.49647, 308.4663, 0.04), (-127.38997, 307.82065, 0.04), (-128.21422, 307.23065, 7.5), (-123.15795, 299.10434, 7.5), (-120.484375, 294.8074, 7.5), (-117.92161, 296.4104, 7.5), (-120.76836, 300.8298, 7.5), (-118.19174, 302.74448, 7.5), (-123.3796, 310.6927, 7.5), (-126.49647, 308.4663, 7.5), (-127.38997, 307.82065, 7.5)]
            custom double urbantwin:heightMetres = 7.5
            custom string urbantwin:heightSource = "inferred_from_building_type"
        }

        over "osm_way_802707363"
        {
            float3[] extent = [(-123.3796, 298.8149, 0.04), (-113.37098, 314.04343, 7.5)]
            point3f[] points = [(-123.3796, 310.6927, 0.04), (-118.19174, 302.74448, 0.04), (-115.622055, 298.8149, 0.04), (-113.37098, 300.31772, 0.04), (-116.12075, 304.15823, 0.04), (-113.65496, 306.32898, 0.04), (-118.71122, 314.04343, 0.04), (-121.668785, 311.9172, 0.04), (-122.506874, 311.3161, 0.04), (-123.3796, 310.6927, 7.5), (-118.19174, 302.74448, 7.5), (-115.622055, 298.8149, 7.5), (-113.37098, 300.31772, 7.5), (-116.12075, 304.15823, 7.5), (-113.65496, 306.32898, 7.5), (-118.71122, 314.04343, 7.5), (-121.668785, 311.9172, 7.5), (-122.506874, 311.3161, 7.5)]
            custom double urbantwin:heightMetres = 7.5
            custom string urbantwin:heightSource = "inferred_from_building_type"
        }

        over "osm_way_802707364"
        {
            float3[] extent = [(-118.71122, 300.74072, 0.04), (-107.982254, 317.0379, 7.5)]
            point3f[] points = [(-118.71122, 314.04343, 0.04), (-113.65496, 306.32898, 0.04), (-109.990906, 300.74072, 0.04), (-107.982254, 302.07657, 0.04), (-111.44545, 307.52008, 0.04), (-109.35368, 309.03403, 0.04), (-114.54846, 317.0379, 0.04), (-117.069664, 315.2234, 0.04), (-117.81079, 314.68906, 0.04), (-118.71122, 314.04343, 7.5), (-113.65496, 306.32898, 7.5), (-109.990906, 300.74072, 7.5), (-107.982254, 302.07657, 7.5), (-111.44545, 307.52008, 7.5), (-109.35368, 309.03403, 7.5), (-114.54846, 317.0379, 7.5), (-117.069664, 315.2234, 7.5), (-117.81079, 314.68906, 7.5)]
            custom double urbantwin:heightMetres = 7.5
            custom string urbantwin:heightSource = "inferred_from_building_type"
        }

        over "osm_way_802707365"
        {
            float3[] extent = [(-114.54846, 305.9505, 0.04), (-105.37101, 319.95447, 7.5)]
            point3f[] points = [(-114.54846, 317.0379, 0.04), (-109.35368, 309.03403, 0.04), (-107.28962, 305.9505, 0.04), (-105.56495, 307.18613, 0.04), (-107.587456, 310.28082, 0.04), (-105.37101, 311.99515, 0.04), (-110.48961, 319.95447, 0.04), (-112.89999, 318.2179, 0.04), (-113.68959, 317.6613, 0.04), (-114.54846, 317.0379, 7.5), (-109.35368, 309.03403, 7.5), (-107.28962, 305.9505, 7.5), (-105.56495, 307.18613, 7.5), (-107.587456, 310.28082, 7.5), (-105.37101, 311.99515, 7.5), (-110.48961, 319.95447, 7.5), (-112.89999, 318.2179, 7.5), (-113.68959, 317.6613, 7.5)]
            custom double urbantwin:heightMetres = 7.5
            custom string urbantwin:heightSource = "inferred_from_building_type"
        }

        over "osm_way_802707366"
        {
            float3[] extent = [(-110.48961, 308.80026, 0.04), (-101.21519, 322.93784, 7.5)]
            point3f[] points = [(-110.48961, 319.95447, 0.04), (-105.37101, 311.99515, 0.04), (-103.2931, 308.80026, 0.04), (-101.38834, 309.98026, 0.04), (-103.57015, 313.15286, 0.04), (-101.21519, 314.95624, 0.04), (-106.340706, 322.93784, 0.04), (-109.01429, 321.01202, 0.04), (-109.72078, 320.51108, 0.04), (-110.48961, 319.95447, 7.5), (-105.37101, 311.99515, 7.5), (-103.2931, 308.80026, 7.5), (-101.38834, 309.98026, 7.5), (-103.57015, 313.15286, 7.5), (-101.21519, 314.95624, 7.5), (-106.340706, 322.93784, 7.5), (-109.01429, 321.01202, 7.5), (-109.72078, 320.51108, 7.5)]
            custom double urbantwin:heightMetres = 7.5
            custom string urbantwin:heightSource = "inferred_from_building_type"
        }

        over "osm_way_802707367"
        {
            float3[] extent = [(-102.309555, 310.5925, 0.04), (-90.17454, 328.604, 7.5)]
            point3f[] points = [(-102.309555, 325.83215, 0.04), (-97.23251, 317.71695, 0.04), (-94.46197, 313.754, 0.04), (-92.43946, 310.5925, 0.04), (-90.17454, 312.21777, 0.04), (-95.078415, 319.25317, 0.04), (-93.08362, 320.6558, 0.04), (-98.44463, 328.604, 0.04), (-100.903496, 326.834, 0.04), (-101.6654, 326.28857, 0.04), (-102.309555, 325.83215, 7.5), (-97.23251, 317.71695, 7.5), (-94.46197, 313.754, 7.5), (-92.43946, 310.5925, 7.5), (-90.17454, 312.21777, 7.5), (-95.078415, 319.25317, 7.5), (-93.08362, 320.6558, 7.5), (-98.44463, 328.604, 7.5), (-100.903496, 326.834, 7.5), (-101.6654, 326.28857, 7.5)]
            custom double urbantwin:heightMetres = 7.5
            custom string urbantwin:heightSource = "inferred_from_building_type"
        }

        over "osm_way_802707368"
        {
            float3[] extent = [(-98.44463, 317.40527, 0.04), (-89.01783, 331.37585, 7.5)]
            point3f[] points = [(-98.44463, 328.604, 0.04), (-93.08362, 320.6558, 0.04), (-90.887955, 317.40527, 0.04), (-89.08017, 318.7077, 0.04), (-91.37972, 321.9137, 0.04), (-89.01783, 323.53897, 0.04), (-94.600494, 331.37585, 0.04), (-96.969315, 329.67267, 0.04), (-97.62732, 329.194, 0.04), (-98.44463, 328.604, 7.5), (-93.08362, 320.6558, 7.5), (-90.887955, 317.40527, 7.5), (-89.08017, 318.7077, 7.5), (-91.37972, 321.9137, 7.5), (-89.01783, 323.53897, 7.5), (-94.600494, 331.37585, 7.5), (-96.969315, 329.67267, 7.5), (-97.62732, 329.194, 7.5)]
            custom double urbantwin:heightMetres = 7.5
            custom string urbantwin:heightSource = "inferred_from_building_type"
        }

        over "osm_way_802707369"
        {
            float3[] extent = [(-94.600494, 320.2439, 0.04), (-84.57802, 334.30356, 7.5)]
            point3f[] points = [(-94.600494, 331.37585, 0.04), (-89.01783, 323.53897, 0.04), (-86.52433, 320.2439, 0.04), (-84.57802, 321.59088, 0.04), (-87.050735, 325.01953, 0.04), (-85.17369, 326.46667, 0.04), (-90.64553, 334.30356, 0.04), (-93.13902, 332.42227, 0.04), (-93.90785, 331.8768, 0.04), (-94.600494, 331.37585, 7.5), (-89.01783, 323.53897, 7.5), (-86.52433, 320.2439, 7.5), (-84.57802, 321.59088, 7.5), (-87.050735, 325.01953, 7.5), (-85.17369, 326.46667, 7.5), (-90.64553, 334.30356, 7.5), (-93.13902, 332.42227, 7.5), (-93.90785, 331.8768, 7.5)]
            custom double urbantwin:heightMetres = 7.5
            custom string urbantwin:heightSource = "inferred_from_building_type"
        }

        over "osm_way_802707386"
        {
            float3[] extent = [(-106.340706, 312.21777, 0.04), (-94.46197, 325.83215, 7.5)]
            point3f[] points = [(-102.309555, 325.83215, 0.04), (-104.906944, 323.9731, 0.04), (-105.62729, 323.44992, 0.04), (-106.340706, 322.93784, 0.04), (-101.21519, 314.95624, 0.04), (-100.19008, 313.21967, 0.04), (-98.22991, 314.67795, 0.04), (-96.60222, 312.21777, 0.04), (-94.46197, 313.754, 0.04), (-97.23251, 317.71695, 0.04), (-102.309555, 325.83215, 7.5), (-104.906944, 323.9731, 7.5), (-105.62729, 323.44992, 7.5), (-106.340706, 322.93784, 7.5), (-101.21519, 314.95624, 7.5), (-100.19008, 313.21967, 7.5), (-98.22991, 314.67795, 7.5), (-96.60222, 312.21777, 7.5), (-94.46197, 313.754, 7.5), (-97.23251, 317.71695, 7.5)]
            custom double urbantwin:heightMetres = 7.5
            custom string urbantwin:heightSource = "inferred_from_building_type"
        }

        over "osm_way_802707391"
        {
            float3[] extent = [(-86.51741, 329.58362, 0.04), (-77.007484, 339.9586, 7.5)]
            point3f[] points = [(-86.51741, 337.2424, 0.04), (-85.63776, 337.82126, 0.04), (-84.862, 338.24426, 0.04), (-83.47672, 339.14597, 0.04), (-82.1053, 339.9586, 0.04), (-77.007484, 332.23303, 0.04), (-80.969376, 329.58362, 0.04), (-86.51741, 337.2424, 7.5), (-85.63776, 337.82126, 7.5), (-84.862, 338.24426, 7.5), (-83.47672, 339.14597, 7.5), (-82.1053, 339.9586, 7.5), (-77.007484, 332.23303, 7.5), (-80.969376, 329.58362, 7.5)]
            custom double urbantwin:heightMetres = 7.5
            custom string urbantwin:heightSource = "inferred_from_building_type"
        }

        over "osm_way_802723432"
        {
            float3[] extent = [(-59.67076, 201.71092, 0.04), (-44.598957, 217.77432, 21)]
            point3f[] points = [(-59.67076, 214.72417, 0.04), (-58.680286, 211.82986, 0.04), (-55.279434, 201.71092, 0.04), (-44.598957, 205.44012, 0.04), (-48.35998, 216.69452, 0.04), (-50.54179, 216.04887, 0.04), (-51.185944, 217.77432, 0.04), (-59.67076, 214.72417, 21), (-58.680286, 211.82986, 21), (-55.279434, 201.71092, 21), (-44.598957, 205.44012, 21), (-48.35998, 216.69452, 21), (-50.54179, 216.04887, 21), (-51.185944, 217.77432, 21)]
            custom double urbantwin:heightMetres = 21
            custom string urbantwin:heightSource = "inferred_from_neighbours"
        }

        over "osm_way_802723435"
        {
            float3[] extent = [(-96.456764, 189.1652, 0.04), (-85.29836, 203.59222, 21)]
            point3f[] points = [(-90.50008, 189.1652, 0.04), (-85.29836, 191.07991, 0.04), (-88.9832, 201.06526, 0.04), (-91.06804, 200.34169, 0.04), (-92.36327, 203.59222, 0.04), (-96.456764, 202.34544, 0.04), (-90.50008, 189.1652, 21), (-85.29836, 191.07991, 21), (-88.9832, 201.06526, 21), (-91.06804, 200.34169, 21), (-92.36327, 203.59222, 21), (-96.456764, 202.34544, 21)]
            custom double urbantwin:heightMetres = 21
            custom string urbantwin:heightSource = "inferred_from_neighbours"
        }

        over "osm_way_802723436"
        {
            float3[] extent = [(-88.9832, 191.07991, 0.04), (-55.279434, 211.82986, 21)]
            point3f[] points = [(-85.29836, 191.07991, 0.04), (-55.279434, 201.71092, 0.04), (-58.680286, 211.82986, 0.04), (-61.35387, 210.81685, 0.04), (-63.099316, 210.14894, 0.04), (-68.38415, 208.14519, 0.04), (-73.21183, 206.46426, 0.04), (-74.507065, 209.71478, 0.04), (-76.59883, 208.95781, 0.04), (-76.37026, 208.34557, 0.04), (-78.22653, 207.67764, 0.04), (-78.30965, 207.43274, 0.04), (-79.39709, 204.2824, 0.04), (-82.81872, 203.12468, 0.04), (-88.9832, 201.06526, 0.04), (-85.29836, 191.07991, 21), (-55.279434, 201.71092, 21), (-58.680286, 211.82986, 21), (-61.35387, 210.81685, 21), (-63.099316, 210.14894, 21), (-68.38415, 208.14519, 21), (-73.21183, 206.46426, 21), (-74.507065, 209.71478, 21), (-76.59883, 208.95781, 21), (-76.37026, 208.34557, 21), (-78.22653, 207.67764, 21), (-78.30965, 207.43274, 21), (-79.39709, 204.2824, 21), (-82.81872, 203.12468, 21), (-88.9832, 201.06526, 21)]
            custom double urbantwin:heightMetres = 21
            custom string urbantwin:heightSource = "inferred_from_neighbours"
        }

        over "osm_way_802723460"
        {
            float3[] extent = [(-86.025635, 256.01257, 0.04), (-66.444756, 316.32547, 24)]
            point3f[] points = [(-66.444756, 256.78067, 0.04), (-68.654274, 256.01257, 0.04), (-76.27329, 282.11697, 0.04), (-78.17112, 281.66058, 0.04), (-81.19102, 292.38065, 0.04), (-79.52177, 292.93723, 0.04), (-86.025635, 315.17886, 0.04), (-84.42564, 316.32547, 0.04), (-77.63779, 292.91498, 0.04), (-74.09841, 282.6402, 0.04), (-66.444756, 256.78067, 24), (-68.654274, 256.01257, 24), (-76.27329, 282.11697, 24), (-78.17112, 281.66058, 24), (-81.19102, 292.38065, 24), (-79.52177, 292.93723, 24), (-86.025635, 315.17886, 24), (-84.42564, 316.32547, 24), (-77.63779, 292.91498, 24), (-74.09841, 282.6402, 24)]
            custom double urbantwin:heightMetres = 24
            custom string urbantwin:heightSource = "inferred_from_neighbours"
        }

        over "osm_way_803942418"
        {
            float3[] extent = [(-202.00093, 339.83615, 0.04), (-191.84686, 349.30942, 7.5)]
            point3f[] points = [(-202.00093, 344.75647, 0.04), (-198.62779, 339.83615, 0.04), (-191.84686, 344.4893, 0.04), (-195.14381, 349.30942, 0.04), (-202.00093, 344.75647, 7.5), (-198.62779, 339.83615, 7.5), (-191.84686, 344.4893, 7.5), (-195.14381, 349.30942, 7.5)]
            custom double urbantwin:heightMetres = 7.5
            custom string urbantwin:heightSource = "inferred_from_building_type"
        }

        over "osm_way_803942419"
        {
            float3[] extent = [(-205.31866, 344.75647, 0.04), (-195.14381, 354.11844, 7.5)]
            point3f[] points = [(-205.31866, 349.58774, 0.04), (-202.00093, 344.75647, 0.04), (-195.14381, 349.30942, 0.04), (-198.42693, 354.11844, 0.04), (-205.31866, 349.58774, 7.5), (-202.00093, 344.75647, 7.5), (-195.14381, 349.30942, 7.5), (-198.42693, 354.11844, 7.5)]
            custom double urbantwin:heightMetres = 7.5
            custom string urbantwin:heightSource = "inferred_from_building_type"
        }

        over "osm_way_803942420"
        {
            float3[] extent = [(-208.66411, 349.58774, 0.04), (-198.42693, 358.97195, 7.5)]
            point3f[] points = [(-208.66411, 354.46353, 0.04), (-205.31866, 349.58774, 0.04), (-198.42693, 354.11844, 0.04), (-201.74466, 358.97195, 0.04), (-208.66411, 354.46353, 7.5), (-205.31866, 349.58774, 7.5), (-198.42693, 354.11844, 7.5), (-201.74466, 358.97195, 7.5)]
            custom double urbantwin:heightMetres = 7.5
            custom string urbantwin:heightSource = "inferred_from_building_type"
        }

        over "osm_way_803942421"
        {
            float3[] extent = [(-211.89873, 354.46353, 0.04), (-201.74466, 363.66965, 7.5)]
            point3f[] points = [(-211.89873, 359.18347, 0.04), (-208.66411, 354.46353, 0.04), (-201.74466, 358.97195, 0.04), (-204.95157, 363.66965, 0.04), (-211.89873, 359.18347, 7.5), (-208.66411, 354.46353, 7.5), (-201.74466, 358.97195, 7.5), (-204.95157, 363.66965, 7.5)]
            custom double urbantwin:heightMetres = 7.5
            custom string urbantwin:heightSource = "inferred_from_building_type"
        }

        over "osm_way_803942441"
        {
            float3[] extent = [(-201.52994, 377.7293, 0.04), (-190.96028, 386.9911, 7.5)]
            point3f[] points = [(-190.96028, 382.67188, 0.04), (-193.89014, 386.9911, 0.04), (-201.52994, 382.13754, 0.04), (-198.53775, 377.7293, 0.04), (-190.96028, 382.67188, 7.5), (-193.89014, 386.9911, 7.5), (-201.52994, 382.13754, 7.5), (-198.53775, 377.7293, 7.5)]
            custom double urbantwin:heightMetres = 7.5
            custom string urbantwin:heightSource = "inferred_from_building_type"
        }

        over "osm_way_803942442"
        {
            float3[] extent = [(-198.53775, 373.27652, 0.04), (-187.92653, 382.67188, 7.5)]
            point3f[] points = [(-187.92653, 378.19684, 0.04), (-190.96028, 382.67188, 0.04), (-198.53775, 377.7293, 0.04), (-195.52477, 373.27652, 0.04), (-187.92653, 378.19684, 7.5), (-190.96028, 382.67188, 7.5), (-198.53775, 377.7293, 7.5), (-195.52477, 373.27652, 7.5)]
            custom double urbantwin:heightMetres = 7.5
            custom string urbantwin:heightSource = "inferred_from_building_type"
        }

        over "osm_way_803942443"
        {
            float3[] extent = [(-195.52477, 369.11316, 0.04), (-185.0036, 378.19684, 7.5)]
            point3f[] points = [(-185.0036, 373.88876, 0.04), (-187.92653, 378.19684, 0.04), (-195.52477, 373.27652, 0.04), (-192.6988, 369.11316, 0.04), (-185.0036, 373.88876, 7.5), (-187.92653, 378.19684, 7.5), (-195.52477, 373.27652, 7.5), (-192.6988, 369.11316, 7.5)]
            custom double urbantwin:heightMetres = 7.5
            custom string urbantwin:heightSource = "inferred_from_building_type"
        }

        over "osm_way_803942444"
        {
            float3[] extent = [(-192.6988, 364.5602, 0.04), (-182.02525, 373.88876, 7.5)]
            point3f[] points = [(-182.02525, 369.48053, 0.04), (-185.0036, 373.88876, 0.04), (-192.6988, 369.11316, 0.04), (-189.60963, 364.5602, 0.04), (-182.02525, 369.48053, 7.5), (-185.0036, 373.88876, 7.5), (-192.6988, 369.11316, 7.5), (-189.60963, 364.5602, 7.5)]
            custom double urbantwin:heightMetres = 7.5
            custom string urbantwin:heightSource = "inferred_from_building_type"
        }

        over "osm_way_803942445"
        {
            float3[] extent = [(-189.60963, 359.90704, 0.04), (-178.99843, 369.48053, 7.5)]
            point3f[] points = [(-178.99843, 365.0166, 0.04), (-182.02525, 369.48053, 0.04), (-189.60963, 364.5602, 0.04), (-186.45122, 359.90704, 0.04), (-178.99843, 365.0166, 7.5), (-182.02525, 369.48053, 7.5), (-189.60963, 364.5602, 7.5), (-186.45122, 359.90704, 7.5)]
            custom double urbantwin:heightMetres = 7.5
            custom string urbantwin:heightSource = "inferred_from_building_type"
        }

        over "osm_way_803942446"
        {
            float3[] extent = [(-186.45122, 355.50992, 0.04), (-176.02701, 365.0166, 7.5)]
            point3f[] points = [(-183.47287, 355.50992, 0.04), (-186.45122, 359.90704, 0.04), (-178.99843, 365.0166, 0.04), (-176.02701, 360.6306, 0.04), (-183.47287, 355.50992, 7.5), (-186.45122, 359.90704, 7.5), (-178.99843, 365.0166, 7.5), (-176.02701, 360.6306, 7.5)]
            custom double urbantwin:heightMetres = 7.5
            custom string urbantwin:heightSource = "inferred_from_building_type"
        }

        over "osm_way_803942447"
        {
            float3[] extent = [(-183.47287, 351.12393, 0.04), (-173.06252, 360.6306, 7.5)]
            point3f[] points = [(-180.50145, 351.12393, 0.04), (-173.06252, 356.25577, 0.04), (-176.02701, 360.6306, 0.04), (-183.47287, 355.50992, 0.04), (-180.50145, 351.12393, 7.5), (-173.06252, 356.25577, 7.5), (-176.02701, 360.6306, 7.5), (-183.47287, 355.50992, 7.5)]
            custom double urbantwin:heightMetres = 7.5
            custom string urbantwin:heightSource = "inferred_from_building_type"
        }

        over "osm_way_804410340"
        {
            float3[] extent = [(-12.176576, 53.900898, 0.04), (-1.9740182, 66.01246, 9)]
            point3f[] points = [(-8.498668, 53.900898, 0.04), (-1.9740182, 56.160683, 0.04), (-5.714263, 66.01246, 0.04), (-12.176576, 63.663616, 0.04), (-8.498668, 53.900898, 9), (-1.9740182, 56.160683, 9), (-5.714263, 66.01246, 9), (-12.176576, 63.663616, 9)]
            custom double urbantwin:heightMetres = 9
            custom string urbantwin:heightSource = "inferred_from_neighbours"
        }

        over "osm_way_804410341"
        {
            float3[] extent = [(-17.911617, 51.841488, 0.04), (-8.498668, 63.663616, 9)]
            point3f[] points = [(-14.48306, 51.841488, 0.04), (-8.498668, 53.900898, 0.04), (-12.176576, 63.663616, 0.04), (-17.911617, 61.581944, 0.04), (-14.48306, 51.841488, 9), (-8.498668, 53.900898, 9), (-12.176576, 63.663616, 9), (-17.911617, 61.581944, 9)]
            custom double urbantwin:heightMetres = 9
            custom string urbantwin:heightSource = "inferred_from_neighbours"
        }

        over "osm_way_804410342"
        {
            float3[] extent = [(-24.477825, 49.492645, 0.04), (-14.48306, 61.581944, 9)]
            point3f[] points = [(-17.911617, 61.581944, 0.04), (-14.48306, 51.841488, 0.04), (-19.98953, 49.81547, 0.04), (-20.85533, 49.492645, 0.04), (-24.477825, 59.188572, 0.04), (-17.911617, 61.581944, 9), (-14.48306, 51.841488, 9), (-19.98953, 49.81547, 9), (-20.85533, 49.492645, 9), (-24.477825, 59.188572, 9)]
            custom double urbantwin:heightMetres = 9
            custom string urbantwin:heightSource = "inferred_from_neighbours"
        }

        over "osm_way_804410344"
        {
            float3[] extent = [(0.92813486, 40.84312, 0.04), (6.3584166, 50.338673, 9)]
            point3f[] points = [(4.4259567, 40.84312, 0.04), (6.3584166, 41.566696, 0.04), (3.0614598, 50.338673, 0.04), (0.92813486, 49.592834, 0.04), (4.4259567, 40.84312, 9), (6.3584166, 41.566696, 9), (3.0614598, 50.338673, 9), (0.92813486, 49.592834, 9)]
            custom double urbantwin:heightMetres = 9
            custom string urbantwin:heightSource = "inferred_from_neighbours"
        }

        over "osm_way_804410345"
        {
            float3[] extent = [(3.9895947, 42.123295, 0.04), (11.109913, 53.95656, 9)]
            point3f[] points = [(3.9895947, 52.87676, 0.04), (8.006895, 42.123295, 0.04), (11.109913, 43.169697, 0.04), (7.1480236, 53.95656, 0.04), (3.9895947, 52.87676, 9), (8.006895, 42.123295, 9), (11.109913, 43.169697, 9), (7.1480236, 53.95656, 9)]
            custom double urbantwin:heightMetres = 9
            custom string urbantwin:heightSource = "inferred_from_neighbours"
        }

        over "osm_way_804410349"
        {
            float3[] extent = [(0.19393863, 22.241634, 0.04), (18.375685, 38.24938, 9)]
            point3f[] points = [(18.375685, 30.21211, 0.04), (12.716833, 28.141567, 0.04), (13.783495, 24.79085, 0.04), (5.381797, 22.241634, 0.04), (0.19393863, 28.776089, 0.04), (1.897828, 33.40698, 0.04), (15.709029, 38.24938, 0.04), (18.375685, 30.21211, 9), (12.716833, 28.141567, 9), (13.783495, 24.79085, 9), (5.381797, 22.241634, 9), (0.19393863, 28.776089, 9), (1.897828, 33.40698, 9), (15.709029, 38.24938, 9)]
            custom double urbantwin:heightMetres = 9
            custom string urbantwin:heightSource = "inferred_from_neighbours"
        }

        over "osm_way_804410351"
        {
            float3[] extent = [(15.709029, 30.21211, 0.04), (34.708088, 44.115913, 9)]
            point3f[] points = [(15.709029, 38.24938, 0.04), (18.375685, 30.21211, 0.04), (34.708088, 36.1677, 0.04), (31.944462, 44.115913, 0.04), (15.709029, 38.24938, 9), (18.375685, 30.21211, 9), (34.708088, 36.1677, 9), (31.944462, 44.115913, 9)]
            custom double urbantwin:heightMetres = 9
            custom string urbantwin:heightSource = "inferred_from_neighbours"
        }

        over "osm_way_804410352"
        {
            float3[] extent = [(31.944462, 36.1677, 0.04), (48.242233, 48.980576, 9)]
            point3f[] points = [(31.944462, 44.115913, 0.04), (34.708088, 36.1677, 0.04), (48.242233, 41.088024, 0.04), (45.41627, 48.980576, 0.04), (31.944462, 44.115913, 9), (34.708088, 36.1677, 9), (48.242233, 41.088024, 9), (45.41627, 48.980576, 9)]
            custom double urbantwin:heightMetres = 9
            custom string urbantwin:heightSource = "inferred_from_neighbours"
        }

        over "osm_way_804410353"
        {
            float3[] extent = [(45.41627, 41.088024, 0.04), (64.4846, 54.869377, 9)]
            point3f[] points = [(45.41627, 48.980576, 0.04), (48.242233, 41.088024, 0.04), (64.4846, 46.99909, 0.04), (61.720966, 54.869377, 0.04), (45.41627, 48.980576, 9), (48.242233, 41.088024, 9), (64.4846, 46.99909, 9), (61.720966, 54.869377, 9)]
            custom double urbantwin:heightMetres = 9
            custom string urbantwin:heightSource = "inferred_from_neighbours"
        }

        over "osm_way_804410354"
        {
            float3[] extent = [(61.720966, 46.99909, 0.04), (72.10361, 57.596706, 9)]
            point3f[] points = [(61.720966, 54.869377, 0.04), (64.4846, 46.99909, 0.04), (72.10361, 49.782078, 0.04), (69.263794, 57.596706, 0.04), (61.720966, 54.869377, 9), (64.4846, 46.99909, 9), (72.10361, 49.782078, 9), (69.263794, 57.596706, 9)]
            custom double urbantwin:heightMetres = 9
            custom string urbantwin:heightSource = "inferred_from_neighbours"
        }

        over "osm_way_804410355"
        {
            float3[] extent = [(69.263794, 49.782078, 0.04), (79.92349, 60.390823, 9)]
            point3f[] points = [(69.263794, 57.596706, 0.04), (72.10361, 49.782078, 0.04), (79.92349, 52.631855, 0.04), (77.007484, 60.390823, 0.04), (69.263794, 57.596706, 9), (72.10361, 49.782078, 9), (79.92349, 52.631855, 9), (77.007484, 60.390823, 9)]
            custom double urbantwin:heightMetres = 9
            custom string urbantwin:heightSource = "inferred_from_neighbours"
        }

        over "osm_way_804410356"
        {
            float3[] extent = [(77.007484, 52.631855, 0.04), (88.17281, 63.35192, 9)]
            point3f[] points = [(85.20139, 63.35192, 0.04), (77.007484, 60.390823, 0.04), (79.92349, 52.631855, 0.04), (88.17281, 55.63748, 0.04), (85.20139, 63.35192, 9), (77.007484, 60.390823, 9), (79.92349, 52.631855, 9), (88.17281, 55.63748, 9)]
            custom double urbantwin:heightMetres = 9
            custom string urbantwin:heightSource = "inferred_from_neighbours"
        }

        over "osm_way_804410371"
        {
            float3[] extent = [(51.857803, 18.90205, 0.04), (64.678535, 32.727932, 7.5)]
            point3f[] points = [(55.88203, 18.90205, 0.04), (51.857803, 29.733437, 0.04), (60.252575, 32.727932, 0.04), (64.678535, 22.04126, 0.04), (55.88203, 18.90205, 7.5), (51.857803, 29.733437, 7.5), (60.252575, 32.727932, 7.5), (64.678535, 22.04126, 7.5)]
            custom double urbantwin:heightMetres = 7.5
            custom string urbantwin:heightSource = "inferred_from_building_type"
        }

        over "osm_way_804410372"
        {
            float3[] extent = [(59.59457, 22.04126, 0.04), (72.422226, 37.425613, 7.5)]
            point3f[] points = [(64.678535, 22.04126, 0.04), (60.252575, 32.727932, 0.04), (59.59457, 34.575832, 0.04), (67.56683, 37.425613, 0.04), (72.422226, 24.801983, 0.04), (64.678535, 22.04126, 7.5), (60.252575, 32.727932, 7.5), (59.59457, 34.575832, 7.5), (67.56683, 37.425613, 7.5), (72.422226, 24.801983, 7.5)]
            custom double urbantwin:heightMetres = 7.5
            custom string urbantwin:heightSource = "inferred_from_building_type"
        }

        over "osm_way_804410373"
        {
            float3[] extent = [(67.56683, 24.801983, 0.04), (80.3183, 40.286522, 7.5)]
            point3f[] points = [(72.422226, 24.801983, 0.04), (67.56683, 37.425613, 0.04), (75.622215, 40.286522, 0.04), (80.3183, 27.607233, 0.04), (72.422226, 24.801983, 7.5), (67.56683, 37.425613, 7.5), (75.622215, 40.286522, 7.5), (80.3183, 27.607233, 7.5)]
            custom double urbantwin:heightMetres = 7.5
            custom string urbantwin:heightSource = "inferred_from_building_type"
        }

        over "osm_way_804410374"
        {
            float3[] extent = [(75.622215, 27.607233, 0.04), (87.784935, 42.969322, 21)]
            point3f[] points = [(80.3183, 27.607233, 0.04), (75.622215, 40.286522, 0.04), (83.12348, 42.969322, 0.04), (87.784935, 30.278902, 0.04), (80.3183, 27.607233, 21), (75.622215, 40.286522, 21), (83.12348, 42.969322, 21), (87.784935, 30.278902, 21)]
            custom double urbantwin:heightMetres = 21
            custom string urbantwin:heightSource = "inferred_from_building_type"
        }

        over "osm_way_804410375"
        {
            float3[] extent = [(83.12348, 30.278902, 0.04), (95.96499, 45.91929, 21)]
            point3f[] points = [(87.784935, 30.278902, 0.04), (83.12348, 42.969322, 0.04), (91.42821, 45.91929, 0.04), (95.96499, 33.18434, 0.04), (87.784935, 30.278902, 21), (83.12348, 42.969322, 21), (91.42821, 45.91929, 21), (95.96499, 33.18434, 21)]
            custom double urbantwin:heightMetres = 21
            custom string urbantwin:heightSource = "inferred_from_building_type"
        }

        over "osm_way_804410376"
        {
            float3[] extent = [(91.42821, 33.18434, 0.04), (105.50954, 49.258873, 7.5)]
            point3f[] points = [(105.50954, 36.245625, 0.04), (95.96499, 33.18434, 0.04), (91.42821, 45.91929, 0.04), (100.778824, 49.258873, 0.04), (105.50954, 36.245625, 7.5), (95.96499, 33.18434, 7.5), (91.42821, 45.91929, 7.5), (100.778824, 49.258873, 7.5)]
            custom double urbantwin:heightMetres = 7.5
            custom string urbantwin:heightSource = "inferred_from_building_type"
        }

        over "osm_way_804410377"
        {
            float3[] extent = [(100.778824, 36.245625, 0.04), (113.2186, 51.97507, 7.5)]
            point3f[] points = [(108.328575, 51.97507, 0.04), (100.778824, 49.258873, 0.04), (105.50954, 36.245625, 0.04), (113.2186, 39.062008, 0.04), (108.328575, 51.97507, 7.5), (100.778824, 49.258873, 7.5), (105.50954, 36.245625, 7.5), (113.2186, 39.062008, 7.5)]
            custom double urbantwin:heightMetres = 7.5
            custom string urbantwin:heightSource = "inferred_from_building_type"
        }

        over "osm_way_804410378"
        {
            float3[] extent = [(108.328575, 39.062008, 0.04), (120.84454, 54.769188, 18)]
            point3f[] points = [(108.328575, 51.97507, 0.04), (113.2186, 39.062008, 0.04), (120.84454, 41.87839, 0.04), (116.328545, 54.769188, 0.04), (108.328575, 51.97507, 18), (113.2186, 39.062008, 18), (120.84454, 41.87839, 18), (116.328545, 54.769188, 18)]
            custom double urbantwin:heightMetres = 18
            custom string urbantwin:heightSource = "inferred_from_building_type"
        }

        over "osm_way_804410380"
        {
            float3[] extent = [(124.42548, 44.705906, 0.04), (134.54492, 58.631977, 7.5)]
            point3f[] points = [(124.42548, 56.394455, 0.04), (128.51897, 44.705906, 0.04), (134.54492, 46.932297, 0.04), (130.4445, 58.631977, 0.04), (124.42548, 56.394455, 7.5), (128.51897, 44.705906, 7.5), (134.54492, 46.932297, 7.5), (130.4445, 58.631977, 7.5)]
            custom double urbantwin:heightMetres = 7.5
            custom string urbantwin:heightSource = "inferred_from_building_type"
        }

        over "osm_way_804410381"
        {
            float3[] extent = [(130.4445, 46.932297, 0.04), (140.62628, 60.81384, 7.5)]
            point3f[] points = [(130.4445, 58.631977, 0.04), (134.54492, 46.932297, 0.04), (140.62628, 49.16982, 0.04), (136.34578, 60.81384, 0.04), (130.4445, 58.631977, 7.5), (134.54492, 46.932297, 7.5), (140.62628, 49.16982, 7.5), (136.34578, 60.81384, 7.5)]
            custom double urbantwin:heightMetres = 7.5
            custom string urbantwin:heightSource = "inferred_from_building_type"
        }

        over "osm_way_804410386"
        {
            float3[] extent = [(160.20715, 57.607838, 0.04), (169.75171, 68.78432, 9)]
            point3f[] points = [(160.20715, 66.680374, 0.04), (163.47641, 57.607838, 0.04), (169.75171, 59.923283, 0.04), (166.39934, 68.78432, 0.04), (160.20715, 66.680374, 9), (163.47641, 57.607838, 9), (169.75171, 59.923283, 9), (166.39934, 68.78432, 9)]
            custom double urbantwin:heightMetres = 9
            custom string urbantwin:heightSource = "inferred_from_neighbours"
        }

        over "osm_way_804410387"
        {
            float3[] extent = [(158.32318, 66.680374, 0.04), (166.39934, 74.04973, 9)]
            point3f[] points = [(158.32318, 71.8122, 0.04), (160.20715, 66.680374, 0.04), (166.39934, 68.78432, 0.04), (164.4461, 74.04973, 0.04), (158.32318, 71.8122, 9), (160.20715, 66.680374, 9), (166.39934, 68.78432, 9), (164.4461, 74.04973, 9)]
            custom double urbantwin:heightMetres = 9
            custom string urbantwin:heightSource = "inferred_from_neighbours"
        }

        over "osm_way_804410395"
        {
            float3[] extent = [(34.34099, 52.44261, 0.04), (46.441376, 65.38907, 9)]
            point3f[] points = [(37.908073, 52.44261, 0.04), (46.441376, 55.40371, 0.04), (42.998962, 65.38907, 0.04), (34.34099, 62.48363, 0.04), (37.908073, 52.44261, 9), (46.441376, 55.40371, 9), (42.998962, 65.38907, 9), (34.34099, 62.48363, 9)]
            custom double urbantwin:heightMetres = 9
            custom string urbantwin:heightSource = "inferred_from_neighbours"
        }

        over "osm_way_804410398"
        {
            float3[] extent = [(39.016296, 72.51352, 0.04), (48.54007, 84.44697, 9)]
            point3f[] points = [(42.7981, 72.51352, 0.04), (39.016296, 82.28737, 0.04), (44.86216, 84.44697, 0.04), (48.54007, 74.628586, 0.04), (42.7981, 72.51352, 9), (39.016296, 82.28737, 9), (44.86216, 84.44697, 9), (48.54007, 74.628586, 9)]
            custom double urbantwin:heightMetres = 9
            custom string urbantwin:heightSource = "inferred_from_neighbours"
        }

        over "osm_way_804410399"
        {
            float3[] extent = [(44.86216, 74.628586, 0.04), (54.074245, 86.49525, 9)]
            point3f[] points = [(48.54007, 74.628586, 0.04), (44.86216, 84.44697, 0.04), (50.396336, 86.49525, 0.04), (54.074245, 76.676865, 0.04), (48.54007, 74.628586, 9), (44.86216, 84.44697, 9), (50.396336, 86.49525, 9), (54.074245, 76.676865, 9)]
            custom double urbantwin:heightMetres = 9
            custom string urbantwin:heightSource = "inferred_from_neighbours"
        }

        over "osm_way_804410400"
        {
            float3[] extent = [(50.396336, 76.676865, 0.04), (59.643055, 88.510124, 9)]
            point3f[] points = [(54.074245, 76.676865, 0.04), (50.396336, 86.49525, 0.04), (55.86125, 88.510124, 0.04), (59.643055, 78.736275, 0.04), (54.074245, 76.676865, 9), (50.396336, 86.49525, 9), (55.86125, 88.510124, 9), (59.643055, 78.736275, 9)]
            custom double urbantwin:heightMetres = 9
            custom string urbantwin:heightSource = "inferred_from_neighbours"
        }

        over "osm_way_804410401"
        {
            float3[] extent = [(55.86125, 78.736275, 0.04), (65.675934, 90.75878, 9)]
            point3f[] points = [(59.643055, 78.736275, 0.04), (55.86125, 88.510124, 0.04), (61.94954, 90.75878, 0.04), (65.675934, 80.96267, 0.04), (59.643055, 78.736275, 9), (55.86125, 88.510124, 9), (61.94954, 90.75878, 9), (65.675934, 80.96267, 9)]
            custom double urbantwin:heightMetres = 9
            custom string urbantwin:heightSource = "inferred_from_neighbours"
        }

        over "osm_way_804410413"
        {
            float3[] extent = [(308.2585, 207.95595, 0.04), (319.87405, 217.663, 6)]
            point3f[] points = [(308.2585, 213.88927, 0.04), (318.5234, 217.663, 0.04), (319.87405, 214.20096, 0.04), (318.46802, 213.59984, 0.04), (318.8905, 212.27513, 0.04), (318.6827, 211.12854, 0.04), (318.39874, 209.99309, 0.04), (317.3944, 208.90216, 0.04), (315.7321, 207.95595, 0.04), (313.98663, 208.00047, 0.04), (312.25504, 208.8131, 0.04), (311.16068, 209.87064, 0.04), (310.62735, 210.89478, 0.04), (309.25592, 210.49402, 0.04), (308.2585, 213.88927, 6), (318.5234, 217.663, 6), (319.87405, 214.20096, 6), (318.46802, 213.59984, 6), (318.8905, 212.27513, 6), (318.6827, 211.12854, 6), (318.39874, 209.99309, 6), (317.3944, 208.90216, 6), (315.7321, 207.95595, 6), (313.98663, 208.00047, 6), (312.25504, 208.8131, 6), (311.16068, 209.87064, 6), (310.62735, 210.89478, 6), (309.25592, 210.49402, 6)]
            custom double urbantwin:heightMetres = 6
            custom string urbantwin:heightSource = "inferred_from_neighbours"
        }

        over "osm_way_804688237"
        {
            float3[] extent = [(197.38104, -107.71274, 0.04), (240.85793, -59.64498, 15)]
            point3f[] points = [(225.48135, -59.64498, 0.04), (240.85793, -87.185425, 0.04), (201.75159, -107.71274, 0.04), (197.38104, -99.352646, 0.04), (205.65114, -95.07798, 0.04), (202.3057, -88.85522, 0.04), (215.31343, -82.16492, 0.04), (214.05975, -79.93853, 0.04), (221.67184, -75.942154, 0.04), (220.65367, -73.71577, 0.04), (217.68225, -75.10726, 0.04), (213.17319, -66.42434, 0.04), (216.10304, -64.79907, 0.04), (225.48135, -59.64498, 15), (240.85793, -87.185425, 15), (201.75159, -107.71274, 15), (197.38104, -99.352646, 15), (205.65114, -95.07798, 15), (202.3057, -88.85522, 15), (215.31343, -82.16492, 15), (214.05975, -79.93853, 15), (221.67184, -75.942154, 15), (220.65367, -73.71577, 15), (217.68225, -75.10726, 15), (213.17319, -66.42434, 15), (216.10304, -64.79907, 15)]
            custom double urbantwin:heightMetres = 15
            custom string urbantwin:heightSource = "inferred_from_neighbours"
        }

        over "osm_way_804688238"
        {
            float3[] extent = [(213.19395, -64.79907, 0.04), (225.48135, -54.112404, 15)]
            point3f[] points = [(222.32294, -54.112404, 0.04), (225.48135, -59.64498, 0.04), (216.10304, -64.79907, 0.04), (213.19395, -59.255363, 0.04), (222.32294, -54.112404, 15), (225.48135, -59.64498, 15), (216.10304, -64.79907, 15), (213.19395, -59.255363, 15)]
            custom double urbantwin:heightMetres = 15
            custom string urbantwin:heightSource = "inferred_from_neighbours"
        }

        over "osm_way_804688239"
        {
            float3[] extent = [(176.4426, -91.13727, 0.04), (210.20177, -69.80846, 18)]
            point3f[] points = [(176.4426, -84.63621, 0.04), (179.8088, -91.13727, 0.04), (188.46678, -86.52864, 0.04), (210.20177, -75.10726, 0.04), (207.1403, -69.80846, 0.04), (204.53598, -71.11089, 0.04), (203.79486, -69.90864, 0.04), (195.62866, -74.47274, 0.04), (176.4426, -84.63621, 18), (179.8088, -91.13727, 18), (188.46678, -86.52864, 18), (210.20177, -75.10726, 18), (207.1403, -69.80846, 18), (204.53598, -71.11089, 18), (203.79486, -69.90864, 18), (195.62866, -74.47274, 18)]
            custom double urbantwin:heightMetres = 18
            custom string urbantwin:heightSource = "inferred_from_building_type"
        }

        over "osm_way_804688240"
        {
            float3[] extent = [(178.34042, -113.3789, 0.04), (201.75159, -86.52864, 20)]
            point3f[] points = [(180.84776, -96.56966, 0.04), (178.34042, -91.916504, 0.04), (179.8088, -91.13727, 0.04), (188.46678, -86.52864, 0.04), (195.52477, -100.276596, 0.04), (197.38104, -99.352646, 0.04), (201.75159, -107.71274, 0.04), (190.8841, -113.3789, 0.04), (189.20792, -110.40667, 0.04), (190.42003, -109.850075, 0.04), (182.614, -95.823814, 0.04), (180.84776, -96.56966, 20), (178.34042, -91.916504, 20), (179.8088, -91.13727, 20), (188.46678, -86.52864, 20), (195.52477, -100.276596, 20), (197.38104, -99.352646, 20), (201.75159, -107.71274, 20), (190.8841, -113.3789, 20), (189.20792, -110.40667, 20), (190.42003, -109.850075, 20), (182.614, -95.823814, 20)]
            custom double urbantwin:heightMetres = 20
            custom string urbantwin:heightSource = "inferred_from_building_type"
        }

        over "osm_way_804688241"
        {
            float3[] extent = [(86.84295, -17.610743, 0.04), (114.146736, 2.3599732, 9)]
            point3f[] points = [(92.88275, 2.3599732, 0.04), (94.83599, -2.5603483, 0.04), (109.416016, 2.2709177, 0.04), (114.146736, -11.799866, 0.04), (93.34682, -17.610743, 0.04), (86.84295, 0.5009377, 0.04), (92.88275, 2.3599732, 9), (94.83599, -2.5603483, 9), (109.416016, 2.2709177, 9), (114.146736, -11.799866, 9), (93.34682, -17.610743, 9), (86.84295, 0.5009377, 9)]
            custom double urbantwin:heightMetres = 9
            custom string urbantwin:heightSource = "inferred_from_neighbours"
        }

        over "osm_way_804688242"
        {
            float3[] extent = [(83.40746, 0.5009377, 0.04), (106.631615, 16.987354, 18)]
            point3f[] points = [(104.30435, 16.987354, 0.04), (83.40746, 9.885171, 0.04), (86.84295, 0.5009377, 0.04), (92.88275, 2.3599732, 0.04), (91.7676, 5.1540923, 0.04), (106.631615, 10.163469, 0.04), (104.30435, 16.987354, 18), (83.40746, 9.885171, 18), (86.84295, 0.5009377, 18), (92.88275, 2.3599732, 18), (91.7676, 5.1540923, 18), (106.631615, 10.163469, 18)]
            custom double urbantwin:heightMetres = 18
            custom string urbantwin:heightSource = "inferred_from_building_type"
        }

        over "osm_way_804708627"
        {
            float3[] extent = [(215.68053, -327.22363, 0.04), (235.37222, -301.99866, 21)]
            point3f[] points = [(222.74544, -301.99866, 0.04), (217.52295, -305.13785, 0.04), (218.5619, -306.87445, 0.04), (215.68053, -309.01178, 0.04), (226.73503, -325.55386, 0.04), (227.94714, -327.22363, 0.04), (235.37222, -322.69293, 0.04), (230.31598, -314.9451, 0.04), (229.0623, -315.7021, 0.04), (223.95062, -307.29745, 0.04), (225.4398, -306.36237, 0.04), (222.74544, -301.99866, 21), (217.52295, -305.13785, 21), (218.5619, -306.87445, 21), (215.68053, -309.01178, 21), (226.73503, -325.55386, 21), (227.94714, -327.22363, 21), (235.37222, -322.69293, 21), (230.31598, -314.9451, 21), (229.0623, -315.7021, 21), (223.95062, -307.29745, 21), (225.4398, -306.36237, 21)]
            custom double urbantwin:heightMetres = 21
            custom string urbantwin:heightSource = "inferred_from_neighbours"
        }

        over "osm_way_804708628"
        {
            float3[] extent = [(206.60698, -331.96585, 0.04), (226.73503, -309.01178, 21)]
            point3f[] points = [(206.60698, -315.10095, 0.04), (215.68053, -309.01178, 0.04), (226.73503, -325.55386, 0.04), (217.81386, -331.96585, 0.04), (206.60698, -315.10095, 21), (215.68053, -309.01178, 21), (226.73503, -325.55386, 21), (217.81386, -331.96585, 21)]
            custom double urbantwin:heightMetres = 21
            custom string urbantwin:heightSource = "inferred_from_neighbours"
        }

        over "osm_way_804708629"
        {
            float3[] extent = [(203.8849, -315.10095, 0.04), (215.68053, -305.2937, 21)]
            point3f[] points = [(206.60698, -315.10095, 0.04), (215.68053, -309.01178, 0.04), (212.9931, -305.2937, 0.04), (207.32039, -309.01178, 0.04), (203.8849, -311.1491, 0.04), (206.60698, -315.10095, 21), (215.68053, -309.01178, 21), (212.9931, -305.2937, 21), (207.32039, -309.01178, 21), (203.8849, -311.1491, 21)]
            custom double urbantwin:heightMetres = 21
            custom string urbantwin:heightSource = "inferred_from_neighbours"
        }

        over "osm_way_804708630"
        {
            float3[] extent = [(202.86673, -309.01178, 0.04), (212.9931, -298.79263, 21)]
            point3f[] points = [(202.86673, -302.59976, 0.04), (207.32039, -309.01178, 0.04), (212.9931, -305.2937, 0.04), (208.5325, -298.79263, 0.04), (202.86673, -302.59976, 21), (207.32039, -309.01178, 21), (212.9931, -305.2937, 21), (208.5325, -298.79263, 21)]
            custom double urbantwin:heightMetres = 21
            custom string urbantwin:heightSource = "inferred_from_neighbours"
        }

        over "osm_way_804708631"
        {
            float3[] extent = [(196.0581, -304.83728, 0.04), (208.5325, -297.07834, 21)]
            point3f[] points = [(199.33427, -297.95776, 0.04), (201.37756, -300.7964, 0.04), (207.23035, -297.07834, 0.04), (208.5325, -298.79263, 0.04), (202.86673, -302.59976, 0.04), (199.7083, -304.83728, 0.04), (196.0581, -300.13962, 0.04), (199.33427, -297.95776, 21), (201.37756, -300.7964, 21), (207.23035, -297.07834, 21), (208.5325, -298.79263, 21), (202.86673, -302.59976, 21), (199.7083, -304.83728, 21), (196.0581, -300.13962, 21)]
            custom double urbantwin:heightMetres = 21
            custom string urbantwin:heightSource = "inferred_from_neighbours"
        }

        over "osm_way_804708632"
        {
            float3[] extent = [(186.84601, -272.04257, 0.04), (193.01743, -265.9868, 21)]
            point3f[] points = [(186.84601, -268.3913, 0.04), (189.58194, -272.04257, 0.04), (193.01743, -269.90524, 0.04), (190.50314, -265.9868, 0.04), (186.84601, -268.3913, 21), (189.58194, -272.04257, 21), (193.01743, -269.90524, 21), (190.50314, -265.9868, 21)]
            custom double urbantwin:heightMetres = 21
            custom string urbantwin:heightSource = "inferred_from_neighbours"
        }

        over "osm_way_804708633"
        {
            float3[] extent = [(187.07458, -293.8723, 0.04), (198.49619, -280.95926, 21)]
            point3f[] points = [(195.98883, -280.95926, 0.04), (198.49619, -284.53262, 0.04), (192.55334, -288.29523, 0.04), (195.0607, -291.735, 0.04), (192.17932, -293.8723, 0.04), (187.07458, -287.2711, 0.04), (190.42003, -284.95563, 0.04), (195.98883, -280.95926, 21), (198.49619, -284.53262, 21), (192.55334, -288.29523, 21), (195.0607, -291.735, 21), (192.17932, -293.8723, 21), (187.07458, -287.2711, 21), (190.42003, -284.95563, 21)]
            custom double urbantwin:heightMetres = 21
            custom string urbantwin:heightSource = "inferred_from_neighbours"
        }

        over "osm_way_804708634"
        {
            float3[] extent = [(186.70056, -284.95563, 0.04), (195.98883, -275.8497, 21)]
            point3f[] points = [(186.70056, -279.4787, 0.04), (190.42003, -284.95563, 0.04), (195.98883, -280.95926, 0.04), (192.17932, -275.8497, 0.04), (186.70056, -279.4787, 21), (190.42003, -284.95563, 21), (195.98883, -280.95926, 21), (192.17932, -275.8497, 21)]
            custom double urbantwin:heightMetres = 21
            custom string urbantwin:heightSource = "inferred_from_neighbours"
        }

        over "osm_way_804708635"
        {
            float3[] extent = [(180.29366, -281.9834, 0.04), (192.17932, -272.04257, 21)]
            point3f[] points = [(180.29366, -278.45456, 0.04), (189.58194, -272.04257, 0.04), (192.17932, -275.8497, 0.04), (186.70056, -279.4787, 0.04), (182.89105, -281.9834, 0.04), (180.29366, -278.45456, 21), (189.58194, -272.04257, 21), (192.17932, -275.8497, 21), (186.70056, -279.4787, 21), (182.89105, -281.9834, 21)]
            custom double urbantwin:heightMetres = 21
            custom string urbantwin:heightSource = "inferred_from_neighbours"
        }

        over "osm_way_804708643"
        {
            float3[] extent = [(196.97931, -300.7964, 0.04), (207.23035, -290.66632, 21)]
            point3f[] points = [(196.97931, -294.68497, 0.04), (199.33427, -297.95776, 0.04), (201.37756, -300.7964, 0.04), (207.23035, -297.07834, 0.04), (202.76976, -290.66632, 0.04), (196.97931, -294.68497, 21), (199.33427, -297.95776, 21), (201.37756, -300.7964, 21), (207.23035, -297.07834, 21), (202.76976, -290.66632, 21)]
            custom double urbantwin:heightMetres = 21
            custom string urbantwin:heightSource = "inferred_from_neighbours"
        }

        over "osm_way_804708644"
        {
            float3[] extent = [(192.55334, -294.68497, 0.04), (202.76976, -284.53262, 21)]
            point3f[] points = [(198.49619, -284.53262, 0.04), (202.76976, -290.66632, 0.04), (196.97931, -294.68497, 0.04), (195.0607, -291.735, 0.04), (192.55334, -288.29523, 0.04), (198.49619, -284.53262, 21), (202.76976, -290.66632, 21), (196.97931, -294.68497, 21), (195.0607, -291.735, 21), (192.55334, -288.29523, 21)]
            custom double urbantwin:heightMetres = 21
            custom string urbantwin:heightSource = "inferred_from_neighbours"
        }

        over "osm_way_804708645"
        {
            float3[] extent = [(120.05494, -214.72417, 0.04), (145.61328, -189.64389, 15)]
            point3f[] points = [(120.05494, -199.6515, 0.04), (123.725914, -197.08003, 0.04), (130.97092, -191.87027, 0.04), (133.66527, -189.64389, 0.04), (140.61243, -198.9168, 0.04), (145.61328, -205.59596, 0.04), (141.8384, -208.03386, 0.04), (131.70511, -214.72417, 0.04), (120.05494, -199.6515, 15), (123.725914, -197.08003, 15), (130.97092, -191.87027, 15), (133.66527, -189.64389, 15), (140.61243, -198.9168, 15), (145.61328, -205.59596, 15), (141.8384, -208.03386, 15), (131.70511, -214.72417, 15)]
            custom double urbantwin:heightMetres = 15
            custom string urbantwin:heightSource = "inferred_from_neighbours"
        }

        over "osm_way_804708646"
        {
            float3[] extent = [(110.26796, -183.78848, 0.04), (120.47052, -174.4933, 15)]
            point3f[] points = [(113.225525, -183.78848, 0.04), (110.26796, -179.76985, 0.04), (117.31209, -174.4933, 0.04), (120.47052, -178.3561, 0.04), (113.225525, -183.78848, 15), (110.26796, -179.76985, 15), (117.31209, -174.4933, 15), (120.47052, -178.3561, 15)]
            custom double urbantwin:heightMetres = 15
            custom string urbantwin:heightSource = "inferred_from_neighbours"
        }

        over "osm_way_804708647"
        {
            float3[] extent = [(112.65756, -195.3323, 0.04), (120.138054, -187.59561, 15)]
            point3f[] points = [(112.65756, -190.25615, 0.04), (116.19002, -187.59561, 0.04), (120.138054, -192.6495, 0.04), (116.61945, -195.3323, 0.04), (112.65756, -190.25615, 15), (116.19002, -187.59561, 15), (120.138054, -192.6495, 15), (116.61945, -195.3323, 15)]
            custom double urbantwin:heightMetres = 15
            custom string urbantwin:heightSource = "inferred_from_neighbours"
        }

        over "osm_way_804708648"
        {
            float3[] extent = [(113.225525, -197.08003, 0.04), (130.97092, -178.3561, 15)]
            point3f[] points = [(120.47052, -178.3561, 0.04), (130.97092, -191.87027, 0.04), (123.725914, -197.08003, 0.04), (120.138054, -192.6495, 0.04), (116.19002, -187.59561, 0.04), (113.225525, -183.78848, 0.04), (120.47052, -178.3561, 15), (130.97092, -191.87027, 15), (123.725914, -197.08003, 15), (120.138054, -192.6495, 15), (116.19002, -187.59561, 15), (113.225525, -183.78848, 15)]
            custom double urbantwin:heightMetres = 15
            custom string urbantwin:heightSource = "inferred_from_neighbours"
        }

        over "osm_way_804708649"
        {
            float3[] extent = [(155.72578, -254.72125, 0.04), (182.14993, -232.03435, 15)]
            point3f[] points = [(182.14993, -238.7803, 0.04), (170.21577, -246.70625, 0.04), (158.32318, -254.72125, 0.04), (155.72578, -250.95866, 0.04), (171.69803, -240.12727, 0.04), (169.15604, -236.86562, 0.04), (177.92484, -232.03435, 0.04), (182.14993, -238.7803, 15), (170.21577, -246.70625, 15), (158.32318, -254.72125, 15), (155.72578, -250.95866, 15), (171.69803, -240.12727, 15), (169.15604, -236.86562, 15), (177.92484, -232.03435, 15)]
            custom double urbantwin:heightMetres = 15
            custom string urbantwin:heightSource = "inferred_from_neighbours"
        }

        over "osm_way_804708650"
        {
            float3[] extent = [(167.07812, -233.25887, 0.04), (174.62788, -227.99345, 15)]
            point3f[] points = [(167.07812, -231.36642, 0.04), (168.40106, -233.25887, 0.04), (174.62788, -229.77457, 0.04), (173.40884, -227.99345, 0.04), (171.1924, -229.17343, 0.04), (167.07812, -231.36642, 15), (168.40106, -233.25887, 15), (174.62788, -229.77457, 15), (173.40884, -227.99345, 15), (171.1924, -229.17343, 15)]
            custom double urbantwin:heightMetres = 15
            custom string urbantwin:heightSource = "inferred_from_neighbours"
        }

        over "osm_way_804708652"
        {
            float3[] extent = [(165.15952, -225.31065, 0.04), (169.82097, -221.50352, 15)]
            point3f[] points = [(167.88852, -221.50352, 0.04), (169.82097, -224.21971, 0.04), (168.24869, -225.1214, 0.04), (167.98549, -224.75406, 0.04), (166.78029, -225.31065, 0.04), (165.15952, -222.97295, 0.04), (167.88852, -221.50352, 15), (169.82097, -224.21971, 15), (168.24869, -225.1214, 15), (167.98549, -224.75406, 15), (166.78029, -225.31065, 15), (165.15952, -222.97295, 15)]
            custom double urbantwin:heightMetres = 15
            custom string urbantwin:heightSource = "inferred_from_neighbours"
        }

        over "osm_way_804708653"
        {
            float3[] extent = [(160.54655, -232.1234, 0.04), (171.1924, -222.97295, 15)]
            point3f[] points = [(171.1924, -229.17343, 0.04), (168.24869, -225.1214, 0.04), (167.98549, -224.75406, 0.04), (166.78029, -225.31065, 0.04), (165.15952, -222.97295, 0.04), (160.54655, -225.45537, 0.04), (165.64436, -232.1234, 0.04), (167.07812, -231.36642, 0.04), (171.1924, -229.17343, 15), (168.24869, -225.1214, 15), (167.98549, -224.75406, 15), (166.78029, -225.31065, 15), (165.15952, -222.97295, 15), (160.54655, -225.45537, 15), (165.64436, -232.1234, 15), (167.07812, -231.36642, 15)]
            custom double urbantwin:heightMetres = 15
            custom string urbantwin:heightSource = "inferred_from_neighbours"
        }

        over "osm_way_804708654"
        {
            float3[] extent = [(157.60977, -225.45537, 0.04), (167.88852, -217.64073, 15)]
            point3f[] points = [(165.2357, -217.64073, 0.04), (167.88852, -221.50352, 0.04), (165.15952, -222.97295, 0.04), (160.54655, -225.45537, 0.04), (157.60977, -221.61484, 0.04), (165.2357, -217.64073, 15), (167.88852, -221.50352, 15), (165.15952, -222.97295, 15), (160.54655, -225.45537, 15), (157.60977, -221.61484, 15)]
            custom double urbantwin:heightMetres = 15
            custom string urbantwin:heightSource = "inferred_from_neighbours"
        }

        over "osm_way_804708655"
        {
            float3[] extent = [(151.52148, -216.04887, 0.04), (163.80887, -207.93367, 15)]
            point3f[] points = [(162.09805, -207.93367, 0.04), (163.80887, -210.64987, 0.04), (153.447, -216.04887, 0.04), (151.52148, -213.47739, 0.04), (162.09805, -207.93367, 15), (163.80887, -210.64987, 15), (153.447, -216.04887, 15), (151.52148, -213.47739, 15)]
            custom double urbantwin:heightMetres = 15
            custom string urbantwin:heightSource = "inferred_from_neighbours"
        }

        over "osm_way_804708656"
        {
            float3[] extent = [(153.447, -221.61484, 0.04), (170.11188, -209.14706, 18)]
            point3f[] points = [(166.68332, -209.14706, 0.04), (170.11188, -215.11378, 0.04), (165.2357, -217.64073, 0.04), (157.60977, -221.61484, 0.04), (153.447, -216.04887, 0.04), (163.80887, -210.64987, 0.04), (166.68332, -209.14706, 18), (170.11188, -215.11378, 18), (165.2357, -217.64073, 18), (157.60977, -221.61484, 18), (153.447, -216.04887, 18), (163.80887, -210.64987, 18)]
            custom double urbantwin:heightMetres = 18
            custom string urbantwin:heightSource = "inferred_from_neighbours"
        }

        over "osm_way_804708657"
        {
            float3[] extent = [(147.5873, -213.47739, 0.04), (162.59676, -201.85564, 15)]
            point3f[] points = [(147.5873, -208.23424, 0.04), (152.33186, -205.67389, 0.04), (159.25131, -201.85564, 0.04), (162.59676, -207.6665, 0.04), (162.09805, -207.93367, 0.04), (151.52148, -213.47739, 0.04), (147.5873, -208.23424, 15), (152.33186, -205.67389, 15), (159.25131, -201.85564, 15), (162.59676, -207.6665, 15), (162.09805, -207.93367, 15), (151.52148, -213.47739, 15)]
            custom double urbantwin:heightMetres = 15
            custom string urbantwin:heightSource = "inferred_from_neighbours"
        }

        over "osm_way_804708658"
        {
            float3[] extent = [(145.61328, -208.23424, 0.04), (152.33186, -203.34732, 15)]
            point3f[] points = [(150.30936, -203.34732, 0.04), (152.33186, -205.67389, 0.04), (147.5873, -208.23424, 0.04), (145.61328, -205.59596, 0.04), (150.30936, -203.34732, 15), (152.33186, -205.67389, 15), (147.5873, -208.23424, 15), (145.61328, -205.59596, 15)]
            custom double urbantwin:heightMetres = 15
            custom string urbantwin:heightSource = "inferred_from_neighbours"
        }

        over "osm_way_804708659"
        {
            float3[] extent = [(140.61243, -205.59596, 0.04), (150.30936, -196.56796, 15)]
            point3f[] points = [(150.30936, -203.34732, 0.04), (145.27388, -196.56796, 0.04), (140.61243, -198.9168, 0.04), (145.61328, -205.59596, 0.04), (150.30936, -203.34732, 15), (145.27388, -196.56796, 15), (140.61243, -198.9168, 15), (145.61328, -205.59596, 15)]
            custom double urbantwin:heightMetres = 15
            custom string urbantwin:heightSource = "inferred_from_neighbours"
        }

        over "osm_way_804708674"
        {
            float3[] extent = [(116.196945, -189.64389, 0.04), (142.17087, -159.198, 15)]
            point3f[] points = [(133.52675, -168.55997, 0.04), (130.13281, -170.59712, 0.04), (133.5683, -177.19836, 0.04), (137.30162, -175.30594, 0.04), (142.17087, -184.03339, 0.04), (140.25919, -184.72356, 0.04), (141.0003, -185.92581, 0.04), (133.66527, -189.64389, 0.04), (129.9458, -184.81262, 0.04), (131.151, -184.34508, 0.04), (125.7692, -175.98499, 0.04), (123.906006, -176.81989, 0.04), (116.196945, -166.51169, 0.04), (128.74754, -159.198, 0.04), (133.52675, -168.55997, 15), (130.13281, -170.59712, 15), (133.5683, -177.19836, 15), (137.30162, -175.30594, 15), (142.17087, -184.03339, 15), (140.25919, -184.72356, 15), (141.0003, -185.92581, 15), (133.66527, -189.64389, 15), (129.9458, -184.81262, 15), (131.151, -184.34508, 15), (125.7692, -175.98499, 15), (123.906006, -176.81989, 15), (116.196945, -166.51169, 15), (128.74754, -159.198, 15)]
            custom double urbantwin:heightMetres = 15
            custom string urbantwin:heightSource = "inferred_from_neighbours"
        }

        over "osm_way_804708675"
        {
            float3[] extent = [(140.58473, -196.56796, 0.04), (159.89548, -180.77173, 18)]
            point3f[] points = [(155.40025, -180.77173, 0.04), (140.58473, -188.20787, 0.04), (145.27388, -196.56796, 0.04), (156.0929, -191.41386, 0.04), (159.89548, -189.62163, 0.04), (155.40025, -180.77173, 18), (140.58473, -188.20787, 18), (145.27388, -196.56796, 18), (156.0929, -191.41386, 18), (159.89548, -189.62163, 18)]
            custom double urbantwin:heightMetres = 18
            custom string urbantwin:heightSource = "inferred_from_neighbours"
        }

        over "osm_way_804708676"
        {
            float3[] extent = [(155.40025, -189.62163, 0.04), (166.19847, -177.71043, 18)]
            point3f[] points = [(166.19847, -186.24864, 0.04), (161.57858, -177.71043, 0.04), (155.40025, -180.77173, 0.04), (159.89548, -189.62163, 0.04), (166.19847, -186.24864, 18), (161.57858, -177.71043, 18), (155.40025, -180.77173, 18), (159.89548, -189.62163, 18)]
            custom double urbantwin:heightMetres = 18
            custom string urbantwin:heightSource = "inferred_from_neighbours"
        }

        over "osm_way_804720819"
        {
            float3[] extent = [(225.8069, -231.82285, 0.04), (230.3991, -227.73741, 15)]
            point3f[] points = [(230.3991, -230.064, 0.04), (227.10905, -231.82285, 0.04), (225.8069, -229.54079, 0.04), (228.98611, -227.73741, 0.04), (230.3991, -230.064, 15), (227.10905, -231.82285, 15), (225.8069, -229.54079, 15), (228.98611, -227.73741, 15)]
            custom double urbantwin:heightMetres = 15
            custom string urbantwin:heightSource = "inferred_from_neighbours"
        }

        over "osm_way_804720820"
        {
            float3[] extent = [(230.50299, -244.26836, 0.04), (237.50555, -237.22183, 15)]
            point3f[] points = [(234.70036, -237.22183, 0.04), (230.50299, -239.48161, 0.04), (233.19041, -244.26836, 0.04), (237.50555, -241.95291, 0.04), (234.70036, -237.22183, 15), (230.50299, -239.48161, 15), (233.19041, -244.26836, 15), (237.50555, -241.95291, 15)]
            custom double urbantwin:heightMetres = 15
            custom string urbantwin:heightSource = "inferred_from_neighbours"
        }

        over "osm_way_804720823"
        {
            float3[] extent = [(214.24677, -220.64636, 0.04), (220.05107, -213.95605, 15)]
            point3f[] points = [(217.10043, -213.95605, 0.04), (214.24677, -215.47, 0.04), (215.61127, -217.88564, 0.04), (217.14893, -220.64636, 0.04), (220.05107, -219.18808, 0.04), (217.39134, -214.4904, 0.04), (217.10043, -213.95605, 15), (214.24677, -215.47, 15), (215.61127, -217.88564, 15), (217.14893, -220.64636, 15), (220.05107, -219.18808, 15), (217.39134, -214.4904, 15)]
            custom double urbantwin:heightMetres = 15
            custom string urbantwin:heightSource = "inferred_from_neighbours"
        }

        over "osm_way_804720825"
        {
            float3[] extent = [(232.72635, -245.47061, 0.04), (248.1514, -229.21796, 15)]
            point3f[] points = [(241.32199, -229.21796, 0.04), (248.1514, -240.27199, 0.04), (239.60425, -245.47061, 0.04), (237.50555, -241.95291, 0.04), (234.70036, -237.22183, 0.04), (232.72635, -233.90451, 0.04), (241.32199, -229.21796, 15), (248.1514, -240.27199, 15), (239.60425, -245.47061, 15), (237.50555, -241.95291, 15), (234.70036, -237.22183, 15), (232.72635, -233.90451, 15)]
            custom double urbantwin:heightMetres = 15
            custom string urbantwin:heightSource = "inferred_from_neighbours"
        }

        over "osm_way_804720826"
        {
            float3[] extent = [(224.65019, -233.90451, 0.04), (241.32199, -215.7483, 15)]
            point3f[] points = [(233.33588, -215.7483, 0.04), (241.32199, -229.21796, 0.04), (232.72635, -233.90451, 0.04), (230.3991, -230.064, 0.04), (228.98611, -227.73741, 0.04), (224.65019, -220.57957, 0.04), (233.33588, -215.7483, 15), (241.32199, -229.21796, 15), (232.72635, -233.90451, 15), (230.3991, -230.064, 15), (228.98611, -227.73741, 15), (224.65019, -220.57957, 15)]
            custom double urbantwin:heightMetres = 15
            custom string urbantwin:heightSource = "inferred_from_neighbours"
        }

        over "osm_way_804720827"
        {
            float3[] extent = [(222.28137, -220.57957, 0.04), (233.33588, -208.13405, 15)]
            point3f[] points = [(228.96533, -208.13405, 0.04), (233.33588, -215.7483, 0.04), (224.65019, -220.57957, 0.04), (222.88397, -217.46263, 0.04), (225.11426, -216.3049, 0.04), (222.28137, -211.79646, 0.04), (228.96533, -208.13405, 15), (233.33588, -215.7483, 15), (224.65019, -220.57957, 15), (222.88397, -217.46263, 15), (225.11426, -216.3049, 15), (222.28137, -211.79646, 15)]
            custom double urbantwin:heightMetres = 15
            custom string urbantwin:heightSource = "inferred_from_neighbours"
        }

        over "osm_way_804720828"
        {
            float3[] extent = [(219.21298, -211.79646, 0.04), (228.96533, -202.97997, 15)]
            point3f[] points = [(225.85538, -202.97997, 0.04), (228.96533, -208.13405, 0.04), (222.28137, -211.79646, 0.04), (219.21298, -206.6869, 0.04), (225.85538, -202.97997, 15), (228.96533, -208.13405, 15), (222.28137, -211.79646, 15), (219.21298, -206.6869, 15)]
            custom double urbantwin:heightMetres = 15
            custom string urbantwin:heightSource = "inferred_from_neighbours"
        }

        over "osm_way_804720831"
        {
            float3[] extent = [(194.92218, -187.59561, 0.04), (204.11348, -178.2225, 15)]
            point3f[] points = [(200.44942, -178.2225, 0.04), (204.11348, -184.46753, 0.04), (198.49619, -187.59561, 0.04), (194.92218, -181.47304, 0.04), (200.44942, -178.2225, 15), (204.11348, -184.46753, 15), (198.49619, -187.59561, 15), (194.92218, -181.47304, 15)]
            custom double urbantwin:heightMetres = 15
            custom string urbantwin:heightSource = "inferred_from_neighbours"
        }

        over "osm_way_804720834"
        {
            float3[] extent = [(202.08405, -203.236, 0.04), (206.53079, -198.51605, 15)]
            point3f[] points = [(203.98187, -203.236, 0.04), (202.08405, -199.92981, 0.04), (204.6468, -198.51605, 0.04), (205.44334, -199.92981, 0.04), (206.53079, -201.85564, 0.04), (203.98187, -203.236, 15), (202.08405, -199.92981, 15), (204.6468, -198.51605, 15), (205.44334, -199.92981, 15), (206.53079, -201.85564, 15)]
            custom double urbantwin:heightMetres = 15
            custom string urbantwin:heightSource = "inferred_from_neighbours"
        }

        over "osm_way_804720835"
        {
            float3[] extent = [(190.9395, -194.92043, 0.04), (201.994, -187.59561, 15)]
            point3f[] points = [(194.20183, -192.79422, 0.04), (197.70657, -190.82387, 0.04), (199.86761, -194.92043, 0.04), (201.994, -193.80724, 0.04), (198.49619, -187.59561, 0.04), (190.9395, -191.77008, 0.04), (191.71526, -193.17271, 0.04), (192.1724, -193.95195, 0.04), (194.20183, -192.79422, 15), (197.70657, -190.82387, 15), (199.86761, -194.92043, 15), (201.994, -193.80724, 15), (198.49619, -187.59561, 15), (190.9395, -191.77008, 15), (191.71526, -193.17271, 15), (192.1724, -193.95195, 15)]
            custom double urbantwin:heightMetres = 15
            custom string urbantwin:heightSource = "inferred_from_neighbours"
        }

        over "osm_way_804720836"
        {
            float3[] extent = [(190.28842, -197.15794, 0.04), (195.53862, -192.79422, 15)]
            point3f[] points = [(191.71526, -193.17271, 0.04), (192.1724, -193.95195, 0.04), (194.20183, -192.79422, 0.04), (195.53862, -195.28778, 0.04), (195.0607, -195.54382, 0.04), (192.01309, -197.15794, 0.04), (190.28842, -193.96307, 0.04), (191.71526, -193.17271, 15), (192.1724, -193.95195, 15), (194.20183, -192.79422, 15), (195.53862, -195.28778, 15), (195.0607, -195.54382, 15), (192.01309, -197.15794, 15), (190.28842, -193.96307, 15)]
            custom double urbantwin:heightMetres = 15
            custom string urbantwin:heightSource = "inferred_from_neighbours"
        }

        over "osm_way_804720837"
        {
            float3[] extent = [(192.01309, -206.87614, 0.04), (200.43558, -195.54382, 15)]
            point3f[] points = [(192.01309, -197.15794, 0.04), (195.0607, -195.54382, 0.04), (200.43558, -205.1507, 0.04), (197.25636, -206.87614, 0.04), (192.01309, -197.15794, 15), (195.0607, -195.54382, 15), (200.43558, -205.1507, 15), (197.25636, -206.87614, 15)]
            custom double urbantwin:heightMetres = 15
            custom string urbantwin:heightSource = "inferred_from_neighbours"
        }

        over "osm_way_804720838"
        {
            float3[] extent = [(205.44334, -208.06726, 0.04), (212.48055, -198.61624, 15)]
            point3f[] points = [(210.19484, -208.06726, 0.04), (212.48055, -206.78708, 0.04), (207.83295, -198.61624, 0.04), (205.44334, -199.92981, 0.04), (206.53079, -201.85564, 0.04), (210.19484, -208.06726, 15), (212.48055, -206.78708, 15), (207.83295, -198.61624, 15), (205.44334, -199.92981, 15), (206.53079, -201.85564, 15)]
            custom double urbantwin:heightMetres = 15
            custom string urbantwin:heightSource = "inferred_from_neighbours"
        }

        over "osm_way_804720840"
        {
            float3[] extent = [(190.11526, -181.47304, 0.04), (207.00179, -166.73433, 15)]
            point3f[] points = [(190.11526, -172.95709, 0.04), (194.50659, -180.77173, 0.04), (194.92218, -181.47304, 0.04), (200.44942, -178.2225, 0.04), (206.34377, -174.84952, 0.04), (205.60265, -173.66954, 0.04), (206.25372, -173.15747, 0.04), (206.85632, -172.3671, 0.04), (207.00179, -171.34296, 0.04), (206.90482, -170.27429, 0.04), (206.57927, -169.20563, 0.04), (205.97667, -168.45978, 0.04), (205.18707, -167.7696, 0.04), (204.21045, -167.53583, 0.04), (203.23383, -167.4913, 0.04), (202.3057, -167.81413, 0.04), (201.66847, -166.73433, 0.04), (190.11526, -172.95709, 15), (194.50659, -180.77173, 15), (194.92218, -181.47304, 15), (200.44942, -178.2225, 15), (206.34377, -174.84952, 15), (205.60265, -173.66954, 15), (206.25372, -173.15747, 15), (206.85632, -172.3671, 15), (207.00179, -171.34296, 15), (206.90482, -170.27429, 15), (206.57927, -169.20563, 15), (205.97667, -168.45978, 15), (205.18707, -167.7696, 15), (204.21045, -167.53583, 15), (203.23383, -167.4913, 15), (202.3057, -167.81413, 15), (201.66847, -166.73433, 15)]
            custom double urbantwin:heightMetres = 15
            custom string urbantwin:heightSource = "inferred_from_neighbours"
        }

        over "osm_way_804720842"
        {
            float3[] extent = [(200.44942, -206.78708, 0.04), (224.69176, -173.01276, 15)]
            point3f[] points = [(209.55069, -173.01276, 0.04), (206.34377, -174.84952, 0.04), (200.44942, -178.2225, 0.04), (204.11348, -184.46753, 0.04), (211.41388, -196.70154, 0.04), (207.83295, -198.61624, 0.04), (212.48055, -206.78708, 0.04), (224.69176, -199.49567, 0.04), (209.55069, -173.01276, 15), (206.34377, -174.84952, 15), (200.44942, -178.2225, 15), (204.11348, -184.46753, 15), (211.41388, -196.70154, 15), (207.83295, -198.61624, 15), (212.48055, -206.78708, 15), (224.69176, -199.49567, 15)]
            custom double urbantwin:heightMetres = 15
            custom string urbantwin:heightSource = "inferred_from_neighbours"
        }

        over "osm_way_804720843"
        {
            float3[] extent = [(185.57849, -172.95709, 0.04), (204.20352, -157.09407, 15)]
            point3f[] points = [(190.11526, -172.95709, 0.04), (201.66847, -166.73433, 0.04), (204.20352, -165.35397, 0.04), (199.29272, -157.09407, 0.04), (185.57849, -164.64153, 0.04), (190.11526, -172.95709, 15), (201.66847, -166.73433, 15), (204.20352, -165.35397, 15), (199.29272, -157.09407, 15), (185.57849, -164.64153, 15)]
            custom double urbantwin:heightMetres = 15
            custom string urbantwin:heightSource = "inferred_from_neighbours"
        }

        over "osm_way_804729565"
        {
            float3[] extent = [(302.6897, -112.56627, 0.04), (314.6585, -96.358154, 21)]
            point3f[] points = [(305.0793, -96.358154, 0.04), (311.77713, -108.54764, 0.04), (313.2178, -107.85745, 0.04), (314.6585, -110.68497, 0.04), (310.83514, -112.56627, 0.04), (306.34683, -104.272964, 0.04), (302.6897, -97.54927, 0.04), (305.0793, -96.358154, 21), (311.77713, -108.54764, 21), (313.2178, -107.85745, 21), (314.6585, -110.68497, 21), (310.83514, -112.56627, 21), (306.34683, -104.272964, 21), (302.6897, -97.54927, 21)]
            custom double urbantwin:heightMetres = 21
            custom string urbantwin:heightSource = "inferred_from_neighbours"
        }

        over "osm_way_804729568"
        {
            float3[] extent = [(288.40753, -98.98529, 0.04), (294.64127, -93.96478, 21)]
            point3f[] points = [(288.40753, -96.34702, 0.04), (293.2837, -93.96478, 0.04), (294.64127, -96.46947, 0.04), (289.7166, -98.98529, 0.04), (288.40753, -96.34702, 21), (293.2837, -93.96478, 21), (294.64127, -96.46947, 21), (289.7166, -98.98529, 21)]
            custom double urbantwin:heightMetres = 21
            custom string urbantwin:heightSource = "inferred_from_neighbours"
        }

        over "osm_way_804729570"
        {
            float3[] extent = [(300.41092, -97.54927, 0.04), (308.29315, -90.44708, 21)]
            point3f[] points = [(300.41092, -93.29687, 0.04), (305.9451, -90.44708, 0.04), (308.29315, -94.75515, 0.04), (305.0793, -96.358154, 0.04), (302.6897, -97.54927, 0.04), (300.41092, -93.29687, 21), (305.9451, -90.44708, 21), (308.29315, -94.75515, 21), (305.0793, -96.358154, 21), (302.6897, -97.54927, 21)]
            custom double urbantwin:heightMetres = 21
            custom string urbantwin:heightSource = "inferred_from_neighbours"
        }

        over "osm_way_804729573"
        {
            float3[] extent = [(289.7166, -103.11524, 0.04), (296.91312, -96.46947, 21)]
            point3f[] points = [(294.64127, -96.46947, 0.04), (289.7166, -98.98529, 0.04), (291.9746, -103.11524, 0.04), (296.91312, -100.61056, 0.04), (294.64127, -96.46947, 21), (289.7166, -98.98529, 21), (291.9746, -103.11524, 21), (296.91312, -100.61056, 21)]
            custom double urbantwin:heightMetres = 21
            custom string urbantwin:heightSource = "inferred_from_neighbours"
        }

        over "osm_way_804729575"
        {
            float3[] extent = [(294.64127, -100.61056, 0.04), (302.6897, -93.29687, 21)]
            point3f[] points = [(296.91312, -100.61056, 0.04), (294.64127, -96.46947, 0.04), (300.41092, -93.29687, 0.04), (302.6897, -97.54927, 0.04), (296.91312, -100.61056, 21), (294.64127, -96.46947, 21), (300.41092, -93.29687, 21), (302.6897, -97.54927, 21)]
            custom double urbantwin:heightMetres = 21
            custom string urbantwin:heightSource = "inferred_from_neighbours"
        }

        over "osm_way_804729576"
        {
            float3[] extent = [(282.74866, -105.01881, 0.04), (290.5062, -97.170784, 21)]
            point3f[] points = [(290.5062, -102.51412, 0.04), (287.6733, -97.170784, 0.04), (282.74866, -99.63094, 0.04), (285.67853, -105.01881, 0.04), (290.5062, -102.51412, 21), (287.6733, -97.170784, 21), (282.74866, -99.63094, 21), (285.67853, -105.01881, 21)]
            custom double urbantwin:heightMetres = 21
            custom string urbantwin:heightSource = "inferred_from_neighbours"
        }

        over "osm_way_804729577"
        {
            float3[] extent = [(296.91312, -107.2452, 0.04), (306.34683, -97.54927, 21)]
            point3f[] points = [(296.91312, -100.61056, 0.04), (302.6897, -97.54927, 0.04), (306.34683, -104.272964, 0.04), (300.5356, -107.2452, 0.04), (296.91312, -100.61056, 21), (302.6897, -97.54927, 21), (306.34683, -104.272964, 21), (300.5356, -107.2452, 21)]
            custom double urbantwin:heightMetres = 21
            custom string urbantwin:heightSource = "inferred_from_neighbours"
        }

        over "osm_way_804729578"
        {
            float3[] extent = [(285.67853, -112.633064, 0.04), (300.5356, -100.61056, 21)]
            point3f[] points = [(285.67853, -105.01881, 0.04), (289.76508, -112.633064, 0.04), (300.5356, -107.2452, 0.04), (296.91312, -100.61056, 0.04), (291.9746, -103.11524, 0.04), (291.06726, -103.58279, 0.04), (290.5062, -102.51412, 0.04), (285.67853, -105.01881, 21), (289.76508, -112.633064, 21), (300.5356, -107.2452, 21), (296.91312, -100.61056, 21), (291.9746, -103.11524, 21), (291.06726, -103.58279, 21), (290.5062, -102.51412, 21)]
            custom double urbantwin:heightMetres = 21
            custom string urbantwin:heightSource = "inferred_from_neighbours"
        }

        over "osm_way_804729580"
        {
            float3[] extent = [(334.5372, -65.032845, 0.04), (344.47656, -53.143925, 21)]
            point3f[] points = [(334.5372, -55.97144, 0.04), (339.7874, -53.143925, 0.04), (344.47656, -62.617214, 0.04), (339.13632, -65.032845, 0.04), (334.5372, -55.97144, 21), (339.7874, -53.143925, 21), (344.47656, -62.617214, 21), (339.13632, -65.032845, 21)]
            custom double urbantwin:heightMetres = 21
            custom string urbantwin:heightSource = "inferred_from_neighbours"
        }

        over "osm_way_804729581"
        {
            float3[] extent = [(313.40482, -75.59707, 0.04), (339.4134, -55.97144, 21)]
            point3f[] points = [(313.40482, -67.25924, 0.04), (334.5372, -55.97144, 0.04), (339.13632, -65.032845, 0.04), (337.5571, -65.867744, 0.04), (339.4134, -69.162796, 0.04), (333.60907, -72.045975, 0.04), (331.65582, -68.65073, 0.04), (328.77444, -69.95317, 0.04), (328.87143, -71.15542, 0.04), (321.99353, -74.66198, 0.04), (321.43942, -73.693504, 0.04), (317.93466, -75.59707, 0.04), (313.40482, -67.25924, 21), (334.5372, -55.97144, 21), (339.13632, -65.032845, 21), (337.5571, -65.867744, 21), (339.4134, -69.162796, 21), (333.60907, -72.045975, 21), (331.65582, -68.65073, 21), (328.77444, -69.95317, 21), (328.87143, -71.15542, 21), (321.99353, -74.66198, 21), (321.43942, -73.693504, 21), (317.93466, -75.59707, 21)]
            custom double urbantwin:heightMetres = 21
            custom string urbantwin:heightSource = "inferred_from_neighbours"
        }

        over "osm_way_804729582"
        {
            float3[] extent = [(302.8144, -81.88662, 0.04), (318.39874, -67.25924, 21)]
            point3f[] points = [(302.8144, -73.01446, 0.04), (313.40482, -67.25924, 0.04), (317.93466, -75.59707, 0.04), (318.39874, -76.43196, 0.04), (307.64206, -81.88662, 0.04), (302.8144, -73.01446, 21), (313.40482, -67.25924, 21), (317.93466, -75.59707, 21), (318.39874, -76.43196, 21), (307.64206, -81.88662, 21)]
            custom double urbantwin:heightMetres = 21
            custom string urbantwin:heightSource = "inferred_from_neighbours"
        }

        over "osm_way_804729583"
        {
            float3[] extent = [(297.84818, -84.213196, 0.04), (307.64206, -73.01446, 21)]
            point3f[] points = [(297.84818, -75.80857, 0.04), (302.8144, -73.01446, 0.04), (307.64206, -81.88662, 0.04), (302.53732, -84.213196, 0.04), (297.84818, -75.80857, 21), (302.8144, -73.01446, 21), (307.64206, -81.88662, 21), (302.53732, -84.213196, 21)]
            custom double urbantwin:heightMetres = 21
            custom string urbantwin:heightSource = "inferred_from_neighbours"
        }

        over "osm_way_804729584"
        {
            float3[] extent = [(292.5495, -87.09637, 0.04), (302.53732, -75.80857, 21)]
            point3f[] points = [(292.5495, -78.59156, 0.04), (297.84818, -75.80857, 0.04), (302.53732, -84.213196, 0.04), (297.01007, -87.09637, 0.04), (292.5495, -78.59156, 21), (297.84818, -75.80857, 21), (302.53732, -84.213196, 21), (297.01007, -87.09637, 21)]
            custom double urbantwin:heightMetres = 21
            custom string urbantwin:heightSource = "inferred_from_neighbours"
        }

        over "osm_way_804729585"
        {
            float3[] extent = [(286.65515, -90.01294, 0.04), (297.01007, -78.59156, 21)]
            point3f[] points = [(286.65515, -81.79756, 0.04), (292.5495, -78.59156, 0.04), (297.01007, -87.09637, 0.04), (292.77115, -89.21144, 0.04), (291.1573, -90.01294, 0.04), (286.65515, -81.79756, 21), (292.5495, -78.59156, 21), (297.01007, -87.09637, 21), (292.77115, -89.21144, 21), (291.1573, -90.01294, 21)]
            custom double urbantwin:heightMetres = 21
            custom string urbantwin:heightSource = "inferred_from_neighbours"
        }

        over "osm_way_804729586"
        {
            float3[] extent = [(281.77203, -92.64008, 0.04), (291.1573, -81.79756, 21)]
            point3f[] points = [(281.77203, -84.44697, 0.04), (286.65515, -81.79756, 0.04), (291.1573, -90.01294, 0.04), (286.25342, -92.64008, 0.04), (281.77203, -84.44697, 21), (286.65515, -81.79756, 21), (291.1573, -90.01294, 21), (286.25342, -92.64008, 21)]
            custom double urbantwin:heightMetres = 21
            custom string urbantwin:heightSource = "inferred_from_neighbours"
        }

        over "osm_way_804729587"
        {
            float3[] extent = [(276.29327, -96.80343, 0.04), (286.9322, -84.44697, 21)]
            point3f[] points = [(276.29327, -87.37467, 0.04), (281.77203, -84.44697, 0.04), (286.25342, -92.64008, 0.04), (286.9322, -93.875725, 0.04), (281.26642, -96.80343, 0.04), (280.2898, -95.122505, 0.04), (276.29327, -87.37467, 21), (281.77203, -84.44697, 21), (286.25342, -92.64008, 21), (286.9322, -93.875725, 21), (281.26642, -96.80343, 21), (280.2898, -95.122505, 21)]
            custom double urbantwin:heightMetres = 21
            custom string urbantwin:heightSource = "inferred_from_neighbours"
        }

        over "osm_way_804729588"
        {
            float3[] extent = [(272.20673, -97.181915, 0.04), (280.2898, -87.37467, 21)]
            point3f[] points = [(272.20673, -89.55653, 0.04), (273.86905, -88.66598, 0.04), (276.29327, -87.37467, 0.04), (280.2898, -95.122505, 0.04), (278.14954, -96.24683, 0.04), (276.36948, -97.181915, 0.04), (272.20673, -89.55653, 21), (273.86905, -88.66598, 21), (276.29327, -87.37467, 21), (280.2898, -95.122505, 21), (278.14954, -96.24683, 21), (276.36948, -97.181915, 21)]
            custom double urbantwin:heightMetres = 21
            custom string urbantwin:heightSource = "inferred_from_neighbours"
        }

        over "osm_way_804729589"
        {
            float3[] extent = [(267.09506, -100.888855, 0.04), (276.80582, -89.55653, 21)]
            point3f[] points = [(267.09506, -92.1948, 0.04), (272.20673, -89.55653, 0.04), (276.36948, -97.181915, 0.04), (276.80582, -98.19492, 0.04), (271.8327, -100.888855, 0.04), (267.09506, -92.1948, 21), (272.20673, -89.55653, 21), (276.36948, -97.181915, 21), (276.80582, -98.19492, 21), (271.8327, -100.888855, 21)]
            custom double urbantwin:heightMetres = 21
            custom string urbantwin:heightSource = "inferred_from_neighbours"
        }

        over "osm_way_804729590"
        {
            float3[] extent = [(262.12885, -103.58279, 0.04), (271.8327, -92.1948, 21)]
            point3f[] points = [(262.12885, -94.84421, 0.04), (267.09506, -92.1948, 0.04), (271.8327, -100.888855, 0.04), (266.91495, -103.58279, 0.04), (262.12885, -94.84421, 21), (267.09506, -92.1948, 21), (271.8327, -100.888855, 21), (266.91495, -103.58279, 21)]
            custom double urbantwin:heightMetres = 21
            custom string urbantwin:heightSource = "inferred_from_neighbours"
        }

        over "osm_way_804729591"
        {
            float3[] extent = [(256.7886, -106.45483, 0.04), (266.91495, -94.84421, 15)]
            point3f[] points = [(256.7886, -97.77191, 0.04), (262.12885, -94.84421, 0.04), (266.91495, -103.58279, 0.04), (261.47775, -106.45483, 0.04), (256.7886, -97.77191, 15), (262.12885, -94.84421, 15), (266.91495, -103.58279, 15), (261.47775, -106.45483, 15)]
            custom double urbantwin:heightMetres = 15
            custom string urbantwin:heightSource = "inferred_from_neighbours"
        }

        over "osm_way_804729592"
        {
            float3[] extent = [(252.00247, -108.97065, 0.04), (261.47775, -97.77191, 15)]
            point3f[] points = [(252.00247, -100.42131, 0.04), (256.7886, -97.77191, 0.04), (261.47775, -106.45483, 0.04), (256.69162, -108.97065, 0.04), (252.00247, -100.42131, 15), (256.7886, -97.77191, 15), (261.47775, -106.45483, 15), (256.69162, -108.97065, 15)]
            custom double urbantwin:heightMetres = 15
            custom string urbantwin:heightSource = "inferred_from_neighbours"
        }

        over "osm_way_804729593"
        {
            float3[] extent = [(246.10812, -112.221176, 0.04), (256.69162, -100.42131, 15)]
            point3f[] points = [(246.10812, -103.62731, 0.04), (252.00247, -100.42131, 0.04), (256.69162, -108.97065, 0.04), (250.84576, -112.221176, 0.04), (246.10812, -103.62731, 15), (252.00247, -100.42131, 15), (256.69162, -108.97065, 15), (250.84576, -112.221176, 15)]
            custom double urbantwin:heightMetres = 15
            custom string urbantwin:heightSource = "inferred_from_neighbours"
        }

        over "osm_way_804729594"
        {
            float3[] extent = [(240.71939, -115.08209, 0.04), (250.84576, -103.62731, 15)]
            point3f[] points = [(240.71939, -106.59954, 0.04), (246.10812, -103.62731, 0.04), (250.84576, -112.221176, 0.04), (245.41548, -115.08209, 0.04), (240.71939, -106.59954, 15), (246.10812, -103.62731, 15), (250.84576, -112.221176, 15), (245.41548, -115.08209, 15)]
            custom double urbantwin:heightMetres = 15
            custom string urbantwin:heightSource = "inferred_from_neighbours"
        }

        over "osm_way_804729595"
        {
            float3[] extent = [(224.60864, -124.72236, 0.04), (245.96266, -106.59954, 15)]
            point3f[] points = [(240.71939, -106.59954, 0.04), (224.60864, -115.416046, 0.04), (229.55408, -124.72236, 0.04), (232.40082, -123.40879, 0.04), (245.96266, -116.07283, 0.04), (245.41548, -115.08209, 0.04), (240.71939, -106.59954, 15), (224.60864, -115.416046, 15), (229.55408, -124.72236, 15), (232.40082, -123.40879, 15), (245.96266, -116.07283, 15), (245.41548, -115.08209, 15)]
            custom double urbantwin:heightMetres = 15
            custom string urbantwin:heightSource = "inferred_from_neighbours"
        }

        over "osm_way_804744016"
        {
            float3[] extent = [(368.58035, -92.61781, 0.04), (378.84525, -84.213196, 7.5)]
            point3f[] points = [(368.58035, -87.8756, 0.04), (370.85913, -92.61781, 0.04), (378.84525, -88.85522, 0.04), (377.39764, -85.66035, 0.04), (376.75348, -84.213196, 0.04), (368.58035, -87.8756, 7.5), (370.85913, -92.61781, 7.5), (378.84525, -88.85522, 7.5), (377.39764, -85.66035, 7.5), (376.75348, -84.213196, 7.5)]
            custom double urbantwin:heightMetres = 7.5
            custom string urbantwin:heightSource = "inferred_from_building_type"
        }

        over "osm_way_804744017"
        {
            float3[] extent = [(366.26, -87.8756, 0.04), (379.44785, -77.36704, 7.5)]
            point3f[] points = [(366.26, -83.1, 0.04), (368.58035, -87.8756, 0.04), (376.75348, -84.213196, 0.04), (375.82535, -82.20944, 0.04), (379.44785, -80.58418, 0.04), (378.03488, -77.36704, 0.04), (366.26, -83.1, 7.5), (368.58035, -87.8756, 7.5), (376.75348, -84.213196, 7.5), (375.82535, -82.20944, 7.5), (379.44785, -80.58418, 7.5), (378.03488, -77.36704, 7.5)]
            custom double urbantwin:heightMetres = 7.5
            custom string urbantwin:heightSource = "inferred_from_building_type"
        }

        over "osm_way_804744018"
        {
            float3[] extent = [(363.8427, -83.1, 0.04), (379.63486, -73.39294, 7.5)]
            point3f[] points = [(363.8427, -77.94591, 0.04), (366.26, -83.1, 0.04), (378.03488, -77.36704, 0.04), (379.63486, -76.73253, 0.04), (378.1457, -73.39294, 0.04), (372.7639, -75.8531, 0.04), (371.97427, -74.08312, 0.04), (363.8427, -77.94591, 7.5), (366.26, -83.1, 7.5), (378.03488, -77.36704, 7.5), (379.63486, -76.73253, 7.5), (378.1457, -73.39294, 7.5), (372.7639, -75.8531, 7.5), (371.97427, -74.08312, 7.5)]
            custom double urbantwin:heightMetres = 7.5
            custom string urbantwin:heightSource = "inferred_from_building_type"
        }

        over "osm_way_804744019"
        {
            float3[] extent = [(361.4254, -77.94591, 0.04), (379.44785, -65.16643, 7.5)]
            point3f[] points = [(361.4254, -72.969925, 0.04), (363.8427, -77.94591, 0.04), (371.97427, -74.08312, 0.04), (371.36478, -72.60257, 0.04), (379.44785, -68.8845, 0.04), (378.00717, -65.16643, 0.04), (375.92233, -66.14604, 0.04), (361.4254, -72.969925, 7.5), (363.8427, -77.94591, 7.5), (371.97427, -74.08312, 7.5), (371.36478, -72.60257, 7.5), (379.44785, -68.8845, 7.5), (378.00717, -65.16643, 7.5), (375.92233, -66.14604, 7.5)]
            custom double urbantwin:heightMetres = 7.5
            custom string urbantwin:heightSource = "inferred_from_building_type"
        }

        over "osm_way_804744020"
        {
            float3[] extent = [(358.8765, -72.969925, 0.04), (375.92233, -62.572685, 7.5)]
            point3f[] points = [(358.8765, -67.726776, 0.04), (361.4254, -72.969925, 0.04), (375.92233, -66.14604, 0.04), (374.38467, -62.572685, 0.04), (367.5137, -65.58945, 0.04), (366.8626, -64.09776, 0.04), (358.8765, -67.726776, 7.5), (361.4254, -72.969925, 7.5), (375.92233, -66.14604, 7.5), (374.38467, -62.572685, 7.5), (367.5137, -65.58945, 7.5), (366.8626, -64.09776, 7.5)]
            custom double urbantwin:heightMetres = 7.5
            custom string urbantwin:heightSource = "inferred_from_building_type"
        }

        over "osm_way_804744021"
        {
            float3[] extent = [(355.8566, -67.726776, 0.04), (366.8626, -58.988197, 7.5)]
            point3f[] points = [(355.8566, -61.548546, 0.04), (361.4254, -58.988197, 0.04), (363.6557, -62.750797, 0.04), (365.93448, -61.826847, 0.04), (366.8626, -64.09776, 0.04), (358.8765, -67.726776, 0.04), (355.8566, -61.548546, 7.5), (361.4254, -58.988197, 7.5), (363.6557, -62.750797, 7.5), (365.93448, -61.826847, 7.5), (366.8626, -64.09776, 7.5), (358.8765, -67.726776, 7.5)]
            custom double urbantwin:heightMetres = 7.5
            custom string urbantwin:heightSource = "inferred_from_building_type"
        }

        over "osm_way_804744034"
        {
            float3[] extent = [(371.64874, -42.735554, 0.04), (379.70413, -34.008106, 7.5)]
            point3f[] points = [(374.62018, -42.735554, 0.04), (376.34482, -41.900658, 0.04), (379.70413, -40.15294, 0.04), (376.75348, -34.008106, 0.04), (371.64874, -36.791092, 0.04), (374.62018, -42.735554, 7.5), (376.34482, -41.900658, 7.5), (379.70413, -40.15294, 7.5), (376.75348, -34.008106, 7.5), (371.64874, -36.791092, 7.5)]
            custom double urbantwin:heightMetres = 7.5
            custom string urbantwin:heightSource = "inferred_from_building_type"
        }

        over "osm_way_804744035"
        {
            float3[] extent = [(365.69897, -45.718914, 0.04), (374.62018, -36.791092, 7.5)]
            point3f[] points = [(365.69897, -39.97483, 0.04), (368.76044, -45.718914, 0.04), (371.06, -44.53893, 0.04), (374.62018, -42.735554, 0.04), (371.64874, -36.791092, 0.04), (368.31024, -38.583336, 0.04), (365.69897, -39.97483, 7.5), (368.76044, -45.718914, 7.5), (371.06, -44.53893, 7.5), (374.62018, -42.735554, 7.5), (371.64874, -36.791092, 7.5), (368.31024, -38.583336, 7.5)]
            custom double urbantwin:heightMetres = 7.5
            custom string urbantwin:heightSource = "inferred_from_building_type"
        }

        over "osm_way_804744036"
        {
            float3[] extent = [(360.10248, -50.861874, 0.04), (369.95178, -39.97483, 7.5)]
            point3f[] points = [(360.10248, -42.99159, 0.04), (365.69897, -39.97483, 0.04), (368.76044, -45.718914, 0.04), (369.95178, -48.167942, 0.04), (366.6479, -49.68189, 0.04), (364.07822, -50.861874, 0.04), (360.10248, -42.99159, 7.5), (365.69897, -39.97483, 7.5), (368.76044, -45.718914, 7.5), (369.95178, -48.167942, 7.5), (366.6479, -49.68189, 7.5), (364.07822, -50.861874, 7.5)]
            custom double urbantwin:heightMetres = 7.5
            custom string urbantwin:heightSource = "inferred_from_building_type"
        }

        over "osm_way_804744037"
        {
            float3[] extent = [(354.64447, -53.51128, 0.04), (364.07822, -42.99159, 7.5)]
            point3f[] points = [(354.64447, -45.75231, 0.04), (360.10248, -42.99159, 0.04), (364.07822, -50.861874, 0.04), (361.7925, -51.96394, 0.04), (358.57175, -53.51128, 0.04), (354.64447, -45.75231, 7.5), (360.10248, -42.99159, 7.5), (364.07822, -50.861874, 7.5), (361.7925, -51.96394, 7.5), (358.57175, -53.51128, 7.5)]
            custom double urbantwin:heightMetres = 7.5
            custom string urbantwin:heightSource = "inferred_from_building_type"
        }

        over "osm_way_804744038"
        {
            float3[] extent = [(349.6298, -59.823093, 0.04), (358.57175, -45.75231, 7.5)]
            point3f[] points = [(354.64447, -45.75231, 0.04), (358.57175, -53.51128, 0.04), (356.15445, -54.646736, 0.04), (357.98993, -58.387074, 0.04), (354.97003, -59.823093, 0.04), (349.6298, -48.357185, 0.04), (354.64447, -45.75231, 7.5), (358.57175, -53.51128, 7.5), (356.15445, -54.646736, 7.5), (357.98993, -58.387074, 7.5), (354.97003, -59.823093, 7.5), (349.6298, -48.357185, 7.5)]
            custom double urbantwin:heightMetres = 7.5
            custom string urbantwin:heightSource = "inferred_from_building_type"
        }

        over "osm_way_804759115"
        {
            float3[] extent = [(361.7925, -54.53542, 0.04), (367.8808, -49.68189, 21)]
            point3f[] points = [(361.7925, -51.96394, 0.04), (363.1501, -54.53542, 0.04), (365.40115, -53.51128, 0.04), (367.8808, -52.30903, 0.04), (366.6479, -49.68189, 0.04), (364.07822, -50.861874, 0.04), (361.7925, -51.96394, 21), (363.1501, -54.53542, 21), (365.40115, -53.51128, 21), (367.8808, -52.30903, 21), (366.6479, -49.68189, 21), (364.07822, -50.861874, 21)]
            custom double urbantwin:heightMetres = 21
            custom string urbantwin:heightSource = "inferred_from_neighbours"
        }

        over "osm_way_804759126"
        {
            float3[] extent = [(375.43747, -46.731922, 0.04), (379.45477, -42.3682, 21)]
            point3f[] points = [(376.86432, -42.869137, 0.04), (377.89633, -42.3682, 0.04), (379.45477, -45.67439, 0.04), (376.71194, -46.731922, 0.04), (375.43747, -44.305157, 0.04), (377.176, -43.436867, 0.04), (376.86432, -42.869137, 21), (377.89633, -42.3682, 21), (379.45477, -45.67439, 21), (376.71194, -46.731922, 21), (375.43747, -44.305157, 21), (377.176, -43.436867, 21)]
            custom double urbantwin:heightMetres = 21
            custom string urbantwin:heightSource = "inferred_from_neighbours"
        }

        over "osm_way_804759127"
        {
            float3[] extent = [(374.62018, -44.305157, 0.04), (377.176, -41.900658, 21)]
            point3f[] points = [(376.34482, -41.900658, 0.04), (376.86432, -42.869137, 0.04), (377.176, -43.436867, 0.04), (375.43747, -44.305157, 0.04), (374.62018, -42.735554, 0.04), (376.34482, -41.900658, 21), (376.86432, -42.869137, 21), (377.176, -43.436867, 21), (375.43747, -44.305157, 21), (374.62018, -42.735554, 21)]
            custom double urbantwin:heightMetres = 21
            custom string urbantwin:heightSource = "inferred_from_neighbours"
        }

        over "osm_way_804759129"
        {
            float3[] extent = [(368.76044, -48.167942, 0.04), (372.29984, -44.53893, 21)]
            point3f[] points = [(371.06, -44.53893, 0.04), (372.29984, -46.865505, 0.04), (369.95178, -48.167942, 0.04), (368.76044, -45.718914, 0.04), (371.06, -44.53893, 21), (372.29984, -46.865505, 21), (369.95178, -48.167942, 21), (368.76044, -45.718914, 21)]
            custom double urbantwin:heightMetres = 21
            custom string urbantwin:heightSource = "inferred_from_neighbours"
        }

        over "osm_way_804759135"
        {
            float3[] extent = [(361.4254, -64.09776, 0.04), (379.808, -52.0196, 21)]
            point3f[] points = [(361.4254, -58.988197, 0.04), (367.01498, -56.572567, 0.04), (373.01324, -53.95656, 0.04), (377.45306, -52.0196, 0.04), (377.647, -52.620724, 0.04), (379.3509, -57.819344, 0.04), (379.808, -59.2331, 0.04), (378.60977, -59.64498, 0.04), (366.8626, -64.09776, 0.04), (365.93448, -61.826847, 0.04), (363.6557, -62.750797, 0.04), (361.4254, -58.988197, 21), (367.01498, -56.572567, 21), (373.01324, -53.95656, 21), (377.45306, -52.0196, 21), (377.647, -52.620724, 21), (379.3509, -57.819344, 21), (379.808, -59.2331, 21), (378.60977, -59.64498, 21), (366.8626, -64.09776, 21), (365.93448, -61.826847, 21), (363.6557, -62.750797, 21)]
            custom double urbantwin:heightMetres = 21
            custom string urbantwin:heightSource = "inferred_from_neighbours"
        }

        over "osm_way_805046368"
        {
            float3[] extent = [(364.9094, 86.65109, 0.04), (378.24265, 96.458336, 18)]
            point3f[] points = [(367.11197, 86.65109, 0.04), (364.9094, 92.18367, 0.04), (376.19937, 96.458336, 0.04), (378.24265, 90.74765, 0.04), (377.2037, 90.41369, 0.04), (367.11197, 86.65109, 18), (364.9094, 92.18367, 18), (376.19937, 96.458336, 18), (378.24265, 90.74765, 18), (377.2037, 90.41369, 18)]
            custom double urbantwin:heightMetres = 18
            custom string urbantwin:heightSource = "inferred_from_neighbours"
        }

        over "osm_way_868884091"
        {
            float3[] extent = [(-325.33896, 137.31259, 0.04), (-287.9088, 180.78285, 30)]
            point3f[] points = [(-287.9088, 147.18663, 0.04), (-296.48367, 159.92159, 0.04), (-293.46378, 161.9476, 0.04), (-299.69058, 171.20938, 0.04), (-302.71048, 169.17223, 0.04), (-304.78146, 172.27805, 0.04), (-310.52344, 180.78285, 0.04), (-311.73557, 179.95909, 0.04), (-312.38666, 179.52495, 0.04), (-312.73297, 179.29117, 0.04), (-325.33896, 170.80862, 0.04), (-317.63684, 159.35385, 0.04), (-320.2758, 157.57274, 0.04), (-313.86197, 148.05492, 0.04), (-311.20917, 149.83603, 0.04), (-302.77283, 137.31259, 0.04), (-290.03522, 145.77287, 0.04), (-287.9088, 147.18663, 30), (-296.48367, 159.92159, 30), (-293.46378, 161.9476, 30), (-299.69058, 171.20938, 30), (-302.71048, 169.17223, 30), (-304.78146, 172.27805, 30), (-310.52344, 180.78285, 30), (-311.73557, 179.95909, 30), (-312.38666, 179.52495, 30), (-312.73297, 179.29117, 30), (-325.33896, 170.80862, 30), (-317.63684, 159.35385, 30), (-320.2758, 157.57274, 30), (-313.86197, 148.05492, 30), (-311.20917, 149.83603, 30), (-302.77283, 137.31259, 30), (-290.03522, 145.77287, 30)]
            custom double urbantwin:heightMetres = 30
            custom string urbantwin:heightSource = "osm_building_part_levels"
        }

        over "osm_way_868884094"
        {
            float3[] extent = [(-221.2632, -20.126564, 0.04), (-181.99754, 25.803858, 30)]
            point3f[] points = [(-221.2632, 15.696048, 0.04), (-211.21994, 0.7681045, 0.04), (-213.17319, -0.5454655, 0.04), (-206.72472, -10.130074, 0.04), (-204.4875, -8.616129, 0.04), (-196.7438, -20.126564, 0.04), (-186.2919, -13.08004, 0.04), (-184.07545, -11.599491, 0.04), (-181.99754, -10.207997, 0.04), (-189.94904, 1.6141326, 0.04), (-187.06766, 3.5622237, 0.04), (-193.13516, 12.5791025, 0.04), (-196.02347, 10.642143, 0.04), (-206.22603, 25.803858, 0.04), (-208.35934, 24.367836, 0.04), (-221.2632, 15.696048, 30), (-211.21994, 0.7681045, 30), (-213.17319, -0.5454655, 30), (-206.72472, -10.130074, 30), (-204.4875, -8.616129, 30), (-196.7438, -20.126564, 30), (-186.2919, -13.08004, 30), (-184.07545, -11.599491, 30), (-181.99754, -10.207997, 30), (-189.94904, 1.6141326, 30), (-187.06766, 3.5622237, 30), (-193.13516, 12.5791025, 30), (-196.02347, 10.642143, 30), (-206.22603, 25.803858, 30), (-208.35934, 24.367836, 30)]
            custom double urbantwin:heightMetres = 30
            custom string urbantwin:heightSource = "osm_building_part_levels"
        }

        over "osm_way_875554592"
        {
            float3[] extent = [(-361.8133, -69.686005, 0.04), (-285.6716, 36.245625, 9)]
            point3f[] points = [(-295.63174, -44.65025, 0.04), (-293.11053, -48.334923, 0.04), (-285.79626, -43.325546, 0.04), (-288.25513, -39.663136, 0.04), (-286.83524, -38.238247, 0.04), (-286.011, -36.412605, 0.04), (-285.6716, -34.186214, 0.04), (-286.02484, -31.64813, 0.04), (-287.13306, -30.200977, 0.04), (-288.67072, -28.909672, 0.04), (-290.70706, -28.56458, 0.04), (-292.85425, -28.809484, 0.04), (-294.21182, -29.566456, 0.04), (-295.74255, -30.61286, 0.04), (-305.13474, -36.935806, 0.04), (-307.6213, -38.638996, 0.04), (-312.17886, -41.655754, 0.04), (-313.55026, -39.551815, 0.04), (-314.18057, -38.79484, 0.04), (-313.15546, -38.115795, 0.04), (-312.60828, -38.928425, 0.04), (-310.32257, -37.392216, 0.04), (-301.46375, -31.12493, 0.04), (-307.80832, -22.063522, 0.04), (-316.69485, -27.93006, 0.04), (-319.11908, -29.566456, 0.04), (-318.6827, -30.21211, 0.04), (-319.5693, -30.802103, 0.04), (-319.97104, -30.301165, 0.04), (-322.02124, -31.70379, 0.04), (-325.27664, -27.106297, 0.04), (-321.28012, -24.412365, 0.04), (-319.9641, -26.360455, 0.04), (-296.48367, -10.530824, 0.04), (-297.73044, -8.671788, 0.04), (-296.66376, -7.9593434, 0.04), (-292.80576, -5.3544674, 0.04), (-295.52783, -1.31357, 0.04), (-295.7564, -0.9684796, 0.04), (-291.77374, 1.7143202, 0.04), (-313.3494, 33.718674, 0.04), (-317.37363, 31.002478, 0.04), (-318.0178, 31.948694, 0.04), (-320.91302, 36.245625, 0.04), (-324.90955, 33.551693, 0.04), (-326.2394, 32.650005, 0.04), (-328.27576, 35.666763, 0.04), (-359.112, 14.872284, 0.04), (-356.854, 11.521567, 0.04), (-357.83755, 10.85365, 0.04), (-361.8133, 8.181983, 0.04), (-358.98734, 3.9741058, 0.04), (-358.44016, 3.0167582, 0.04), (-360.19943, 1.8145077, 0.04), (-342.68954, -23.844635, 0.04), (-340.93027, -22.642384, 0.04), (-336.88525, -28.78722, 0.04), (-335.56232, -30.746443, 0.04), (-342.05927, -35.16583, 0.04), (-342.4956, -34.742813, 0.04), (-352.15793, -41.377453, 0.04), (-332.70172, -69.686005, 0.04), (-314.30524, -57.262745, 0.04), (-311.4239, -55.314655, 0.04), (-308.3555, -53.23298, 0.04), (-295.63174, -44.65025, 9), (-293.11053, -48.334923, 9), (-285.79626, -43.325546, 9), (-288.25513, -39.663136, 9), (-286.83524, -38.238247, 9), (-286.011, -36.412605, 9), (-285.6716, -34.186214, 9), (-286.02484, -31.64813, 9), (-287.13306, -30.200977, 9), (-288.67072, -28.909672, 9), (-290.70706, -28.56458, 9), (-292.85425, -28.809484, 9), (-294.21182, -29.566456, 9), (-295.74255, -30.61286, 9), (-305.13474, -36.935806, 9), (-307.6213, -38.638996, 9), (-312.17886, -41.655754, 9), (-313.55026, -39.551815, 9), (-314.18057, -38.79484, 9), (-313.15546, -38.115795, 9), (-312.60828, -38.928425, 9), (-310.32257, -37.392216, 9), (-301.46375, -31.12493, 9), (-307.80832, -22.063522, 9), (-316.69485, -27.93006, 9), (-319.11908, -29.566456, 9), (-318.6827, -30.21211, 9), (-319.5693, -30.802103, 9), (-319.97104, -30.301165, 9), (-322.02124, -31.70379, 9), (-325.27664, -27.106297, 9), (-321.28012, -24.412365, 9), (-319.9641, -26.360455, 9), (-296.48367, -10.530824, 9), (-297.73044, -8.671788, 9), (-296.66376, -7.9593434, 9), (-292.80576, -5.3544674, 9), (-295.52783, -1.31357, 9), (-295.7564, -0.9684796, 9), (-291.77374, 1.7143202, 9), (-313.3494, 33.718674, 9), (-317.37363, 31.002478, 9), (-318.0178, 31.948694, 9), (-320.91302, 36.245625, 9), (-324.90955, 33.551693, 9), (-326.2394, 32.650005, 9), (-328.27576, 35.666763, 9), (-359.112, 14.872284, 9), (-356.854, 11.521567, 9), (-357.83755, 10.85365, 9), (-361.8133, 8.181983, 9), (-358.98734, 3.9741058, 9), (-358.44016, 3.0167582, 9), (-360.19943, 1.8145077, 9), (-342.68954, -23.844635, 9), (-340.93027, -22.642384, 9), (-336.88525, -28.78722, 9), (-335.56232, -30.746443, 9), (-342.05927, -35.16583, 9), (-342.4956, -34.742813, 9), (-352.15793, -41.377453, 9), (-332.70172, -69.686005, 9), (-314.30524, -57.262745, 9), (-311.4239, -55.314655, 9), (-308.3555, -53.23298, 9)]
            custom double urbantwin:heightMetres = 9
            custom string urbantwin:heightSource = "osm_building_part_levels"
        }

        over "osm_way_877702982"
        {
            float3[] extent = [(-349.58823, -151.28319, 0.04), (-316.13382, -115.93925, 12)]
            point3f[] points = [(-349.58823, -128.01741, 0.04), (-333.70602, -151.28319, 0.04), (-319.3061, -141.39801, 0.04), (-316.13382, -139.28294, 0.04), (-331.95367, -115.93925, 0.04), (-335.0082, -118.06545, 0.04), (-349.58823, -128.01741, 12), (-333.70602, -151.28319, 12), (-319.3061, -141.39801, 12), (-316.13382, -139.28294, 12), (-331.95367, -115.93925, 12), (-335.0082, -118.06545, 12)]
            custom double urbantwin:heightMetres = 12
            custom string urbantwin:heightSource = "osm_building_part_levels"
        }

        over "osm_way_877703027"
        {
            float3[] extent = [(-374.8418, 22.486538, 0.04), (-350.4194, 42.468388, 15)]
            point3f[] points = [(-374.8418, 28.831749, 0.04), (-369.25916, 32.66114, 0.04), (-366.07993, 34.809605, 0.04), (-364.11978, 36.134308, 0.04), (-354.72067, 42.468388, 0.04), (-350.5995, 36.32355, 0.04), (-350.4194, 36.05638, 0.04), (-350.74493, 35.833744, 0.04), (-361.7925, 28.419867, 0.04), (-365.65744, 25.803858, 0.04), (-370.51974, 22.486538, 0.04), (-374.8418, 28.831749, 15), (-369.25916, 32.66114, 15), (-366.07993, 34.809605, 15), (-364.11978, 36.134308, 15), (-354.72067, 42.468388, 15), (-350.5995, 36.32355, 15), (-350.4194, 36.05638, 15), (-350.74493, 35.833744, 15), (-361.7925, 28.419867, 15), (-365.65744, 25.803858, 15), (-370.51974, 22.486538, 15)]
            custom double urbantwin:heightMetres = 15
            custom string urbantwin:heightSource = "osm_building_part_levels"
        }

        over "osm_way_972210880"
        {
            float3[] extent = [(-259.98166, -261.37817, 0.04), (-248.8579, -251.1479, 3)]
            point3f[] points = [(-252.23796, -251.1479, 0.04), (-250.40247, -254.00882, 0.04), (-248.8579, -256.3799, 0.04), (-256.6016, -261.37817, 0.04), (-257.85526, -259.41895, 0.04), (-259.98166, -256.14615, 0.04), (-252.23796, -251.1479, 3), (-250.40247, -254.00882, 3), (-248.8579, -256.3799, 3), (-256.6016, -261.37817, 3), (-257.85526, -259.41895, 3), (-259.98166, -256.14615, 3)]
            custom double urbantwin:heightMetres = 3
            custom string urbantwin:heightSource = "inferred_from_building_type"
        }

        over "osm_way_97237880"
        {
            float3[] extent = [(27.920237, -366.2745, 0.04), (65.82139, -334.9047, 8)]
            point3f[] points = [(27.920237, -357.1018, 0.04), (33.99467, -352.66016, 0.04), (52.640484, -339.23502, 0.04), (58.63873, -334.9047, 0.04), (65.82139, -344.40024, 0.04), (34.28558, -366.2745, 0.04), (27.920237, -357.1018, 8), (33.99467, -352.66016, 8), (52.640484, -339.23502, 8), (58.63873, -334.9047, 8), (65.82139, -344.40024, 8), (34.28558, -366.2745, 8)]
            custom double urbantwin:heightMetres = 8
            custom string urbantwin:heightSource = "inferred_from_building_type"
        }

        over "osm_way_97237896"
        {
            float3[] extent = [(-250.51329, -192.09291, 0.04), (-181.43651, -117.29735, 15)]
            point3f[] points = [(-216.7472, -117.29735, 0.04), (-181.43651, -163.63965, 0.04), (-186.38887, -167.22414, 0.04), (-184.90663, -169.1611, 0.04), (-187.5525, -170.96448, 0.04), (-188.77847, -168.8828, 0.04), (-193.40529, -172.17786, 0.04), (-194.22261, -171.06467, 0.04), (-196.2174, -172.43388, 0.04), (-195.08148, -174.08142, 0.04), (-196.16891, -174.82726, 0.04), (-221.27013, -192.09291, 0.04), (-222.40605, -190.43425, 0.04), (-224.0753, -191.59198, 0.04), (-224.64326, -190.75708, 0.04), (-229.49173, -183.71056, 0.04), (-243.06052, -163.3057, 0.04), (-244.27956, -161.50232, 0.04), (-249.22499, -154.81201, 0.04), (-250.51329, -153.23128, 0.04), (-228.73676, -138.5705, 0.04), (-223.83981, -135.3979, 0.04), (-223.38266, -135.7096, 0.04), (-221.96275, -134.27357, 0.04), (-227.8571, -126.536865, 0.04), (-216.7472, -117.29735, 15), (-181.43651, -163.63965, 15), (-186.38887, -167.22414, 15), (-184.90663, -169.1611, 15), (-187.5525, -170.96448, 15), (-188.77847, -168.8828, 15), (-193.40529, -172.17786, 15), (-194.22261, -171.06467, 15), (-196.2174, -172.43388, 15), (-195.08148, -174.08142, 15), (-196.16891, -174.82726, 15), (-221.27013, -192.09291, 15), (-222.40605, -190.43425, 15), (-224.0753, -191.59198, 15), (-224.64326, -190.75708, 15), (-229.49173, -183.71056, 15), (-243.06052, -163.3057, 15), (-244.27956, -161.50232, 15), (-249.22499, -154.81201, 15), (-250.51329, -153.23128, 15), (-228.73676, -138.5705, 15), (-223.83981, -135.3979, 15), (-223.38266, -135.7096, 15), (-221.96275, -134.27357, 15), (-227.8571, -126.536865, 15)]
            custom double urbantwin:heightMetres = 15
            custom string urbantwin:heightSource = "osm_building_part_levels"
        }

        over "osm_way_98977077"
        {
            float3[] extent = [(-59.30366, 221.02486, 0.04), (-38.365215, 242.18669, 7)]
            point3f[] points = [(-43.705456, 242.18669, 0.04), (-53.305416, 238.95842, 0.04), (-59.30366, 236.95467, 0.04), (-53.963425, 221.02486, 0.04), (-50.347855, 222.23824, 0.04), (-38.365215, 226.25687, 0.04), (-43.705456, 242.18669, 7), (-53.305416, 238.95842, 7), (-59.30366, 236.95467, 7), (-53.963425, 221.02486, 7), (-50.347855, 222.23824, 7), (-38.365215, 226.25687, 7)]
            custom double urbantwin:heightMetres = 7
            custom string urbantwin:heightSource = "inferred_from_building_type"
        }
    }
}

