#usda 1.0
(
    defaultPrim = "World"
    metersPerUnit = 1
    upAxis = "Z"
)

def Xform "World"
{
    def Scope "Results"
    {
        custom string urbantwin:legend = "0 = low, 1 = high. Colour ramp dark blue -> teal -> yellow -> orange -> dark red."
        custom string urbantwin:mappingStatus = "PROVISIONAL"
        custom string urbantwin:metric = "crowding"
        custom string urbantwin:state = "after"

        def Scope "MetricPaths"
        {
            def BasisCurves "edge_019"
            {
                int[] curveVertexCounts = [2]
                point3f[] points = [(148.15526, 199.77396, 0.55), (142.41328, 197.54756, 0.55)]
                color3f[] primvars:displayColor = [(0.14212, 0.25324, 0.45848)]
                uniform token type = "linear"
                custom double urbantwin:crowding = 0.045
                float[] widths = [3, 3] (
                    interpolation = "vertex"
                )
            }

            def BasisCurves "edge_1005"
            {
                int[] curveVertexCounts = [2]
                point3f[] points = [(-92.99357, 13.313811, 0.55), (-95.60482, 21.406738, 0.55)]
                color3f[] primvars:displayColor = [(0.346248, 0.6038752, 0.4543024)]
                uniform token type = "linear"
                custom double urbantwin:crowding = 0.3244
                float[] widths = [3, 3] (
                    interpolation = "vertex"
                )
            }

            def BasisCurves "edge_1013"
            {
                int[] curveVertexCounts = [2]
                point3f[] points = [(-92.99357, 13.313811, 0.55), (-94.17106, 7.391614, 0.55)]
                color3f[] primvars:displayColor = [(0.346248, 0.6038752, 0.4543024)]
                uniform token type = "linear"
                custom double urbantwin:crowding = 0.3244
                float[] widths = [3, 3] (
                    interpolation = "vertex"
                )
            }

            def BasisCurves "edge_1014"
            {
                int[] curveVertexCounts = [2]
                point3f[] points = [(1.6276991, -108.79254, 0.55), (6.5315757, -108.99291, 0.55)]
                color3f[] primvars:displayColor = [(0.1316944, 0.4604488, 0.5145176)]
                uniform token type = "linear"
                custom double urbantwin:crowding = 0.2079
                float[] widths = [3, 3] (
                    interpolation = "vertex"
                )
            }

            def BasisCurves "edge_1015"
            {
                int[] curveVertexCounts = [2]
                point3f[] points = [(55.82662, -160.0663, 0.55), (25.094273, -120.135994, 0.55)]
                color3f[] primvars:displayColor = [(0.1316944, 0.4604488, 0.5145176)]
                uniform token type = "linear"
                custom double urbantwin:crowding = 0.2079
                float[] widths = [3, 3] (
                    interpolation = "vertex"
                )
            }

            def BasisCurves "edge_1016"
            {
                int[] curveVertexCounts = [2]
                point3f[] points = [(25.094273, -120.135994, 0.55), (21.94277, -120.89297, 0.55)]
                color3f[] primvars:displayColor = [(0.509184, 0.6712816, 0.3982792)]
                uniform token type = "linear"
                custom double urbantwin:crowding = 0.3802
                float[] widths = [3, 3] (
                    interpolation = "vertex"
                )
            }

            def BasisCurves "edge_1017"
            {
                int[] curveVertexCounts = [2]
                point3f[] points = [(21.94277, -120.89297, 0.55), (17.731531, -123.69822, 0.55)]
                color3f[] primvars:displayColor = [(0.509184, 0.6712816, 0.3982792)]
                uniform token type = "linear"
                custom double urbantwin:crowding = 0.3802
                float[] widths = [3, 3] (
                    interpolation = "vertex"
                )
            }

            def BasisCurves "edge_1057"
            {
                int[] curveVertexCounts = [2]
                point3f[] points = [(132.61938, 29.677776, 0.55), (131.42805, 29.86702, 0.55)]
                color3f[] primvars:displayColor = [(0.8832892, 0.6328968, 0.2144744)]
                uniform token type = "linear"
                custom double urbantwin:crowding = 0.6557
                float[] widths = [3, 3] (
                    interpolation = "vertex"
                )
            }

            def BasisCurves "edge_1058"
            {
                int[] curveVertexCounts = [2]
                point3f[] points = [(131.42805, 29.86702, 0.55), (123.12332, 27.69629, 0.55)]
                color3f[] primvars:displayColor = [(0.8832892, 0.6328968, 0.2144744)]
                uniform token type = "linear"
                custom double urbantwin:crowding = 0.6557
                float[] widths = [3, 3] (
                    interpolation = "vertex"
                )
            }

            def BasisCurves "edge_1059"
            {
                int[] curveVertexCounts = [2]
                point3f[] points = [(132.61938, 29.677776, 0.55), (158.15695, 40.43124, 0.55)]
                color3f[] primvars:displayColor = [(0.8832892, 0.6328968, 0.2144744)]
                uniform token type = "linear"
                custom double urbantwin:crowding = 0.6557
                float[] widths = [3, 3] (
                    interpolation = "vertex"
                )
            }

            def BasisCurves "edge_1060"
            {
                int[] curveVertexCounts = [2]
                point3f[] points = [(158.15695, 40.43124, 0.55), (160.43573, 41.41085, 0.55)]
                color3f[] primvars:displayColor = [(0.8832892, 0.6328968, 0.2144744)]
                uniform token type = "linear"
                custom double urbantwin:crowding = 0.6557
                float[] widths = [3, 3] (
                    interpolation = "vertex"
                )
            }

            def BasisCurves "edge_1061"
            {
                int[] curveVertexCounts = [2]
                point3f[] points = [(160.43573, 41.41085, 0.55), (165.00021, 42.524044, 0.55)]
                color3f[] primvars:displayColor = [(0.8832892, 0.6328968, 0.2144744)]
                uniform token type = "linear"
                custom double urbantwin:crowding = 0.6557
                float[] widths = [3, 3] (
                    interpolation = "vertex"
                )
            }

            def BasisCurves "edge_1062"
            {
                int[] curveVertexCounts = [2]
                point3f[] points = [(165.00021, 42.524044, 0.55), (178.01488, 47.043617, 0.55)]
                color3f[] primvars:displayColor = [(0.8832892, 0.6328968, 0.2144744)]
                uniform token type = "linear"
                custom double urbantwin:crowding = 0.6557
                float[] widths = [3, 3] (
                    interpolation = "vertex"
                )
            }

            def BasisCurves "edge_1063"
            {
                int[] curveVertexCounts = [2]
                point3f[] points = [(189.1802, 50.928665, 0.55), (198.6832, 54.735794, 0.55)]
                color3f[] primvars:displayColor = [(0.8832892, 0.6328968, 0.2144744)]
                uniform token type = "linear"
                custom double urbantwin:crowding = 0.6557
                float[] widths = [3, 3] (
                    interpolation = "vertex"
                )
            }

            def BasisCurves "edge_1064"
            {
                int[] curveVertexCounts = [2]
                point3f[] points = [(178.01488, 47.043617, 0.55), (189.1802, 50.928665, 0.55)]
                color3f[] primvars:displayColor = [(0.8832892, 0.6328968, 0.2144744)]
                uniform token type = "linear"
                custom double urbantwin:crowding = 0.6557
                float[] widths = [3, 3] (
                    interpolation = "vertex"
                )
            }

            def BasisCurves "edge_1073"
            {
                int[] curveVertexCounts = [2]
                point3f[] points = [(218.47186, -23.288038, 0.55), (214.6485, -16.575472, 0.55)]
                color3f[] primvars:displayColor = [(0.8643664, 0.4730784, 0.1709432)]
                uniform token type = "linear"
                custom double urbantwin:crowding = 0.7794
                float[] widths = [3, 3] (
                    interpolation = "vertex"
                )
            }

            def BasisCurves "edge_1074"
            {
                int[] curveVertexCounts = [2]
                point3f[] points = [(218.47186, -23.288038, 0.55), (221.84502, -29.855888, 0.55)]
                color3f[] primvars:displayColor = [(0.8643664, 0.4730784, 0.1709432)]
                uniform token type = "linear"
                custom double urbantwin:crowding = 0.7794
                float[] widths = [3, 3] (
                    interpolation = "vertex"
                )
            }

            def BasisCurves "edge_1075"
            {
                int[] curveVertexCounts = [2]
                point3f[] points = [(226.74889, -36.457134, 0.55), (227.66316, -37.65938, 0.55)]
                color3f[] primvars:displayColor = [(0.8643664, 0.4730784, 0.1709432)]
                uniform token type = "linear"
                custom double urbantwin:crowding = 0.7794
                float[] widths = [3, 3] (
                    interpolation = "vertex"
                )
            }

            def BasisCurves "edge_1076"
            {
                int[] curveVertexCounts = [2]
                point3f[] points = [(221.84502, -29.855888, 0.55), (222.35756, -30.735312, 0.55)]
                color3f[] primvars:displayColor = [(0.8643664, 0.4730784, 0.1709432)]
                uniform token type = "linear"
                custom double urbantwin:crowding = 0.7794
                float[] widths = [3, 3] (
                    interpolation = "vertex"
                )
            }

            def BasisCurves "edge_1077"
            {
                int[] curveVertexCounts = [2]
                point3f[] points = [(222.91167, -31.514547, 0.55), (226.74889, -36.457134, 0.55)]
                color3f[] primvars:displayColor = [(0.8643664, 0.4730784, 0.1709432)]
                uniform token type = "linear"
                custom double urbantwin:crowding = 0.7794
                float[] widths = [3, 3] (
                    interpolation = "vertex"
                )
            }

            def BasisCurves "edge_1078"
            {
                int[] curveVertexCounts = [2]
                point3f[] points = [(222.35756, -30.735312, 0.55), (222.91167, -31.514547, 0.55)]
                color3f[] primvars:displayColor = [(0.8643664, 0.4730784, 0.1709432)]
                uniform token type = "linear"
                custom double urbantwin:crowding = 0.7794
                float[] widths = [3, 3] (
                    interpolation = "vertex"
                )
            }

            def BasisCurves "edge_1079"
            {
                int[] curveVertexCounts = [2]
                point3f[] points = [(227.66316, -37.65938, 0.55), (232.39389, -44.917416, 0.55)]
                color3f[] primvars:displayColor = [(0.8643664, 0.4730784, 0.1709432)]
                uniform token type = "linear"
                custom double urbantwin:crowding = 0.7794
                float[] widths = [3, 3] (
                    interpolation = "vertex"
                )
            }

            def BasisCurves "edge_1080"
            {
                int[] curveVertexCounts = [2]
                point3f[] points = [(232.39389, -44.917416, 0.55), (241.82762, -61.303642, 0.55)]
                color3f[] primvars:displayColor = [(0.8643664, 0.4730784, 0.1709432)]
                uniform token type = "linear"
                custom double urbantwin:crowding = 0.7794
                float[] widths = [3, 3] (
                    interpolation = "vertex"
                )
            }

            def BasisCurves "edge_1081"
            {
                int[] curveVertexCounts = [2]
                point3f[] points = [(241.82762, -61.303642, 0.55), (243.33757, -64.08663, 0.55)]
                color3f[] primvars:displayColor = [(0.8643664, 0.4730784, 0.1709432)]
                uniform token type = "linear"
                custom double urbantwin:crowding = 0.7794
                float[] widths = [3, 3] (
                    interpolation = "vertex"
                )
            }

            def BasisCurves "edge_1082"
            {
                int[] curveVertexCounts = [2]
                point3f[] points = [(243.33757, -64.08663, 0.55), (245.08994, -72.52465, 0.55)]
                color3f[] primvars:displayColor = [(0.8643664, 0.4730784, 0.1709432)]
                uniform token type = "linear"
                custom double urbantwin:crowding = 0.7794
                float[] widths = [3, 3] (
                    interpolation = "vertex"
                )
            }

            def BasisCurves "edge_1083"
            {
                int[] curveVertexCounts = [2]
                point3f[] points = [(245.08994, -72.52465, 0.55), (247.9436, -80.717766, 0.55)]
                color3f[] primvars:displayColor = [(0.8643664, 0.4730784, 0.1709432)]
                uniform token type = "linear"
                custom double urbantwin:crowding = 0.7794
                float[] widths = [3, 3] (
                    interpolation = "vertex"
                )
            }

            def BasisCurves "edge_1084"
            {
                int[] curveVertexCounts = [2]
                point3f[] points = [(247.9436, -80.717766, 0.55), (252.39035, -85.7828, 0.55)]
                color3f[] primvars:displayColor = [(0.8643664, 0.4730784, 0.1709432)]
                uniform token type = "linear"
                custom double urbantwin:crowding = 0.7794
                float[] widths = [3, 3] (
                    interpolation = "vertex"
                )
            }

            def BasisCurves "edge_1088"
            {
                int[] curveVertexCounts = [2]
                point3f[] points = [(246.2051, -89.033325, 0.55), (247.86742, -88.96654, 0.55)]
                color3f[] primvars:displayColor = [(0.8643664, 0.4730784, 0.1709432)]
                uniform token type = "linear"
                custom double urbantwin:crowding = 0.7794
                float[] widths = [3, 3] (
                    interpolation = "vertex"
                )
            }

            def BasisCurves "edge_1089"
            {
                int[] curveVertexCounts = [2]
                point3f[] points = [(247.86742, -88.96654, 0.55), (248.19989, -88.732765, 0.55)]
                color3f[] primvars:displayColor = [(0.8643664, 0.4730784, 0.1709432)]
                uniform token type = "linear"
                custom double urbantwin:crowding = 0.7794
                float[] widths = [3, 3] (
                    interpolation = "vertex"
                )
            }

            def BasisCurves "edge_1090"
            {
                int[] curveVertexCounts = [2]
                point3f[] points = [(248.19989, -88.732765, 0.55), (252.39035, -85.7828, 0.55)]
                color3f[] primvars:displayColor = [(0.8643664, 0.4730784, 0.1709432)]
                uniform token type = "linear"
                custom double urbantwin:crowding = 0.7794
                float[] widths = [3, 3] (
                    interpolation = "vertex"
                )
            }

            def BasisCurves "edge_1097"
            {
                int[] curveVertexCounts = [2]
                point3f[] points = [(75.57373, 9.439893, 0.55), (80.872406, 11.610623, 0.55)]
                color3f[] primvars:displayColor = [(0.8643664, 0.4730784, 0.1709432)]
                uniform token type = "linear"
                custom double urbantwin:crowding = 0.7794
                float[] widths = [3, 3] (
                    interpolation = "vertex"
                )
            }

            def BasisCurves "edge_1098"
            {
                int[] curveVertexCounts = [2]
                point3f[] points = [(80.872406, 11.610623, 0.55), (115.345, 24.601608, 0.55)]
                color3f[] primvars:displayColor = [(0.1292304, 0.5094208, 0.5277616)]
                uniform token type = "linear"
                custom double urbantwin:crowding = 0.2464
                float[] widths = [3, 3] (
                    interpolation = "vertex"
                )
            }

            def BasisCurves "edge_1118"
            {
                int[] curveVertexCounts = [2]
                point3f[] points = [(150.98122, 125.63518, 0.55), (154.50674, 120.26958, 0.55)]
                color3f[] primvars:displayColor = [(0.1299344, 0.4954288, 0.5239776)]
                uniform token type = "linear"
                custom double urbantwin:crowding = 0.2354
                float[] widths = [3, 3] (
                    interpolation = "vertex"
                )
            }

            def BasisCurves "edge_1119"
            {
                int[] curveVertexCounts = [2]
                point3f[] points = [(154.50674, 120.26958, 0.55), (160.57425, 104.39542, 0.55)]
                color3f[] primvars:displayColor = [(0.1299344, 0.4954288, 0.5239776)]
                uniform token type = "linear"
                custom double urbantwin:crowding = 0.2354
                float[] widths = [3, 3] (
                    interpolation = "vertex"
                )
            }

            def BasisCurves "edge_1120"
            {
                int[] curveVertexCounts = [2]
                point3f[] points = [(176.08241, 59.28876, 0.55), (165.96298, 87.497116, 0.55)]
                color3f[] primvars:displayColor = [(0.1299344, 0.4954288, 0.5239776)]
                uniform token type = "linear"
                custom double urbantwin:crowding = 0.2354
                float[] widths = [3, 3] (
                    interpolation = "vertex"
                )
            }

            def BasisCurves "edge_1121"
            {
                int[] curveVertexCounts = [2]
                point3f[] points = [(165.96298, 87.497116, 0.55), (163.01234, 97.04833, 0.55)]
                color3f[] primvars:displayColor = [(0.1299344, 0.4954288, 0.5239776)]
                uniform token type = "linear"
                custom double urbantwin:crowding = 0.2354
                float[] widths = [3, 3] (
                    interpolation = "vertex"
                )
            }

            def BasisCurves "edge_1122"
            {
                int[] curveVertexCounts = [2]
                point3f[] points = [(163.01234, 97.04833, 0.55), (160.57425, 104.39542, 0.55)]
                color3f[] primvars:displayColor = [(0.1299344, 0.4954288, 0.5239776)]
                uniform token type = "linear"
                custom double urbantwin:crowding = 0.2354
                float[] widths = [3, 3] (
                    interpolation = "vertex"
                )
            }

            def BasisCurves "edge_114"
            {
                int[] curveVertexCounts = [2]
                point3f[] points = [(-172.01663, -10.530824, 0.55), (-176.30406, -3.517696, 0.55)]
                color3f[] primvars:displayColor = [(0.2093, 0.54722, 0.50139)]
                uniform token type = "linear"
                custom double urbantwin:crowding = 0.2775
                float[] widths = [3, 3] (
                    interpolation = "vertex"
                )
            }

            def BasisCurves "edge_1179"
            {
                int[] curveVertexCounts = [2]
                point3f[] points = [(193.48149, 159.66554, 0.55), (162.9777, 151.95111, 0.55)]
                color3f[] primvars:displayColor = [(0.5378, 0.68312, 0.38844)]
                uniform token type = "linear"
                custom double urbantwin:crowding = 0.39
                float[] widths = [3, 3] (
                    interpolation = "vertex"
                )
            }

            def BasisCurves "edge_118"
            {
                int[] curveVertexCounts = [2]
                point3f[] points = [(-161.03833, -4.575231, 0.55), (-147.76045, 3.9963698, 0.55)]
                color3f[] primvars:displayColor = [(0.254852, 0.5660648, 0.4857276)]
                uniform token type = "linear"
                custom double urbantwin:crowding = 0.2931
                float[] widths = [3, 3] (
                    interpolation = "vertex"
                )
            }

            def BasisCurves "edge_1180"
            {
                int[] curveVertexCounts = [2]
                point3f[] points = [(232.35925, 170.91995, 0.55), (193.48149, 159.66554, 0.55)]
                color3f[] primvars:displayColor = [(0.5378, 0.68312, 0.38844)]
                uniform token type = "linear"
                custom double urbantwin:crowding = 0.39
                float[] widths = [3, 3] (
                    interpolation = "vertex"
                )
            }

            def BasisCurves "edge_119"
            {
                int[] curveVertexCounts = [2]
                point3f[] points = [(-147.76045, 3.9963698, 0.55), (-103.11994, 32.828117, 0.55)]
                color3f[] primvars:displayColor = [(0.254852, 0.5660648, 0.4857276)]
                uniform token type = "linear"
                custom double urbantwin:crowding = 0.2931
                float[] widths = [3, 3] (
                    interpolation = "vertex"
                )
            }

            def BasisCurves "edge_120"
            {
                int[] curveVertexCounts = [2]
                point3f[] points = [(-167.65302, 2.2709177, 0.55), (-161.03833, -4.575231, 0.55)]
                color3f[] primvars:displayColor = [(0.254852, 0.5660648, 0.4857276)]
                uniform token type = "linear"
                custom double urbantwin:crowding = 0.2931
                float[] widths = [3, 3] (
                    interpolation = "vertex"
                )
            }

            def BasisCurves "edge_121"
            {
                int[] curveVertexCounts = [2]
                point3f[] points = [(-173.44347, 12.267407, 0.55), (-173.77594, 14.660777, 0.55)]
                color3f[] primvars:displayColor = [(0.254852, 0.5660648, 0.4857276)]
                uniform token type = "linear"
                custom double urbantwin:crowding = 0.2931
                float[] widths = [3, 3] (
                    interpolation = "vertex"
                )
            }

            def BasisCurves "edge_122"
            {
                int[] curveVertexCounts = [2]
                point3f[] points = [(-167.65302, 2.2709177, 0.55), (-173.44347, 12.267407, 0.55)]
                color3f[] primvars:displayColor = [(0.254852, 0.5660648, 0.4857276)]
                uniform token type = "linear"
                custom double urbantwin:crowding = 0.2931
                float[] widths = [3, 3] (
                    interpolation = "vertex"
                )
            }

            def BasisCurves "edge_123"
            {
                int[] curveVertexCounts = [2]
                point3f[] points = [(-173.77594, 14.660777, 0.55), (-185.80705, 32.360577, 0.55)]
                color3f[] primvars:displayColor = [(0.254852, 0.5660648, 0.4857276)]
                uniform token type = "linear"
                custom double urbantwin:crowding = 0.2931
                float[] widths = [3, 3] (
                    interpolation = "vertex"
                )
            }

            def BasisCurves "edge_124"
            {
                int[] curveVertexCounts = [2]
                point3f[] points = [(-185.80705, 32.360577, 0.55), (-227.91945, 94.32101, 0.55)]
                color3f[] primvars:displayColor = [(0.2093, 0.54722, 0.50139)]
                uniform token type = "linear"
                custom double urbantwin:crowding = 0.2775
                float[] widths = [3, 3] (
                    interpolation = "vertex"
                )
            }

            def BasisCurves "edge_125"
            {
                int[] curveVertexCounts = [2]
                point3f[] points = [(-227.91945, 94.32101, 0.55), (-231.75665, 99.964905, 0.55)]
                color3f[] primvars:displayColor = [(0.2093, 0.54722, 0.50139)]
                uniform token type = "linear"
                custom double urbantwin:crowding = 0.2775
                float[] widths = [3, 3] (
                    interpolation = "vertex"
                )
            }

            def BasisCurves "edge_126"
            {
                int[] curveVertexCounts = [2]
                point3f[] points = [(-231.75665, 99.964905, 0.55), (-295.0153, 194.83138, 0.55)]
                color3f[] primvars:displayColor = [(0.2093, 0.54722, 0.50139)]
                uniform token type = "linear"
                custom double urbantwin:crowding = 0.2775
                float[] widths = [3, 3] (
                    interpolation = "vertex"
                )
            }

            def BasisCurves "edge_1269"
            {
                int[] curveVertexCounts = [2]
                point3f[] points = [(-94.17106, 7.391614, 0.55), (-95.93036, -4.8646617, 0.55)]
                color3f[] primvars:displayColor = [(0.346248, 0.6038752, 0.4543024)]
                uniform token type = "linear"
                custom double urbantwin:crowding = 0.3244
                float[] widths = [3, 3] (
                    interpolation = "vertex"
                )
            }

            def BasisCurves "edge_1270"
            {
                int[] curveVertexCounts = [2]
                point3f[] points = [(-99.58056, -48.15681, 0.55), (-99.753716, -65.23322, 0.55)]
                color3f[] primvars:displayColor = [(0.346248, 0.6038752, 0.4543024)]
                uniform token type = "linear"
                custom double urbantwin:crowding = 0.3244
                float[] widths = [3, 3] (
                    interpolation = "vertex"
                )
            }

            def BasisCurves "edge_1271"
            {
                int[] curveVertexCounts = [2]
                point3f[] points = [(-95.93036, -4.8646617, 0.55), (-100.26627, -20.883537, 0.55)]
                color3f[] primvars:displayColor = [(0.346248, 0.6038752, 0.4543024)]
                uniform token type = "linear"
                custom double urbantwin:crowding = 0.3244
                float[] widths = [3, 3] (
                    interpolation = "vertex"
                )
            }

            def BasisCurves "edge_1272"
            {
                int[] curveVertexCounts = [2]
                point3f[] points = [(-100.26627, -20.883537, 0.55), (-99.34506, -38.182587, 0.55)]
                color3f[] primvars:displayColor = [(0.346248, 0.6038752, 0.4543024)]
                uniform token type = "linear"
                custom double urbantwin:crowding = 0.3244
                float[] widths = [3, 3] (
                    interpolation = "vertex"
                )
            }

            def BasisCurves "edge_1273"
            {
                int[] curveVertexCounts = [2]
                point3f[] points = [(-99.753716, -65.23322, 0.55), (-100.778824, -72.6805, 0.55)]
                color3f[] primvars:displayColor = [(0.346248, 0.6038752, 0.4543024)]
                uniform token type = "linear"
                custom double urbantwin:crowding = 0.3244
                float[] widths = [3, 3] (
                    interpolation = "vertex"
                )
            }

            def BasisCurves "edge_1274"
            {
                int[] curveVertexCounts = [2]
                point3f[] points = [(-103.70868, -81.819824, 0.55), (-103.88876, -85.39318, 0.55)]
                color3f[] primvars:displayColor = [(0.346248, 0.6038752, 0.4543024)]
                uniform token type = "linear"
                custom double urbantwin:crowding = 0.3244
                float[] widths = [3, 3] (
                    interpolation = "vertex"
                )
            }

            def BasisCurves "edge_1275"
            {
                int[] curveVertexCounts = [2]
                point3f[] points = [(-100.778824, -72.6805, 0.55), (-103.70868, -81.819824, 0.55)]
                color3f[] primvars:displayColor = [(0.346248, 0.6038752, 0.4543024)]
                uniform token type = "linear"
                custom double urbantwin:crowding = 0.3244
                float[] widths = [3, 3] (
                    interpolation = "vertex"
                )
            }

            def BasisCurves "edge_1276"
            {
                int[] curveVertexCounts = [2]
                point3f[] points = [(-99.34506, -38.182587, 0.55), (-99.58056, -48.15681, 0.55)]
                color3f[] primvars:displayColor = [(0.346248, 0.6038752, 0.4543024)]
                uniform token type = "linear"
                custom double urbantwin:crowding = 0.3244
                float[] widths = [3, 3] (
                    interpolation = "vertex"
                )
            }

            def BasisCurves "edge_131"
            {
                int[] curveVertexCounts = [2]
                point3f[] points = [(-172.14131, 137.5241, 0.55), (-168.58115, 132.59265, 0.55)]
                color3f[] primvars:displayColor = [(0.493124, 0.6646376, 0.4038012)]
                uniform token type = "linear"
                custom double urbantwin:crowding = 0.3747
                float[] widths = [3, 3] (
                    interpolation = "vertex"
                )
            }

            def BasisCurves "edge_132"
            {
                int[] curveVertexCounts = [2]
                point3f[] points = [(-221.56104, 205.94106, 0.55), (-172.14131, 137.5241, 0.55)]
                color3f[] primvars:displayColor = [(0.493124, 0.6646376, 0.4038012)]
                uniform token type = "linear"
                custom double urbantwin:crowding = 0.3747
                float[] widths = [3, 3] (
                    interpolation = "vertex"
                )
            }

            def BasisCurves "edge_133"
            {
                int[] curveVertexCounts = [2]
                point3f[] points = [(-222.53072, 210.01535, 0.55), (-221.56104, 205.94106, 0.55)]
                color3f[] primvars:displayColor = [(0.493124, 0.6646376, 0.4038012)]
                uniform token type = "linear"
                custom double urbantwin:crowding = 0.3747
                float[] widths = [3, 3] (
                    interpolation = "vertex"
                )
            }

            def BasisCurves "edge_134"
            {
                int[] curveVertexCounts = [2]
                point3f[] points = [(-237.85187, 233.19206, 0.55), (-236.71594, 231.7004, 0.55)]
                color3f[] primvars:displayColor = [(0.2093, 0.54722, 0.50139)]
                uniform token type = "linear"
                custom double urbantwin:crowding = 0.2775
                float[] widths = [3, 3] (
                    interpolation = "vertex"
                )
            }

            def BasisCurves "edge_1340"
            {
                int[] curveVertexCounts = [2]
                point3f[] points = [(110.13636, -165.81038, 0.55), (118.3372, -160.47818, 0.55)]
                color3f[] primvars:displayColor = [(0.1316944, 0.4604488, 0.5145176)]
                uniform token type = "linear"
                custom double urbantwin:crowding = 0.2079
                float[] widths = [3, 3] (
                    interpolation = "vertex"
                )
            }

            def BasisCurves "edge_1341"
            {
                int[] curveVertexCounts = [2]
                point3f[] points = [(90.32691, -182.92018, 0.55), (91.11652, -181.56209, 0.55)]
                color3f[] primvars:displayColor = [(0.1316944, 0.4604488, 0.5145176)]
                uniform token type = "linear"
                custom double urbantwin:crowding = 0.2079
                float[] widths = [3, 3] (
                    interpolation = "vertex"
                )
            }

            def BasisCurves "edge_1343"
            {
                int[] curveVertexCounts = [2]
                point3f[] points = [(137.3778, -149.98074, 0.55), (145.84877, -145.46118, 0.55)]
                color3f[] primvars:displayColor = [(0.1316944, 0.4604488, 0.5145176)]
                uniform token type = "linear"
                custom double urbantwin:crowding = 0.2079
                float[] widths = [3, 3] (
                    interpolation = "vertex"
                )
            }

            def BasisCurves "edge_1344"
            {
                int[] curveVertexCounts = [2]
                point3f[] points = [(118.3372, -160.47818, 0.55), (127.99257, -155.64691, 0.55)]
                color3f[] primvars:displayColor = [(0.1316944, 0.4604488, 0.5145176)]
                uniform token type = "linear"
                custom double urbantwin:crowding = 0.2079
                float[] widths = [3, 3] (
                    interpolation = "vertex"
                )
            }

            def BasisCurves "edge_1345"
            {
                int[] curveVertexCounts = [2]
                point3f[] points = [(127.99257, -155.64691, 0.55), (137.3778, -149.98074, 0.55)]
                color3f[] primvars:displayColor = [(0.1316944, 0.4604488, 0.5145176)]
                uniform token type = "linear"
                custom double urbantwin:crowding = 0.2079
                float[] widths = [3, 3] (
                    interpolation = "vertex"
                )
            }

            def BasisCurves "edge_1346"
            {
                int[] curveVertexCounts = [2]
                point3f[] points = [(91.11652, -181.56209, 0.55), (110.13636, -165.81038, 0.55)]
                color3f[] primvars:displayColor = [(0.1316944, 0.4604488, 0.5145176)]
                uniform token type = "linear"
                custom double urbantwin:crowding = 0.2079
                float[] widths = [3, 3] (
                    interpolation = "vertex"
                )
            }

            def BasisCurves "edge_1349"
            {
                int[] curveVertexCounts = [2]
                point3f[] points = [(235.78781, 186.63826, 0.55), (228.00949, 183.08717, 0.55)]
                color3f[] primvars:displayColor = [(0.5378, 0.68312, 0.38844)]
                uniform token type = "linear"
                custom double urbantwin:crowding = 0.39
                float[] widths = [3, 3] (
                    interpolation = "vertex"
                )
            }

            def BasisCurves "edge_135"
            {
                int[] curveVertexCounts = [2]
                point3f[] points = [(-168.58115, 132.59265, 0.55), (-102.26107, 40.77633, 0.55)]
                color3f[] primvars:displayColor = [(0.346248, 0.6038752, 0.4543024)]
                uniform token type = "linear"
                custom double urbantwin:crowding = 0.3244
                float[] widths = [3, 3] (
                    interpolation = "vertex"
                )
            }

            def BasisCurves "edge_136"
            {
                int[] curveVertexCounts = [2]
                point3f[] points = [(-236.71594, 231.7004, 0.55), (-222.53072, 210.01535, 0.55)]
                color3f[] primvars:displayColor = [(0.493124, 0.6646376, 0.4038012)]
                uniform token type = "linear"
                custom double urbantwin:crowding = 0.3747
                float[] widths = [3, 3] (
                    interpolation = "vertex"
                )
            }

            def BasisCurves "edge_137"
            {
                int[] curveVertexCounts = [2]
                point3f[] points = [(-238.71767, 233.87112, 0.55), (-237.85187, 233.19206, 0.55)]
                color3f[] primvars:displayColor = [(0.2093, 0.54722, 0.50139)]
                uniform token type = "linear"
                custom double urbantwin:crowding = 0.2775
                float[] widths = [3, 3] (
                    interpolation = "vertex"
                )
            }

            def BasisCurves "edge_138"
            {
                int[] curveVertexCounts = [2]
                point3f[] points = [(-239.1194, 233.84886, 0.55), (-238.71767, 233.87112, 0.55)]
                color3f[] primvars:displayColor = [(0.2093, 0.54722, 0.50139)]
                uniform token type = "linear"
                custom double urbantwin:crowding = 0.2775
                float[] widths = [3, 3] (
                    interpolation = "vertex"
                )
            }

            def BasisCurves "edge_1424"
            {
                int[] curveVertexCounts = [2]
                point3f[] points = [(130.13974, -11.131949, 0.55), (115.345, 24.601608, 0.55)]
                color3f[] primvars:displayColor = [(0.8832892, 0.6328968, 0.2144744)]
                uniform token type = "linear"
                custom double urbantwin:crowding = 0.6557
                float[] widths = [3, 3] (
                    interpolation = "vertex"
                )
            }

            def BasisCurves "edge_1426"
            {
                int[] curveVertexCounts = [2]
                point3f[] points = [(-113.606476, -134.6632, 0.55), (-118.35797, -148.93434, 0.55)]
                color3f[] primvars:displayColor = [(0.346248, 0.6038752, 0.4543024)]
                uniform token type = "linear"
                custom double urbantwin:crowding = 0.3244
                float[] widths = [3, 3] (
                    interpolation = "vertex"
                )
            }

            def BasisCurves "edge_1427"
            {
                int[] curveVertexCounts = [2]
                point3f[] points = [(-120.70602, -178.61212, 0.55), (-121.46099, -186.77184, 0.55)]
                color3f[] primvars:displayColor = [(0.346248, 0.6038752, 0.4543024)]
                uniform token type = "linear"
                custom double urbantwin:crowding = 0.3244
                float[] widths = [3, 3] (
                    interpolation = "vertex"
                )
            }

            def BasisCurves "edge_1428"
            {
                int[] curveVertexCounts = [2]
                point3f[] points = [(-106.61776, -103.38241, 0.55), (-108.21775, -110.06158, 0.55)]
                color3f[] primvars:displayColor = [(0.346248, 0.6038752, 0.4543024)]
                uniform token type = "linear"
                custom double urbantwin:crowding = 0.3244
                float[] widths = [3, 3] (
                    interpolation = "vertex"
                )
            }

            def BasisCurves "edge_1429"
            {
                int[] curveVertexCounts = [2]
                point3f[] points = [(-108.21775, -110.06158, 0.55), (-108.571, -116.47358, 0.55)]
                color3f[] primvars:displayColor = [(0.346248, 0.6038752, 0.4543024)]
                uniform token type = "linear"
                custom double urbantwin:crowding = 0.3244
                float[] widths = [3, 3] (
                    interpolation = "vertex"
                )
            }

            def BasisCurves "edge_1430"
            {
                int[] curveVertexCounts = [2]
                point3f[] points = [(-110.087875, -125.612915, 0.55), (-113.606476, -134.6632, 0.55)]
                color3f[] primvars:displayColor = [(0.346248, 0.6038752, 0.4543024)]
                uniform token type = "linear"
                custom double urbantwin:crowding = 0.3244
                float[] widths = [3, 3] (
                    interpolation = "vertex"
                )
            }

            def BasisCurves "edge_1431"
            {
                int[] curveVertexCounts = [2]
                point3f[] points = [(-118.35797, -148.93434, 0.55), (-121.17701, -167.04602, 0.55)]
                color3f[] primvars:displayColor = [(0.346248, 0.6038752, 0.4543024)]
                uniform token type = "linear"
                custom double urbantwin:crowding = 0.3244
                float[] widths = [3, 3] (
                    interpolation = "vertex"
                )
            }

            def BasisCurves "edge_1432"
            {
                int[] curveVertexCounts = [2]
                point3f[] points = [(-105.62036, -99.20793, 0.55), (-106.61776, -103.38241, 0.55)]
                color3f[] primvars:displayColor = [(0.346248, 0.6038752, 0.4543024)]
                uniform token type = "linear"
                custom double urbantwin:crowding = 0.3244
                float[] widths = [3, 3] (
                    interpolation = "vertex"
                )
            }

            def BasisCurves "edge_1433"
            {
                int[] curveVertexCounts = [2]
                point3f[] points = [(-108.571, -116.47358, 0.55), (-110.087875, -125.612915, 0.55)]
                color3f[] primvars:displayColor = [(0.346248, 0.6038752, 0.4543024)]
                uniform token type = "linear"
                custom double urbantwin:crowding = 0.3244
                float[] widths = [3, 3] (
                    interpolation = "vertex"
                )
            }

            def BasisCurves "edge_1434"
            {
                int[] curveVertexCounts = [2]
                point3f[] points = [(-121.17701, -167.04602, 0.55), (-120.70602, -178.61212, 0.55)]
                color3f[] primvars:displayColor = [(0.346248, 0.6038752, 0.4543024)]
                uniform token type = "linear"
                custom double urbantwin:crowding = 0.3244
                float[] widths = [3, 3] (
                    interpolation = "vertex"
                )
            }

            def BasisCurves "edge_1442"
            {
                int[] curveVertexCounts = [2]
                point3f[] points = [(230.27441, 176.97572, 0.55), (230.90471, 175.15009, 0.55)]
                color3f[] primvars:displayColor = [(0.5378, 0.68312, 0.38844)]
                uniform token type = "linear"
                custom double urbantwin:crowding = 0.39
                float[] widths = [3, 3] (
                    interpolation = "vertex"
                )
            }

            def BasisCurves "edge_1443"
            {
                int[] curveVertexCounts = [2]
                point3f[] points = [(230.90471, 175.15009, 0.55), (232.35925, 170.91995, 0.55)]
                color3f[] primvars:displayColor = [(0.5378, 0.68312, 0.38844)]
                uniform token type = "linear"
                custom double urbantwin:crowding = 0.39
                float[] widths = [3, 3] (
                    interpolation = "vertex"
                )
            }

            def BasisCurves "edge_1445"
            {
                int[] curveVertexCounts = [2]
                point3f[] points = [(138.47911, 196.73494, 0.55), (139.43495, 193.68478, 0.55)]
                color3f[] primvars:displayColor = [(0.14212, 0.25324, 0.45848)]
                uniform token type = "linear"
                custom double urbantwin:crowding = 0.045
                float[] widths = [3, 3] (
                    interpolation = "vertex"
                )
            }

            def BasisCurves "edge_1446"
            {
                int[] curveVertexCounts = [2]
                point3f[] points = [(142.41328, 197.54756, 0.55), (138.47911, 196.73494, 0.55)]
                color3f[] primvars:displayColor = [(0.14212, 0.25324, 0.45848)]
                uniform token type = "linear"
                custom double urbantwin:crowding = 0.045
                float[] widths = [3, 3] (
                    interpolation = "vertex"
                )
            }

            def BasisCurves "edge_1447"
            {
                int[] curveVertexCounts = [2]
                point3f[] points = [(139.43495, 193.68478, 0.55), (134.88431, 192.02612, 0.55)]
                color3f[] primvars:displayColor = [(0.14212, 0.25324, 0.45848)]
                uniform token type = "linear"
                custom double urbantwin:crowding = 0.045
                float[] widths = [3, 3] (
                    interpolation = "vertex"
                )
            }

            def BasisCurves "edge_149"
            {
                int[] curveVertexCounts = [2]
                point3f[] points = [(-154.7561, 146.67456, 0.55), (-154.99852, 145.3944, 0.55)]
                color3f[] primvars:displayColor = [(0.493124, 0.6646376, 0.4038012)]
                uniform token type = "linear"
                custom double urbantwin:crowding = 0.3747
                float[] widths = [3, 3] (
                    interpolation = "vertex"
                )
            }

            def BasisCurves "edge_152"
            {
                int[] curveVertexCounts = [2]
                point3f[] points = [(-154.99852, 145.3944, 0.55), (-152.78207, 142.68932, 0.55)]
                color3f[] primvars:displayColor = [(0.493124, 0.6646376, 0.4038012)]
                uniform token type = "linear"
                custom double urbantwin:crowding = 0.3747
                float[] widths = [3, 3] (
                    interpolation = "vertex"
                )
            }

            def BasisCurves "edge_1537"
            {
                int[] curveVertexCounts = [2]
                point3f[] points = [(85.15291, 0.11131949, 0.55), (92.90353, -20.427126, 0.55)]
                color3f[] primvars:displayColor = [(0.8643664, 0.4730784, 0.1709432)]
                uniform token type = "linear"
                custom double urbantwin:crowding = 0.7794
                float[] widths = [3, 3] (
                    interpolation = "vertex"
                )
            }

            def BasisCurves "edge_1538"
            {
                int[] curveVertexCounts = [2]
                point3f[] points = [(80.872406, 11.610623, 0.55), (85.15291, 0.11131949, 0.55)]
                color3f[] primvars:displayColor = [(0.8643664, 0.4730784, 0.1709432)]
                uniform token type = "linear"
                custom double urbantwin:crowding = 0.7794
                float[] widths = [3, 3] (
                    interpolation = "vertex"
                )
            }

            def BasisCurves "edge_1540"
            {
                int[] curveVertexCounts = [2]
                point3f[] points = [(-127.625465, -198.90567, 0.55), (-132.63324, -202.6794, 0.55)]
                color3f[] primvars:displayColor = [(0.346248, 0.6038752, 0.4543024)]
                uniform token type = "linear"
                custom double urbantwin:crowding = 0.3244
                float[] widths = [3, 3] (
                    interpolation = "vertex"
                )
            }

            def BasisCurves "edge_1541"
            {
                int[] curveVertexCounts = [2]
                point3f[] points = [(-129.50945, -224.1084, 0.55), (-141.16653, -208.73518, 0.55)]
                color3f[] primvars:displayColor = [(0.509184, 0.6712816, 0.3982792)]
                uniform token type = "linear"
                custom double urbantwin:crowding = 0.3802
                float[] widths = [3, 3] (
                    interpolation = "vertex"
                )
            }

            def BasisCurves "edge_1545"
            {
                int[] curveVertexCounts = [2]
                point3f[] points = [(-135.6947, -204.78334, 0.55), (-138.56223, -206.7537, 0.55)]
                color3f[] primvars:displayColor = [(0.346248, 0.6038752, 0.4543024)]
                uniform token type = "linear"
                custom double urbantwin:crowding = 0.3244
                float[] widths = [3, 3] (
                    interpolation = "vertex"
                )
            }

            def BasisCurves "edge_1546"
            {
                int[] curveVertexCounts = [2]
                point3f[] points = [(-132.63324, -202.6794, 0.55), (-135.6947, -204.78334, 0.55)]
                color3f[] primvars:displayColor = [(0.346248, 0.6038752, 0.4543024)]
                uniform token type = "linear"
                custom double urbantwin:crowding = 0.3244
                float[] widths = [3, 3] (
                    interpolation = "vertex"
                )
            }

            def BasisCurves "edge_1547"
            {
                int[] curveVertexCounts = [2]
                point3f[] points = [(-118.254074, -216.43849, 0.55), (-116.70257, -215.30302, 0.55)]
                color3f[] primvars:displayColor = [(0.509184, 0.6712816, 0.3982792)]
                uniform token type = "linear"
                custom double urbantwin:crowding = 0.3802
                float[] widths = [3, 3] (
                    interpolation = "vertex"
                )
            }

            def BasisCurves "edge_1548"
            {
                int[] curveVertexCounts = [2]
                point3f[] points = [(-120.2558, -217.9079, 0.55), (-118.254074, -216.43849, 0.55)]
                color3f[] primvars:displayColor = [(0.509184, 0.6712816, 0.3982792)]
                uniform token type = "linear"
                custom double urbantwin:crowding = 0.3802
                float[] widths = [3, 3] (
                    interpolation = "vertex"
                )
            }

            def BasisCurves "edge_1550"
            {
                int[] curveVertexCounts = [2]
                point3f[] points = [(-123.78825, -220.1677, 0.55), (-120.2558, -217.9079, 0.55)]
                color3f[] primvars:displayColor = [(0.509184, 0.6712816, 0.3982792)]
                uniform token type = "linear"
                custom double urbantwin:crowding = 0.3802
                float[] widths = [3, 3] (
                    interpolation = "vertex"
                )
            }

            def BasisCurves "edge_1551"
            {
                int[] curveVertexCounts = [2]
                point3f[] points = [(-126.81509, -222.18257, 0.55), (-123.78825, -220.1677, 0.55)]
                color3f[] primvars:displayColor = [(0.509184, 0.6712816, 0.3982792)]
                uniform token type = "linear"
                custom double urbantwin:crowding = 0.3802
                float[] widths = [3, 3] (
                    interpolation = "vertex"
                )
            }

            def BasisCurves "edge_1552"
            {
                int[] curveVertexCounts = [2]
                point3f[] points = [(11.601686, -116.56264, 0.55), (6.5315757, -108.99291, 0.55)]
                color3f[] primvars:displayColor = [(0.1316944, 0.4604488, 0.5145176)]
                uniform token type = "linear"
                custom double urbantwin:crowding = 0.2079
                float[] widths = [3, 3] (
                    interpolation = "vertex"
                )
            }

            def BasisCurves "edge_1555"
            {
                int[] curveVertexCounts = [2]
                point3f[] points = [(115.345, 24.601608, 0.55), (117.94239, 25.625748, 0.55)]
                color3f[] primvars:displayColor = [(0.8832892, 0.6328968, 0.2144744)]
                uniform token type = "linear"
                custom double urbantwin:crowding = 0.6557
                float[] widths = [3, 3] (
                    interpolation = "vertex"
                )
            }

            def BasisCurves "edge_1556"
            {
                int[] curveVertexCounts = [2]
                point3f[] points = [(117.94239, 25.625748, 0.55), (123.12332, 27.69629, 0.55)]
                color3f[] primvars:displayColor = [(0.8832892, 0.6328968, 0.2144744)]
                uniform token type = "linear"
                custom double urbantwin:crowding = 0.6557
                float[] widths = [3, 3] (
                    interpolation = "vertex"
                )
            }

            def BasisCurves "edge_1557"
            {
                int[] curveVertexCounts = [2]
                point3f[] points = [(-102.26107, 40.77633, 0.55), (-95.86802, 44.761566, 0.55)]
                color3f[] primvars:displayColor = [(0.254852, 0.5660648, 0.4857276)]
                uniform token type = "linear"
                custom double urbantwin:crowding = 0.2931
                float[] widths = [3, 3] (
                    interpolation = "vertex"
                )
            }

            def BasisCurves "edge_1558"
            {
                int[] curveVertexCounts = [2]
                point3f[] points = [(-95.86802, 44.761566, 0.55), (-89.710464, 49.11416, 0.55)]
                color3f[] primvars:displayColor = [(0.254852, 0.5660648, 0.4857276)]
                uniform token type = "linear"
                custom double urbantwin:crowding = 0.2931
                float[] widths = [3, 3] (
                    interpolation = "vertex"
                )
            }

            def BasisCurves "edge_1559"
            {
                int[] curveVertexCounts = [2]
                point3f[] points = [(-101.07666, 36.356945, 0.55), (-101.10436, 38.694656, 0.55)]
                color3f[] primvars:displayColor = [(0.346248, 0.6038752, 0.4543024)]
                uniform token type = "linear"
                custom double urbantwin:crowding = 0.3244
                float[] widths = [3, 3] (
                    interpolation = "vertex"
                )
            }

            def BasisCurves "edge_1560"
            {
                int[] curveVertexCounts = [2]
                point3f[] points = [(-101.81778, 34.49791, 0.55), (-101.07666, 36.356945, 0.55)]
                color3f[] primvars:displayColor = [(0.346248, 0.6038752, 0.4543024)]
                uniform token type = "linear"
                custom double urbantwin:crowding = 0.3244
                float[] widths = [3, 3] (
                    interpolation = "vertex"
                )
            }

            def BasisCurves "edge_1561"
            {
                int[] curveVertexCounts = [2]
                point3f[] points = [(-101.10436, 38.694656, 0.55), (-102.26107, 40.77633, 0.55)]
                color3f[] primvars:displayColor = [(0.346248, 0.6038752, 0.4543024)]
                uniform token type = "linear"
                custom double urbantwin:crowding = 0.3244
                float[] widths = [3, 3] (
                    interpolation = "vertex"
                )
            }

            def BasisCurves "edge_1562"
            {
                int[] curveVertexCounts = [2]
                point3f[] points = [(-103.11994, 32.828117, 0.55), (-101.81778, 34.49791, 0.55)]
                color3f[] primvars:displayColor = [(0.346248, 0.6038752, 0.4543024)]
                uniform token type = "linear"
                custom double urbantwin:crowding = 0.3244
                float[] widths = [3, 3] (
                    interpolation = "vertex"
                )
            }

            def BasisCurves "edge_1563"
            {
                int[] curveVertexCounts = [2]
                point3f[] points = [(-99.79527, 27.507046, 0.55), (-95.60482, 21.406738, 0.55)]
                color3f[] primvars:displayColor = [(0.346248, 0.6038752, 0.4543024)]
                uniform token type = "linear"
                custom double urbantwin:crowding = 0.3244
                float[] widths = [3, 3] (
                    interpolation = "vertex"
                )
            }

            def BasisCurves "edge_1564"
            {
                int[] curveVertexCounts = [2]
                point3f[] points = [(-103.11994, 32.828117, 0.55), (-99.79527, 27.507046, 0.55)]
                color3f[] primvars:displayColor = [(0.346248, 0.6038752, 0.4543024)]
                uniform token type = "linear"
                custom double urbantwin:crowding = 0.3244
                float[] widths = [3, 3] (
                    interpolation = "vertex"
                )
            }

            def BasisCurves "edge_1565"
            {
                int[] curveVertexCounts = [2]
                point3f[] points = [(-89.21177, 20.605238, 0.55), (-91.462845, 21.028252, 0.55)]
                color3f[] primvars:displayColor = [(0.13828, 0.32956, 0.47912)]
                uniform token type = "linear"
                custom double urbantwin:crowding = 0.105
                float[] widths = [3, 3] (
                    interpolation = "vertex"
                )
            }

            def BasisCurves "edge_1566"
            {
                int[] curveVertexCounts = [2]
                point3f[] points = [(-91.462845, 21.028252, 0.55), (-95.60482, 21.406738, 0.55)]
                color3f[] primvars:displayColor = [(0.13828, 0.32956, 0.47912)]
                uniform token type = "linear"
                custom double urbantwin:crowding = 0.105
                float[] widths = [3, 3] (
                    interpolation = "vertex"
                )
            }

            def BasisCurves "edge_1567"
            {
                int[] curveVertexCounts = [2]
                point3f[] points = [(-88.08969, 19.859398, 0.55), (-89.21177, 20.605238, 0.55)]
                color3f[] primvars:displayColor = [(0.13828, 0.32956, 0.47912)]
                uniform token type = "linear"
                custom double urbantwin:crowding = 0.105
                float[] widths = [3, 3] (
                    interpolation = "vertex"
                )
            }

            def BasisCurves "edge_1568"
            {
                int[] curveVertexCounts = [2]
                point3f[] points = [(-76.21788, 28.186094, 0.55), (-81.08713, 24.879906, 0.55)]
                color3f[] primvars:displayColor = [(0.13828, 0.32956, 0.47912)]
                uniform token type = "linear"
                custom double urbantwin:crowding = 0.105
                float[] widths = [3, 3] (
                    interpolation = "vertex"
                )
            }

            def BasisCurves "edge_1569"
            {
                int[] curveVertexCounts = [2]
                point3f[] points = [(-81.08713, 24.879906, 0.55), (-88.08969, 19.859398, 0.55)]
                color3f[] primvars:displayColor = [(0.13828, 0.32956, 0.47912)]
                uniform token type = "linear"
                custom double urbantwin:crowding = 0.105
                float[] widths = [3, 3] (
                    interpolation = "vertex"
                )
            }

            def BasisCurves "edge_157"
            {
                int[] curveVertexCounts = [2]
                point3f[] points = [(-154.7561, 146.67456, 0.55), (-138.87392, 155.7805, 0.55)]
                color3f[] primvars:displayColor = [(0.493124, 0.6646376, 0.4038012)]
                uniform token type = "linear"
                custom double urbantwin:crowding = 0.3747
                float[] widths = [3, 3] (
                    interpolation = "vertex"
                )
            }

            def BasisCurves "edge_1570"
            {
                int[] curveVertexCounts = [2]
                point3f[] points = [(-81.37804, 35.62224, 0.55), (-76.21788, 28.186094, 0.55)]
                color3f[] primvars:displayColor = [(0.14212, 0.25324, 0.45848)]
                uniform token type = "linear"
                custom double urbantwin:crowding = 0.045
                float[] widths = [3, 3] (
                    interpolation = "vertex"
                )
            }

            def BasisCurves "edge_1571"
            {
                int[] curveVertexCounts = [2]
                point3f[] points = [(-76.460304, 39.050877, 0.55), (-81.37804, 35.62224, 0.55)]
                color3f[] primvars:displayColor = [(0.14212, 0.25324, 0.45848)]
                uniform token type = "linear"
                custom double urbantwin:crowding = 0.045
                float[] widths = [3, 3] (
                    interpolation = "vertex"
                )
            }

            def BasisCurves "edge_1572"
            {
                int[] curveVertexCounts = [2]
                point3f[] points = [(-80.82392, 45.46288, 0.55), (-79.06462, 42.78008, 0.55)]
                color3f[] primvars:displayColor = [(0.254852, 0.5660648, 0.4857276)]
                uniform token type = "linear"
                custom double urbantwin:crowding = 0.2931
                float[] widths = [3, 3] (
                    interpolation = "vertex"
                )
            }

            def BasisCurves "edge_1573"
            {
                int[] curveVertexCounts = [2]
                point3f[] points = [(-79.06462, 42.78008, 0.55), (-76.460304, 39.050877, 0.55)]
                color3f[] primvars:displayColor = [(0.254852, 0.5660648, 0.4857276)]
                uniform token type = "linear"
                custom double urbantwin:crowding = 0.2931
                float[] widths = [3, 3] (
                    interpolation = "vertex"
                )
            }

            def BasisCurves "edge_1574"
            {
                int[] curveVertexCounts = [2]
                point3f[] points = [(-84.169365, 45.830235, 0.55), (-80.82392, 45.46288, 0.55)]
                color3f[] primvars:displayColor = [(0.254852, 0.5660648, 0.4857276)]
                uniform token type = "linear"
                custom double urbantwin:crowding = 0.2931
                float[] widths = [3, 3] (
                    interpolation = "vertex"
                )
            }

            def BasisCurves "edge_1575"
            {
                int[] curveVertexCounts = [2]
                point3f[] points = [(-86.39966, 46.76532, 0.55), (-84.169365, 45.830235, 0.55)]
                color3f[] primvars:displayColor = [(0.254852, 0.5660648, 0.4857276)]
                uniform token type = "linear"
                custom double urbantwin:crowding = 0.2931
                float[] widths = [3, 3] (
                    interpolation = "vertex"
                )
            }

            def BasisCurves "edge_1576"
            {
                int[] curveVertexCounts = [2]
                point3f[] points = [(-89.710464, 49.11416, 0.55), (-86.39966, 46.76532, 0.55)]
                color3f[] primvars:displayColor = [(0.254852, 0.5660648, 0.4857276)]
                uniform token type = "linear"
                custom double urbantwin:crowding = 0.2931
                float[] widths = [3, 3] (
                    interpolation = "vertex"
                )
            }

            def BasisCurves "edge_1578"
            {
                int[] curveVertexCounts = [2]
                point3f[] points = [(-20.446672, -40.164074, 0.55), (-22.72545, -36.05638, 0.55)]
                color3f[] primvars:displayColor = [(0.8643664, 0.4730784, 0.1709432)]
                uniform token type = "linear"
                custom double urbantwin:crowding = 0.7794
                float[] widths = [3, 3] (
                    interpolation = "vertex"
                )
            }

            def BasisCurves "edge_158"
            {
                int[] curveVertexCounts = [2]
                point3f[] points = [(-138.87392, 155.7805, 0.55), (-135.73627, 156.97162, 0.55)]
                color3f[] primvars:displayColor = [(0.493124, 0.6646376, 0.4038012)]
                uniform token type = "linear"
                custom double urbantwin:crowding = 0.3747
                float[] widths = [3, 3] (
                    interpolation = "vertex"
                )
            }

            def BasisCurves "edge_1584"
            {
                int[] curveVertexCounts = [2]
                point3f[] points = [(81.27414, 112.432686, 0.55), (81.58582, 111.56439, 0.55)]
                color3f[] primvars:displayColor = [(0.14212, 0.25324, 0.45848)]
                uniform token type = "linear"
                custom double urbantwin:crowding = 0.045
                float[] widths = [3, 3] (
                    interpolation = "vertex"
                )
            }

            def BasisCurves "edge_1585"
            {
                int[] curveVertexCounts = [2]
                point3f[] points = [(119.24455, 172.4005, 0.55), (117.07659, 171.61012, 0.55)]
                color3f[] primvars:displayColor = [(0.14212, 0.25324, 0.45848)]
                uniform token type = "linear"
                custom double urbantwin:crowding = 0.045
                float[] widths = [3, 3] (
                    interpolation = "vertex"
                )
            }

            def BasisCurves "edge_1587"
            {
                int[] curveVertexCounts = [2]
                point3f[] points = [(115.6082, 182.74208, 0.55), (119.24455, 172.4005, 0.55)]
                color3f[] primvars:displayColor = [(0.14212, 0.25324, 0.45848)]
                uniform token type = "linear"
                custom double urbantwin:crowding = 0.045
                float[] widths = [3, 3] (
                    interpolation = "vertex"
                )
            }

            def BasisCurves "edge_1588"
            {
                int[] curveVertexCounts = [2]
                point3f[] points = [(73.419624, 155.73596, 0.55), (77.39536, 144.61516, 0.55)]
                color3f[] primvars:displayColor = [(0.14212, 0.25324, 0.45848)]
                uniform token type = "linear"
                custom double urbantwin:crowding = 0.045
                float[] widths = [3, 3] (
                    interpolation = "vertex"
                )
            }

            def BasisCurves "edge_159"
            {
                int[] curveVertexCounts = [2]
                point3f[] points = [(-135.73627, 156.97162, 0.55), (-92.875824, 173.22426, 0.55)]
                color3f[] primvars:displayColor = [(0.493124, 0.6646376, 0.4038012)]
                uniform token type = "linear"
                custom double urbantwin:crowding = 0.3747
                float[] widths = [3, 3] (
                    interpolation = "vertex"
                )
            }

            def BasisCurves "edge_160"
            {
                int[] curveVertexCounts = [2]
                point3f[] points = [(-92.875824, 173.22426, 0.55), (-91.5044, 173.6584, 0.55)]
                color3f[] primvars:displayColor = [(0.493124, 0.6646376, 0.4038012)]
                uniform token type = "linear"
                custom double urbantwin:crowding = 0.3747
                float[] widths = [3, 3] (
                    interpolation = "vertex"
                )
            }

            def BasisCurves "edge_161"
            {
                int[] curveVertexCounts = [2]
                point3f[] points = [(-162.98463, 158.9531, 0.55), (-96.71996, 183.71056, 0.55)]
                color3f[] primvars:displayColor = [(0.872338, 0.715452, 0.243116)]
                uniform token type = "linear"
                custom double urbantwin:crowding = 0.5855
                float[] widths = [3, 3] (
                    interpolation = "vertex"
                )
            }

            def BasisCurves "edge_1618"
            {
                int[] curveVertexCounts = [2]
                point3f[] points = [(84.86893, 159.95497, 0.55), (73.419624, 155.73596, 0.55)]
                color3f[] primvars:displayColor = [(0.14212, 0.25324, 0.45848)]
                uniform token type = "linear"
                custom double urbantwin:crowding = 0.045
                float[] widths = [3, 3] (
                    interpolation = "vertex"
                )
            }

            def BasisCurves "edge_1619"
            {
                int[] curveVertexCounts = [2]
                point3f[] points = [(77.39536, 144.61516, 0.55), (79.16159, 139.66144, 0.55)]
                color3f[] primvars:displayColor = [(0.14212, 0.25324, 0.45848)]
                uniform token type = "linear"
                custom double urbantwin:crowding = 0.045
                float[] widths = [3, 3] (
                    interpolation = "vertex"
                )
            }

            def BasisCurves "edge_1620"
            {
                int[] curveVertexCounts = [2]
                point3f[] points = [(79.16159, 139.66144, 0.55), (81.01786, 134.46281, 0.55)]
                color3f[] primvars:displayColor = [(0.14212, 0.25324, 0.45848)]
                uniform token type = "linear"
                custom double urbantwin:crowding = 0.045
                float[] widths = [3, 3] (
                    interpolation = "vertex"
                )
            }

            def BasisCurves "edge_1621"
            {
                int[] curveVertexCounts = [2]
                point3f[] points = [(81.53041, 133.0268, 0.55), (82.84643, 129.34212, 0.55)]
                color3f[] primvars:displayColor = [(0.14212, 0.25324, 0.45848)]
                uniform token type = "linear"
                custom double urbantwin:crowding = 0.045
                float[] widths = [3, 3] (
                    interpolation = "vertex"
                )
            }

            def BasisCurves "edge_1622"
            {
                int[] curveVertexCounts = [2]
                point3f[] points = [(82.84643, 129.34212, 0.55), (87.722595, 114.85945, 0.55)]
                color3f[] primvars:displayColor = [(0.14212, 0.25324, 0.45848)]
                uniform token type = "linear"
                custom double urbantwin:crowding = 0.045
                float[] widths = [3, 3] (
                    interpolation = "vertex"
                )
            }

            def BasisCurves "edge_1623"
            {
                int[] curveVertexCounts = [2]
                point3f[] points = [(81.01786, 134.46281, 0.55), (81.53041, 133.0268, 0.55)]
                color3f[] primvars:displayColor = [(0.14212, 0.25324, 0.45848)]
                uniform token type = "linear"
                custom double urbantwin:crowding = 0.045
                float[] widths = [3, 3] (
                    interpolation = "vertex"
                )
            }

            def BasisCurves "edge_1624"
            {
                int[] curveVertexCounts = [2]
                point3f[] points = [(105.578804, 167.44678, 0.55), (84.86893, 159.95497, 0.55)]
                color3f[] primvars:displayColor = [(0.14212, 0.25324, 0.45848)]
                uniform token type = "linear"
                custom double urbantwin:crowding = 0.045
                float[] widths = [3, 3] (
                    interpolation = "vertex"
                )
            }

            def BasisCurves "edge_1628"
            {
                int[] curveVertexCounts = [2]
                point3f[] points = [(87.722595, 114.85945, 0.55), (81.27414, 112.432686, 0.55)]
                color3f[] primvars:displayColor = [(0.14212, 0.25324, 0.45848)]
                uniform token type = "linear"
                custom double urbantwin:crowding = 0.045
                float[] widths = [3, 3] (
                    interpolation = "vertex"
                )
            }

            def BasisCurves "edge_1632"
            {
                int[] curveVertexCounts = [2]
                point3f[] points = [(117.07659, 171.61012, 0.55), (105.578804, 167.44678, 0.55)]
                color3f[] primvars:displayColor = [(0.14212, 0.25324, 0.45848)]
                uniform token type = "linear"
                custom double urbantwin:crowding = 0.045
                float[] widths = [3, 3] (
                    interpolation = "vertex"
                )
            }

            def BasisCurves "edge_1637"
            {
                int[] curveVertexCounts = [2]
                point3f[] points = [(131.0194, 190.5901, 0.55), (127.369194, 189.24313, 0.55)]
                color3f[] primvars:displayColor = [(0.14212, 0.25324, 0.45848)]
                uniform token type = "linear"
                custom double urbantwin:crowding = 0.045
                float[] widths = [3, 3] (
                    interpolation = "vertex"
                )
            }

            def BasisCurves "edge_1638"
            {
                int[] curveVertexCounts = [2]
                point3f[] points = [(134.88431, 192.02612, 0.55), (131.0194, 190.5901, 0.55)]
                color3f[] primvars:displayColor = [(0.14212, 0.25324, 0.45848)]
                uniform token type = "linear"
                custom double urbantwin:crowding = 0.045
                float[] widths = [3, 3] (
                    interpolation = "vertex"
                )
            }

            def BasisCurves "edge_1644"
            {
                int[] curveVertexCounts = [2]
                point3f[] points = [(118.39953, 183.87753, 0.55), (115.6082, 182.74208, 0.55)]
                color3f[] primvars:displayColor = [(0.14212, 0.25324, 0.45848)]
                uniform token type = "linear"
                custom double urbantwin:crowding = 0.045
                float[] widths = [3, 3] (
                    interpolation = "vertex"
                )
            }

            def BasisCurves "edge_1645"
            {
                int[] curveVertexCounts = [2]
                point3f[] points = [(-20.66139, 65.07738, 0.55), (-25.773058, 63.140415, 0.55)]
                color3f[] primvars:displayColor = [(0.1325584, 0.4432768, 0.5098736)]
                uniform token type = "linear"
                custom double urbantwin:crowding = 0.1944
                float[] widths = [3, 3] (
                    interpolation = "vertex"
                )
            }

            def BasisCurves "edge_1646"
            {
                int[] curveVertexCounts = [2]
                point3f[] points = [(3.1515026, 72.6805, 0.55), (-20.66139, 65.07738, 0.55)]
                color3f[] primvars:displayColor = [(0.1325584, 0.4432768, 0.5098736)]
                uniform token type = "linear"
                custom double urbantwin:crowding = 0.1944
                float[] widths = [3, 3] (
                    interpolation = "vertex"
                )
            }

            def BasisCurves "edge_1647"
            {
                int[] curveVertexCounts = [2]
                point3f[] points = [(24.33237, 80.573044, 0.55), (18.964428, 78.5693, 0.55)]
                color3f[] primvars:displayColor = [(0.1325584, 0.4432768, 0.5098736)]
                uniform token type = "linear"
                custom double urbantwin:crowding = 0.1944
                float[] widths = [3, 3] (
                    interpolation = "vertex"
                )
            }

            def BasisCurves "edge_1648"
            {
                int[] curveVertexCounts = [2]
                point3f[] points = [(47.549595, 89.21144, 0.55), (24.33237, 80.573044, 0.55)]
                color3f[] primvars:displayColor = [(0.1325584, 0.4432768, 0.5098736)]
                uniform token type = "linear"
                custom double urbantwin:crowding = 0.1944
                float[] widths = [3, 3] (
                    interpolation = "vertex"
                )
            }

            def BasisCurves "edge_1649"
            {
                int[] curveVertexCounts = [2]
                point3f[] points = [(71.98586, 98.12813, 0.55), (47.549595, 89.21144, 0.55)]
                color3f[] primvars:displayColor = [(0.1325584, 0.4432768, 0.5098736)]
                uniform token type = "linear"
                custom double urbantwin:crowding = 0.1944
                float[] widths = [3, 3] (
                    interpolation = "vertex"
                )
            }

            def BasisCurves "edge_1650"
            {
                int[] curveVertexCounts = [2]
                point3f[] points = [(87.86805, 103.89448, 0.55), (71.98586, 98.12813, 0.55)]
                color3f[] primvars:displayColor = [(0.1325584, 0.4432768, 0.5098736)]
                uniform token type = "linear"
                custom double urbantwin:crowding = 0.1944
                float[] widths = [3, 3] (
                    interpolation = "vertex"
                )
            }

            def BasisCurves "edge_1651"
            {
                int[] curveVertexCounts = [2]
                point3f[] points = [(102.91215, 109.560646, 0.55), (87.86805, 103.89448, 0.55)]
                color3f[] primvars:displayColor = [(0.1325584, 0.4432768, 0.5098736)]
                uniform token type = "linear"
                custom double urbantwin:crowding = 0.1944
                float[] widths = [3, 3] (
                    interpolation = "vertex"
                )
            }

            def BasisCurves "edge_1652"
            {
                int[] curveVertexCounts = [2]
                point3f[] points = [(121.58566, 116.0617, 0.55), (102.91215, 109.560646, 0.55)]
                color3f[] primvars:displayColor = [(0.1325584, 0.4432768, 0.5098736)]
                uniform token type = "linear"
                custom double urbantwin:crowding = 0.1944
                float[] widths = [3, 3] (
                    interpolation = "vertex"
                )
            }

            def BasisCurves "edge_1653"
            {
                int[] curveVertexCounts = [2]
                point3f[] points = [(141.92844, 123.39766, 0.55), (121.58566, 116.0617, 0.55)]
                color3f[] primvars:displayColor = [(0.1325584, 0.4432768, 0.5098736)]
                uniform token type = "linear"
                custom double urbantwin:crowding = 0.1944
                float[] widths = [3, 3] (
                    interpolation = "vertex"
                )
            }

            def BasisCurves "edge_1654"
            {
                int[] curveVertexCounts = [2]
                point3f[] points = [(137.71028, 135.05281, 0.55), (138.43755, 132.8932, 0.55)]
                color3f[] primvars:displayColor = [(0.1299344, 0.4954288, 0.5239776)]
                uniform token type = "linear"
                custom double urbantwin:crowding = 0.2354
                float[] widths = [3, 3] (
                    interpolation = "vertex"
                )
            }

            def BasisCurves "edge_1655"
            {
                int[] curveVertexCounts = [2]
                point3f[] points = [(138.43755, 132.8932, 0.55), (140.15529, 127.76138, 0.55)]
                color3f[] primvars:displayColor = [(0.1299344, 0.4954288, 0.5239776)]
                uniform token type = "linear"
                custom double urbantwin:crowding = 0.2354
                float[] widths = [3, 3] (
                    interpolation = "vertex"
                )
            }

            def BasisCurves "edge_1656"
            {
                int[] curveVertexCounts = [2]
                point3f[] points = [(-25.773058, 63.140415, 0.55), (-28.4882, 62.450233, 0.55)]
                color3f[] primvars:displayColor = [(0.1325584, 0.4432768, 0.5098736)]
                uniform token type = "linear"
                custom double urbantwin:crowding = 0.1944
                float[] widths = [3, 3] (
                    interpolation = "vertex"
                )
            }

            def BasisCurves "edge_1657"
            {
                int[] curveVertexCounts = [2]
                point3f[] points = [(18.964428, 78.5693, 0.55), (16.297771, 77.57855, 0.55)]
                color3f[] primvars:displayColor = [(0.1325584, 0.4432768, 0.5098736)]
                uniform token type = "linear"
                custom double urbantwin:crowding = 0.1944
                float[] widths = [3, 3] (
                    interpolation = "vertex"
                )
            }

            def BasisCurves "edge_1658"
            {
                int[] curveVertexCounts = [2]
                point3f[] points = [(16.297771, 77.57855, 0.55), (11.276146, 75.70839, 0.55)]
                color3f[] primvars:displayColor = [(0.1325584, 0.4432768, 0.5098736)]
                uniform token type = "linear"
                custom double urbantwin:crowding = 0.1944
                float[] widths = [3, 3] (
                    interpolation = "vertex"
                )
            }

            def BasisCurves "edge_1659"
            {
                int[] curveVertexCounts = [2]
                point3f[] points = [(11.276146, 75.70839, 0.55), (3.1515026, 72.6805, 0.55)]
                color3f[] primvars:displayColor = [(0.1325584, 0.4432768, 0.5098736)]
                uniform token type = "linear"
                custom double urbantwin:crowding = 0.1944
                float[] widths = [3, 3] (
                    interpolation = "vertex"
                )
            }

            def BasisCurves "edge_1660"
            {
                int[] curveVertexCounts = [2]
                point3f[] points = [(137.34319, 136.14374, 0.55), (137.71028, 135.05281, 0.55)]
                color3f[] primvars:displayColor = [(0.1299344, 0.4954288, 0.5239776)]
                uniform token type = "linear"
                custom double urbantwin:crowding = 0.2354
                float[] widths = [3, 3] (
                    interpolation = "vertex"
                )
            }

            def BasisCurves "edge_1662"
            {
                int[] curveVertexCounts = [2]
                point3f[] points = [(140.15529, 127.76138, 0.55), (141.92844, 123.39766, 0.55)]
                color3f[] primvars:displayColor = [(0.1299344, 0.4954288, 0.5239776)]
                uniform token type = "linear"
                custom double urbantwin:crowding = 0.2354
                float[] widths = [3, 3] (
                    interpolation = "vertex"
                )
            }

            def BasisCurves "edge_1832"
            {
                int[] curveVertexCounts = [2]
                point3f[] points = [(16.761839, -122.56276, 0.55), (14.178299, -119.412415, 0.55)]
                color3f[] primvars:displayColor = [(0.1316944, 0.4604488, 0.5145176)]
                uniform token type = "linear"
                custom double urbantwin:crowding = 0.2079
                float[] widths = [3, 3] (
                    interpolation = "vertex"
                )
            }

            def BasisCurves "edge_1833"
            {
                int[] curveVertexCounts = [2]
                point3f[] points = [(14.178299, -119.412415, 0.55), (11.601686, -116.56264, 0.55)]
                color3f[] primvars:displayColor = [(0.1316944, 0.4604488, 0.5145176)]
                uniform token type = "linear"
                custom double urbantwin:crowding = 0.2079
                float[] widths = [3, 3] (
                    interpolation = "vertex"
                )
            }

            def BasisCurves "edge_1834"
            {
                int[] curveVertexCounts = [2]
                point3f[] points = [(-30.545334, -27.52931, 0.55), (-25.163536, -33.395847, 0.55)]
                color3f[] primvars:displayColor = [(0.8643664, 0.4730784, 0.1709432)]
                uniform token type = "linear"
                custom double urbantwin:crowding = 0.7794
                float[] widths = [3, 3] (
                    interpolation = "vertex"
                )
            }

            def BasisCurves "edge_1835"
            {
                int[] curveVertexCounts = [2]
                point3f[] points = [(-25.163536, -33.395847, 0.55), (-22.72545, -36.05638, 0.55)]
                color3f[] primvars:displayColor = [(0.8643664, 0.4730784, 0.1709432)]
                uniform token type = "linear"
                custom double urbantwin:crowding = 0.7794
                float[] widths = [3, 3] (
                    interpolation = "vertex"
                )
            }

            def BasisCurves "edge_1858"
            {
                int[] curveVertexCounts = [2]
                point3f[] points = [(-175.6045, -3.0056262, 0.55), (-172.13438, -0.66791695, 0.55)]
                color3f[] primvars:displayColor = [(0.2093, 0.54722, 0.50139)]
                uniform token type = "linear"
                custom double urbantwin:crowding = 0.2775
                float[] widths = [3, 3] (
                    interpolation = "vertex"
                )
            }

            def BasisCurves "edge_1859"
            {
                int[] curveVertexCounts = [2]
                point3f[] points = [(-172.13438, -0.66791695, 0.55), (-168.21405, 1.9814869, 0.55)]
                color3f[] primvars:displayColor = [(0.2093, 0.54722, 0.50139)]
                uniform token type = "linear"
                custom double urbantwin:crowding = 0.2775
                float[] widths = [3, 3] (
                    interpolation = "vertex"
                )
            }

            def BasisCurves "edge_1942"
            {
                int[] curveVertexCounts = [2]
                point3f[] points = [(126.087814, 188.47504, 0.55), (118.39953, 183.87753, 0.55)]
                color3f[] primvars:displayColor = [(0.14212, 0.25324, 0.45848)]
                uniform token type = "linear"
                custom double urbantwin:crowding = 0.045
                float[] widths = [3, 3] (
                    interpolation = "vertex"
                )
            }

            def BasisCurves "edge_1943"
            {
                int[] curveVertexCounts = [2]
                point3f[] points = [(127.369194, 189.24313, 0.55), (126.087814, 188.47504, 0.55)]
                color3f[] primvars:displayColor = [(0.14212, 0.25324, 0.45848)]
                uniform token type = "linear"
                custom double urbantwin:crowding = 0.045
                float[] widths = [3, 3] (
                    interpolation = "vertex"
                )
            }

            def BasisCurves "edge_199"
            {
                int[] curveVertexCounts = [2]
                point3f[] points = [(-34.347916, 60.179317, 0.55), (2.4103801, 11.3545885, 0.55)]
                color3f[] primvars:displayColor = [(0.254852, 0.5660648, 0.4857276)]
                uniform token type = "linear"
                custom double urbantwin:crowding = 0.2931
                float[] widths = [3, 3] (
                    interpolation = "vertex"
                )
            }

            def BasisCurves "edge_200"
            {
                int[] curveVertexCounts = [2]
                point3f[] points = [(8.096938, 0.11131949, 0.55), (8.907324, -1.747716, 0.55)]
                color3f[] primvars:displayColor = [(0.8643664, 0.4730784, 0.1709432)]
                uniform token type = "linear"
                custom double urbantwin:crowding = 0.7794
                float[] widths = [3, 3] (
                    interpolation = "vertex"
                )
            }

            def BasisCurves "edge_201"
            {
                int[] curveVertexCounts = [2]
                point3f[] points = [(2.4103801, 11.3545885, 0.55), (8.096938, 0.11131949, 0.55)]
                color3f[] primvars:displayColor = [(0.254852, 0.5660648, 0.4857276)]
                uniform token type = "linear"
                custom double urbantwin:crowding = 0.2931
                float[] widths = [3, 3] (
                    interpolation = "vertex"
                )
            }

            def BasisCurves "edge_2018"
            {
                int[] curveVertexCounts = [2]
                point3f[] points = [(187.5525, 160.19987, 0.55), (191.42435, 160.80101, 0.55)]
                color3f[] primvars:displayColor = [(0.1299344, 0.4954288, 0.5239776)]
                uniform token type = "linear"
                custom double urbantwin:crowding = 0.2354
                float[] widths = [3, 3] (
                    interpolation = "vertex"
                )
            }

            def BasisCurves "edge_202"
            {
                int[] curveVertexCounts = [2]
                point3f[] points = [(-37.063057, -20.115433, 0.55), (8.907324, -1.747716, 0.55)]
                color3f[] primvars:displayColor = [(0.8643664, 0.4730784, 0.1709432)]
                uniform token type = "linear"
                custom double urbantwin:crowding = 0.7794
                float[] widths = [3, 3] (
                    interpolation = "vertex"
                )
            }

            def BasisCurves "edge_2020"
            {
                int[] curveVertexCounts = [2]
                point3f[] points = [(191.42435, 160.80101, 0.55), (230.90471, 175.15009, 0.55)]
                color3f[] primvars:displayColor = [(0.1299344, 0.4954288, 0.5239776)]
                uniform token type = "linear"
                custom double urbantwin:crowding = 0.2354
                float[] widths = [3, 3] (
                    interpolation = "vertex"
                )
            }

            def BasisCurves "edge_2023"
            {
                int[] curveVertexCounts = [2]
                point3f[] points = [(179.414, 160.8344, 0.55), (187.5525, 160.19987, 0.55)]
                color3f[] primvars:displayColor = [(0.1299344, 0.4954288, 0.5239776)]
                uniform token type = "linear"
                custom double urbantwin:crowding = 0.2354
                float[] widths = [3, 3] (
                    interpolation = "vertex"
                )
            }

            def BasisCurves "edge_2025"
            {
                int[] curveVertexCounts = [2]
                point3f[] points = [(168.94824, 164.15172, 0.55), (171.98201, 163.06079, 0.55)]
                color3f[] primvars:displayColor = [(0.1299344, 0.4954288, 0.5239776)]
                uniform token type = "linear"
                custom double urbantwin:crowding = 0.2354
                float[] widths = [3, 3] (
                    interpolation = "vertex"
                )
            }

            def BasisCurves "edge_2026"
            {
                int[] curveVertexCounts = [2]
                point3f[] points = [(171.98201, 163.06079, 0.55), (179.414, 160.8344, 0.55)]
                color3f[] primvars:displayColor = [(0.1299344, 0.4954288, 0.5239776)]
                uniform token type = "linear"
                custom double urbantwin:crowding = 0.2354
                float[] widths = [3, 3] (
                    interpolation = "vertex"
                )
            }

            def BasisCurves "edge_2027"
            {
                int[] curveVertexCounts = [2]
                point3f[] points = [(164.8686, 133.77263, 0.55), (164.17598, 135.94336, 0.55)]
                color3f[] primvars:displayColor = [(0.5378, 0.68312, 0.38844)]
                uniform token type = "linear"
                custom double urbantwin:crowding = 0.39
                float[] widths = [3, 3] (
                    interpolation = "vertex"
                )
            }

            def BasisCurves "edge_2028"
            {
                int[] curveVertexCounts = [2]
                point3f[] points = [(163.46255, 138.0807, 0.55), (162.60368, 140.64105, 0.55)]
                color3f[] primvars:displayColor = [(0.5378, 0.68312, 0.38844)]
                uniform token type = "linear"
                custom double urbantwin:crowding = 0.39
                float[] widths = [3, 3] (
                    interpolation = "vertex"
                )
            }

            def BasisCurves "edge_2029"
            {
                int[] curveVertexCounts = [2]
                point3f[] points = [(164.17598, 135.94336, 0.55), (163.46255, 138.0807, 0.55)]
                color3f[] primvars:displayColor = [(0.5378, 0.68312, 0.38844)]
                uniform token type = "linear"
                custom double urbantwin:crowding = 0.39
                float[] widths = [3, 3] (
                    interpolation = "vertex"
                )
            }

            def BasisCurves "edge_203"
            {
                int[] curveVertexCounts = [2]
                point3f[] points = [(-76.21788, 28.186094, 0.55), (-37.063057, -20.115433, 0.55)]
                color3f[] primvars:displayColor = [(0.13828, 0.32956, 0.47912)]
                uniform token type = "linear"
                custom double urbantwin:crowding = 0.105
                float[] widths = [3, 3] (
                    interpolation = "vertex"
                )
            }

            def BasisCurves "edge_2030"
            {
                int[] curveVertexCounts = [2]
                point3f[] points = [(162.9777, 151.95111, 0.55), (168.94824, 164.15172, 0.55)]
                color3f[] primvars:displayColor = [(0.1299344, 0.4954288, 0.5239776)]
                uniform token type = "linear"
                custom double urbantwin:crowding = 0.2354
                float[] widths = [3, 3] (
                    interpolation = "vertex"
                )
            }

            def BasisCurves "edge_2031"
            {
                int[] curveVertexCounts = [2]
                point3f[] points = [(162.60368, 140.64105, 0.55), (160.50499, 146.8972, 0.55)]
                color3f[] primvars:displayColor = [(0.5378, 0.68312, 0.38844)]
                uniform token type = "linear"
                custom double urbantwin:crowding = 0.39
                float[] widths = [3, 3] (
                    interpolation = "vertex"
                )
            }

            def BasisCurves "edge_2032"
            {
                int[] curveVertexCounts = [2]
                point3f[] points = [(160.50499, 146.8972, 0.55), (162.9777, 151.95111, 0.55)]
                color3f[] primvars:displayColor = [(0.5378, 0.68312, 0.38844)]
                uniform token type = "linear"
                custom double urbantwin:crowding = 0.39
                float[] widths = [3, 3] (
                    interpolation = "vertex"
                )
            }

            def BasisCurves "edge_2038"
            {
                int[] curveVertexCounts = [2]
                point3f[] points = [(153.41238, 126.236305, 0.55), (150.98122, 125.63518, 0.55)]
                color3f[] primvars:displayColor = [(0.13636, 0.36772, 0.48944)]
                uniform token type = "linear"
                custom double urbantwin:crowding = 0.135
                float[] widths = [3, 3] (
                    interpolation = "vertex"
                )
            }

            def BasisCurves "edge_2039"
            {
                int[] curveVertexCounts = [2]
                point3f[] points = [(150.98122, 125.63518, 0.55), (141.92844, 123.39766, 0.55)]
                color3f[] primvars:displayColor = [(0.1299344, 0.4954288, 0.5239776)]
                uniform token type = "linear"
                custom double urbantwin:crowding = 0.2354
                float[] widths = [3, 3] (
                    interpolation = "vertex"
                )
            }

            def BasisCurves "edge_204"
            {
                int[] curveVertexCounts = [2]
                point3f[] points = [(-69.39539, 44.260628, 0.55), (-76.460304, 39.050877, 0.55)]
                color3f[] primvars:displayColor = [(0.254852, 0.5660648, 0.4857276)]
                uniform token type = "linear"
                custom double urbantwin:crowding = 0.2931
                float[] widths = [3, 3] (
                    interpolation = "vertex"
                )
            }

            def BasisCurves "edge_205"
            {
                int[] curveVertexCounts = [2]
                point3f[] points = [(-60.197163, 48.991707, 0.55), (-69.39539, 44.260628, 0.55)]
                color3f[] primvars:displayColor = [(0.254852, 0.5660648, 0.4857276)]
                uniform token type = "linear"
                custom double urbantwin:crowding = 0.2931
                float[] widths = [3, 3] (
                    interpolation = "vertex"
                )
            }

            def BasisCurves "edge_206"
            {
                int[] curveVertexCounts = [2]
                point3f[] points = [(-45.15307, 55.871254, 0.55), (-60.197163, 48.991707, 0.55)]
                color3f[] primvars:displayColor = [(0.254852, 0.5660648, 0.4857276)]
                uniform token type = "linear"
                custom double urbantwin:crowding = 0.2931
                float[] widths = [3, 3] (
                    interpolation = "vertex"
                )
            }

            def BasisCurves "edge_207"
            {
                int[] curveVertexCounts = [2]
                point3f[] points = [(-34.347916, 60.179317, 0.55), (-45.15307, 55.871254, 0.55)]
                color3f[] primvars:displayColor = [(0.254852, 0.5660648, 0.4857276)]
                uniform token type = "linear"
                custom double urbantwin:crowding = 0.2931
                float[] widths = [3, 3] (
                    interpolation = "vertex"
                )
            }

            def BasisCurves "edge_208"
            {
                int[] curveVertexCounts = [2]
                point3f[] points = [(-28.4882, 62.450233, 0.55), (-31.674334, 61.23685, 0.55)]
                color3f[] primvars:displayColor = [(0.1325584, 0.4432768, 0.5098736)]
                uniform token type = "linear"
                custom double urbantwin:crowding = 0.1944
                float[] widths = [3, 3] (
                    interpolation = "vertex"
                )
            }

            def BasisCurves "edge_209"
            {
                int[] curveVertexCounts = [2]
                point3f[] points = [(-31.674334, 61.23685, 0.55), (-34.347916, 60.179317, 0.55)]
                color3f[] primvars:displayColor = [(0.1325584, 0.4432768, 0.5098736)]
                uniform token type = "linear"
                custom double urbantwin:crowding = 0.1944
                float[] widths = [3, 3] (
                    interpolation = "vertex"
                )
            }

            def BasisCurves "edge_2097"
            {
                int[] curveVertexCounts = [2]
                point3f[] points = [(-98.49312, -94.26534, 0.55), (-99.52515, -96.34702, 0.55)]
                color3f[] primvars:displayColor = [(0.346248, 0.6038752, 0.4543024)]
                uniform token type = "linear"
                custom double urbantwin:crowding = 0.3244
                float[] widths = [3, 3] (
                    interpolation = "vertex"
                )
            }

            def BasisCurves "edge_2098"
            {
                int[] curveVertexCounts = [2]
                point3f[] points = [(-103.88876, -85.39318, 0.55), (-101.70003, -86.20581, 0.55)]
                color3f[] primvars:displayColor = [(0.346248, 0.6038752, 0.4543024)]
                uniform token type = "linear"
                custom double urbantwin:crowding = 0.3244
                float[] widths = [3, 3] (
                    interpolation = "vertex"
                )
            }

            def BasisCurves "edge_2099"
            {
                int[] curveVertexCounts = [2]
                point3f[] points = [(-101.70003, -86.20581, 0.55), (-99.89917, -87.68636, 0.55)]
                color3f[] primvars:displayColor = [(0.346248, 0.6038752, 0.4543024)]
                uniform token type = "linear"
                custom double urbantwin:crowding = 0.3244
                float[] widths = [3, 3] (
                    interpolation = "vertex"
                )
            }

            def BasisCurves "edge_210"
            {
                int[] curveVertexCounts = [2]
                point3f[] points = [(159.62534, 130.56664, 0.55), (159.81927, 128.77438, 0.55)]
                color3f[] primvars:displayColor = [(0.5378, 0.68312, 0.38844)]
                uniform token type = "linear"
                custom double urbantwin:crowding = 0.39
                float[] widths = [3, 3] (
                    interpolation = "vertex"
                )
            }

            def BasisCurves "edge_2100"
            {
                int[] curveVertexCounts = [2]
                point3f[] points = [(-99.89917, -87.68636, 0.55), (-98.68706, -89.66785, 0.55)]
                color3f[] primvars:displayColor = [(0.346248, 0.6038752, 0.4543024)]
                uniform token type = "linear"
                custom double urbantwin:crowding = 0.3244
                float[] widths = [3, 3] (
                    interpolation = "vertex"
                )
            }

            def BasisCurves "edge_2101"
            {
                int[] curveVertexCounts = [2]
                point3f[] points = [(-98.68706, -89.66785, 0.55), (-98.20221, -91.9499, 0.55)]
                color3f[] primvars:displayColor = [(0.346248, 0.6038752, 0.4543024)]
                uniform token type = "linear"
                custom double urbantwin:crowding = 0.3244
                float[] widths = [3, 3] (
                    interpolation = "vertex"
                )
            }

            def BasisCurves "edge_2102"
            {
                int[] curveVertexCounts = [2]
                point3f[] points = [(-98.20221, -91.9499, 0.55), (-98.49312, -94.26534, 0.55)]
                color3f[] primvars:displayColor = [(0.346248, 0.6038752, 0.4543024)]
                uniform token type = "linear"
                custom double urbantwin:crowding = 0.3244
                float[] widths = [3, 3] (
                    interpolation = "vertex"
                )
            }

            def BasisCurves "edge_2103"
            {
                int[] curveVertexCounts = [2]
                point3f[] points = [(-99.52515, -96.34702, 0.55), (-101.194405, -97.98341, 0.55)]
                color3f[] primvars:displayColor = [(0.346248, 0.6038752, 0.4543024)]
                uniform token type = "linear"
                custom double urbantwin:crowding = 0.3244
                float[] widths = [3, 3] (
                    interpolation = "vertex"
                )
            }

            def BasisCurves "edge_2104"
            {
                int[] curveVertexCounts = [2]
                point3f[] points = [(-101.194405, -97.98341, 0.55), (-103.300026, -98.96303, 0.55)]
                color3f[] primvars:displayColor = [(0.346248, 0.6038752, 0.4543024)]
                uniform token type = "linear"
                custom double urbantwin:crowding = 0.3244
                float[] widths = [3, 3] (
                    interpolation = "vertex"
                )
            }

            def BasisCurves "edge_211"
            {
                int[] curveVertexCounts = [2]
                point3f[] points = [(164.8686, 133.77263, 0.55), (160.35954, 131.65756, 0.55)]
                color3f[] primvars:displayColor = [(0.5378, 0.68312, 0.38844)]
                uniform token type = "linear"
                custom double urbantwin:crowding = 0.39
                float[] widths = [3, 3] (
                    interpolation = "vertex"
                )
            }

            def BasisCurves "edge_2111"
            {
                int[] curveVertexCounts = [2]
                point3f[] points = [(-103.300026, -98.96303, 0.55), (-105.62036, -99.20793, 0.55)]
                color3f[] primvars:displayColor = [(0.346248, 0.6038752, 0.4543024)]
                uniform token type = "linear"
                custom double urbantwin:crowding = 0.3244
                float[] widths = [3, 3] (
                    interpolation = "vertex"
                )
            }

            def BasisCurves "edge_212"
            {
                int[] curveVertexCounts = [2]
                point3f[] points = [(160.35954, 131.65756, 0.55), (159.62534, 130.56664, 0.55)]
                color3f[] primvars:displayColor = [(0.5378, 0.68312, 0.38844)]
                uniform token type = "linear"
                custom double urbantwin:crowding = 0.39
                float[] widths = [3, 3] (
                    interpolation = "vertex"
                )
            }

            def BasisCurves "edge_213"
            {
                int[] curveVertexCounts = [2]
                point3f[] points = [(154.92926, 126.81516, 0.55), (153.41238, 126.236305, 0.55)]
                color3f[] primvars:displayColor = [(0.13636, 0.36772, 0.48944)]
                uniform token type = "linear"
                custom double urbantwin:crowding = 0.135
                float[] widths = [3, 3] (
                    interpolation = "vertex"
                )
            }

            def BasisCurves "edge_214"
            {
                int[] curveVertexCounts = [2]
                point3f[] points = [(159.81927, 128.77438, 0.55), (154.92926, 126.81516, 0.55)]
                color3f[] primvars:displayColor = [(0.13636, 0.36772, 0.48944)]
                uniform token type = "linear"
                custom double urbantwin:crowding = 0.135
                float[] widths = [3, 3] (
                    interpolation = "vertex"
                )
            }

            def BasisCurves "edge_215"
            {
                int[] curveVertexCounts = [2]
                point3f[] points = [(-43.48381, 68.53941, 0.55), (-41.8007, 69.251854, 0.55)]
                color3f[] primvars:displayColor = [(0.14212, 0.25324, 0.45848)]
                uniform token type = "linear"
                custom double urbantwin:crowding = 0.045
                float[] widths = [3, 3] (
                    interpolation = "vertex"
                )
            }

            def BasisCurves "edge_216"
            {
                int[] curveVertexCounts = [2]
                point3f[] points = [(-89.710464, 49.11416, 0.55), (-43.48381, 68.53941, 0.55)]
                color3f[] primvars:displayColor = [(0.14212, 0.25324, 0.45848)]
                uniform token type = "linear"
                custom double urbantwin:crowding = 0.045
                float[] widths = [3, 3] (
                    interpolation = "vertex"
                )
            }

            def BasisCurves "edge_217"
            {
                int[] curveVertexCounts = [2]
                point3f[] points = [(-41.8007, 69.251854, 0.55), (-37.624092, 71.11089, 0.55)]
                color3f[] primvars:displayColor = [(0.14212, 0.25324, 0.45848)]
                uniform token type = "linear"
                custom double urbantwin:crowding = 0.045
                float[] widths = [3, 3] (
                    interpolation = "vertex"
                )
            }

            def BasisCurves "edge_218"
            {
                int[] curveVertexCounts = [2]
                point3f[] points = [(-37.624092, 71.11089, 0.55), (-33.62757, 72.892006, 0.55)]
                color3f[] primvars:displayColor = [(0.14212, 0.25324, 0.45848)]
                uniform token type = "linear"
                custom double urbantwin:crowding = 0.045
                float[] widths = [3, 3] (
                    interpolation = "vertex"
                )
            }

            def BasisCurves "edge_219"
            {
                int[] curveVertexCounts = [2]
                point3f[] points = [(-33.62757, 72.892006, 0.55), (-31.750525, 73.582184, 0.55)]
                color3f[] primvars:displayColor = [(0.14212, 0.25324, 0.45848)]
                uniform token type = "linear"
                custom double urbantwin:crowding = 0.045
                float[] widths = [3, 3] (
                    interpolation = "vertex"
                )
            }

            def BasisCurves "edge_2192"
            {
                int[] curveVertexCounts = [2]
                point3f[] points = [(228.00949, 183.08717, 0.55), (230.27441, 176.97572, 0.55)]
                color3f[] primvars:displayColor = [(0.5378, 0.68312, 0.38844)]
                uniform token type = "linear"
                custom double urbantwin:crowding = 0.39
                float[] widths = [3, 3] (
                    interpolation = "vertex"
                )
            }

            def BasisCurves "edge_2193"
            {
                int[] curveVertexCounts = [2]
                point3f[] points = [(228.00949, 183.08717, 0.55), (196.97238, 171.57674, 0.55)]
                color3f[] primvars:displayColor = [(0.14212, 0.25324, 0.45848)]
                uniform token type = "linear"
                custom double urbantwin:crowding = 0.045
                float[] widths = [3, 3] (
                    interpolation = "vertex"
                )
            }

            def BasisCurves "edge_2194"
            {
                int[] curveVertexCounts = [2]
                point3f[] points = [(183.46594, 168.90506, 0.55), (176.7335, 170.22977, 0.55)]
                color3f[] primvars:displayColor = [(0.14212, 0.25324, 0.45848)]
                uniform token type = "linear"
                custom double urbantwin:crowding = 0.045
                float[] widths = [3, 3] (
                    interpolation = "vertex"
                )
            }

            def BasisCurves "edge_2195"
            {
                int[] curveVertexCounts = [2]
                point3f[] points = [(176.7335, 170.22977, 0.55), (167.38289, 174.58235, 0.55)]
                color3f[] primvars:displayColor = [(0.14212, 0.25324, 0.45848)]
                uniform token type = "linear"
                custom double urbantwin:crowding = 0.045
                float[] widths = [3, 3] (
                    interpolation = "vertex"
                )
            }

            def BasisCurves "edge_2196"
            {
                int[] curveVertexCounts = [2]
                point3f[] points = [(160.96906, 180.47116, 0.55), (154.56216, 187.76259, 0.55)]
                color3f[] primvars:displayColor = [(0.14212, 0.25324, 0.45848)]
                uniform token type = "linear"
                custom double urbantwin:crowding = 0.045
                float[] widths = [3, 3] (
                    interpolation = "vertex"
                )
            }

            def BasisCurves "edge_2197"
            {
                int[] curveVertexCounts = [2]
                point3f[] points = [(196.97238, 171.57674, 0.55), (190.78712, 169.7511, 0.55)]
                color3f[] primvars:displayColor = [(0.14212, 0.25324, 0.45848)]
                uniform token type = "linear"
                custom double urbantwin:crowding = 0.045
                float[] widths = [3, 3] (
                    interpolation = "vertex"
                )
            }

            def BasisCurves "edge_2198"
            {
                int[] curveVertexCounts = [2]
                point3f[] points = [(190.78712, 169.7511, 0.55), (183.46594, 168.90506, 0.55)]
                color3f[] primvars:displayColor = [(0.14212, 0.25324, 0.45848)]
                uniform token type = "linear"
                custom double urbantwin:crowding = 0.045
                float[] widths = [3, 3] (
                    interpolation = "vertex"
                )
            }

            def BasisCurves "edge_2199"
            {
                int[] curveVertexCounts = [2]
                point3f[] points = [(167.38289, 174.58235, 0.55), (160.96906, 180.47116, 0.55)]
                color3f[] primvars:displayColor = [(0.14212, 0.25324, 0.45848)]
                uniform token type = "linear"
                custom double urbantwin:crowding = 0.045
                float[] widths = [3, 3] (
                    interpolation = "vertex"
                )
            }

            def BasisCurves "edge_220"
            {
                int[] curveVertexCounts = [2]
                point3f[] points = [(16.270065, 91.56028, 0.55), (17.378286, 93.31913, 0.55)]
                color3f[] primvars:displayColor = [(0.14212, 0.25324, 0.45848)]
                uniform token type = "linear"
                custom double urbantwin:crowding = 0.045
                float[] widths = [3, 3] (
                    interpolation = "vertex"
                )
            }

            def BasisCurves "edge_2200"
            {
                int[] curveVertexCounts = [2]
                point3f[] points = [(154.56216, 187.76259, 0.55), (150.4756, 194.83138, 0.55)]
                color3f[] primvars:displayColor = [(0.14212, 0.25324, 0.45848)]
                uniform token type = "linear"
                custom double urbantwin:crowding = 0.045
                float[] widths = [3, 3] (
                    interpolation = "vertex"
                )
            }

            def BasisCurves "edge_2201"
            {
                int[] curveVertexCounts = [2]
                point3f[] points = [(150.4756, 194.83138, 0.55), (148.15526, 199.77396, 0.55)]
                color3f[] primvars:displayColor = [(0.14212, 0.25324, 0.45848)]
                uniform token type = "linear"
                custom double urbantwin:crowding = 0.045
                float[] widths = [3, 3] (
                    interpolation = "vertex"
                )
            }

            def BasisCurves "edge_2208"
            {
                int[] curveVertexCounts = [2]
                point3f[] points = [(-14.919421, 213.49965, 0.55), (-10.784373, 202.646, 0.55)]
                color3f[] primvars:displayColor = [(0.493124, 0.6646376, 0.4038012)]
                uniform token type = "linear"
                custom double urbantwin:crowding = 0.3747
                float[] widths = [3, 3] (
                    interpolation = "vertex"
                )
            }

            def BasisCurves "edge_221"
            {
                int[] curveVertexCounts = [2]
                point3f[] points = [(-31.750525, 73.582184, 0.55), (16.270065, 91.56028, 0.55)]
                color3f[] primvars:displayColor = [(0.14212, 0.25324, 0.45848)]
                uniform token type = "linear"
                custom double urbantwin:crowding = 0.045
                float[] widths = [3, 3] (
                    interpolation = "vertex"
                )
            }

            def BasisCurves "edge_222"
            {
                int[] curveVertexCounts = [2]
                point3f[] points = [(17.378286, 93.31913, 0.55), (20.751432, 94.98892, 0.55)]
                color3f[] primvars:displayColor = [(0.14212, 0.25324, 0.45848)]
                uniform token type = "linear"
                custom double urbantwin:crowding = 0.045
                float[] widths = [3, 3] (
                    interpolation = "vertex"
                )
            }

            def BasisCurves "edge_2227"
            {
                int[] curveVertexCounts = [2]
                point3f[] points = [(-168.92747, -173.78085, 0.55), (-167.04349, -176.33008, 0.55)]
                color3f[] primvars:displayColor = [(0.2093, 0.54722, 0.50139)]
                uniform token type = "linear"
                custom double urbantwin:crowding = 0.2775
                float[] widths = [3, 3] (
                    interpolation = "vertex"
                )
            }

            def BasisCurves "edge_2228"
            {
                int[] curveVertexCounts = [2]
                point3f[] points = [(-167.04349, -176.33008, 0.55), (-165.35345, -178.44514, 0.55)]
                color3f[] primvars:displayColor = [(0.2093, 0.54722, 0.50139)]
                uniform token type = "linear"
                custom double urbantwin:crowding = 0.2775
                float[] widths = [3, 3] (
                    interpolation = "vertex"
                )
            }

            def BasisCurves "edge_223"
            {
                int[] curveVertexCounts = [2]
                point3f[] points = [(20.751432, 94.98892, 0.55), (30.891653, 97.42682, 0.55)]
                color3f[] primvars:displayColor = [(0.14212, 0.25324, 0.45848)]
                uniform token type = "linear"
                custom double urbantwin:crowding = 0.045
                float[] widths = [3, 3] (
                    interpolation = "vertex"
                )
            }

            def BasisCurves "edge_2232"
            {
                int[] curveVertexCounts = [2]
                point3f[] points = [(-219.91255, -106.031815, 0.55), (-227.87096, -94.33214, 0.55)]
                color3f[] primvars:displayColor = [(0.2093, 0.54722, 0.50139)]
                uniform token type = "linear"
                custom double urbantwin:crowding = 0.2775
                float[] widths = [3, 3] (
                    interpolation = "vertex"
                )
            }

            def BasisCurves "edge_2233"
            {
                int[] curveVertexCounts = [2]
                point3f[] points = [(-227.87096, -94.33214, 0.55), (-242.40251, -75.53027, 0.55)]
                color3f[] primvars:displayColor = [(0.2093, 0.54722, 0.50139)]
                uniform token type = "linear"
                custom double urbantwin:crowding = 0.2775
                float[] widths = [3, 3] (
                    interpolation = "vertex"
                )
            }

            def BasisCurves "edge_2234"
            {
                int[] curveVertexCounts = [2]
                point3f[] points = [(-168.92747, -173.78085, 0.55), (-172.3491, -169.0943, 0.55)]
                color3f[] primvars:displayColor = [(0.2093, 0.54722, 0.50139)]
                uniform token type = "linear"
                custom double urbantwin:crowding = 0.2775
                float[] widths = [3, 3] (
                    interpolation = "vertex"
                )
            }

            def BasisCurves "edge_2235"
            {
                int[] curveVertexCounts = [2]
                point3f[] points = [(-172.3491, -169.0943, 0.55), (-212.04419, -116.6183, 0.55)]
                color3f[] primvars:displayColor = [(0.2093, 0.54722, 0.50139)]
                uniform token type = "linear"
                custom double urbantwin:crowding = 0.2775
                float[] widths = [3, 3] (
                    interpolation = "vertex"
                )
            }

            def BasisCurves "edge_2236"
            {
                int[] curveVertexCounts = [2]
                point3f[] points = [(-213.6788, -114.41417, 0.55), (-216.47707, -110.70724, 0.55)]
                color3f[] primvars:displayColor = [(0.2093, 0.54722, 0.50139)]
                uniform token type = "linear"
                custom double urbantwin:crowding = 0.2775
                float[] widths = [3, 3] (
                    interpolation = "vertex"
                )
            }

            def BasisCurves "edge_2237"
            {
                int[] curveVertexCounts = [2]
                point3f[] points = [(-216.47707, -110.70724, 0.55), (-219.10216, -107.22293, 0.55)]
                color3f[] primvars:displayColor = [(0.2093, 0.54722, 0.50139)]
                uniform token type = "linear"
                custom double urbantwin:crowding = 0.2775
                float[] widths = [3, 3] (
                    interpolation = "vertex"
                )
            }

            def BasisCurves "edge_224"
            {
                int[] curveVertexCounts = [2]
                point3f[] points = [(30.891653, 97.42682, 0.55), (35.66393, 94.33214, 0.55)]
                color3f[] primvars:displayColor = [(0.14212, 0.25324, 0.45848)]
                uniform token type = "linear"
                custom double urbantwin:crowding = 0.045
                float[] widths = [3, 3] (
                    interpolation = "vertex"
                )
            }

            def BasisCurves "edge_225"
            {
                int[] curveVertexCounts = [2]
                point3f[] points = [(35.66393, 94.33214, 0.55), (81.58582, 111.56439, 0.55)]
                color3f[] primvars:displayColor = [(0.14212, 0.25324, 0.45848)]
                uniform token type = "linear"
                custom double urbantwin:crowding = 0.045
                float[] widths = [3, 3] (
                    interpolation = "vertex"
                )
            }

            def BasisCurves "edge_227"
            {
                int[] curveVertexCounts = [2]
                point3f[] points = [(144.65744, 138.43692, 0.55), (149.96997, 140.38501, 0.55)]
                color3f[] primvars:displayColor = [(0.1299344, 0.4954288, 0.5239776)]
                uniform token type = "linear"
                custom double urbantwin:crowding = 0.2354
                float[] widths = [3, 3] (
                    interpolation = "vertex"
                )
            }

            def BasisCurves "edge_228"
            {
                int[] curveVertexCounts = [2]
                point3f[] points = [(149.96997, 140.38501, 0.55), (154.29202, 141.97688, 0.55)]
                color3f[] primvars:displayColor = [(0.1299344, 0.4954288, 0.5239776)]
                uniform token type = "linear"
                custom double urbantwin:crowding = 0.2354
                float[] widths = [3, 3] (
                    interpolation = "vertex"
                )
            }

            def BasisCurves "edge_229"
            {
                int[] curveVertexCounts = [2]
                point3f[] points = [(137.34319, 136.14374, 0.55), (139.91287, 136.9675, 0.55)]
                color3f[] primvars:displayColor = [(0.1299344, 0.4954288, 0.5239776)]
                uniform token type = "linear"
                custom double urbantwin:crowding = 0.2354
                float[] widths = [3, 3] (
                    interpolation = "vertex"
                )
            }

            def BasisCurves "edge_246"
            {
                int[] curveVertexCounts = [2]
                point3f[] points = [(160.50499, 146.8972, 0.55), (155.40025, 142.43329, 0.55)]
                color3f[] primvars:displayColor = [(0.1299344, 0.4954288, 0.5239776)]
                uniform token type = "linear"
                custom double urbantwin:crowding = 0.2354
                float[] widths = [3, 3] (
                    interpolation = "vertex"
                )
            }

            def BasisCurves "edge_251"
            {
                int[] curveVertexCounts = [2]
                point3f[] points = [(-223.51427, 240.27199, 0.55), (-229.01381, 236.55392, 0.55)]
                color3f[] primvars:displayColor = [(0.872338, 0.715452, 0.243116)]
                uniform token type = "linear"
                custom double urbantwin:crowding = 0.5855
                float[] widths = [3, 3] (
                    interpolation = "vertex"
                )
            }

            def BasisCurves "edge_252"
            {
                int[] curveVertexCounts = [2]
                point3f[] points = [(-229.01381, 236.55392, 0.55), (-235.67699, 232.39056, 0.55)]
                color3f[] primvars:displayColor = [(0.872338, 0.715452, 0.243116)]
                uniform token type = "linear"
                custom double urbantwin:crowding = 0.5855
                float[] widths = [3, 3] (
                    interpolation = "vertex"
                )
            }

            def BasisCurves "edge_253"
            {
                int[] curveVertexCounts = [2]
                point3f[] points = [(-222.03896, 241.27386, 0.55), (-223.51427, 240.27199, 0.55)]
                color3f[] primvars:displayColor = [(0.872338, 0.715452, 0.243116)]
                uniform token type = "linear"
                custom double urbantwin:crowding = 0.5855
                float[] widths = [3, 3] (
                    interpolation = "vertex"
                )
            }

            def BasisCurves "edge_254"
            {
                int[] curveVertexCounts = [2]
                point3f[] points = [(-235.67699, 232.39056, 0.55), (-236.71594, 231.7004, 0.55)]
                color3f[] primvars:displayColor = [(0.493124, 0.6646376, 0.4038012)]
                uniform token type = "linear"
                custom double urbantwin:crowding = 0.3747
                float[] widths = [3, 3] (
                    interpolation = "vertex"
                )
            }

            def BasisCurves "edge_284"
            {
                int[] curveVertexCounts = [2]
                point3f[] points = [(-295.0153, 194.83138, 0.55), (-286.65515, 200.95395, 0.55)]
                color3f[] primvars:displayColor = [(0.2093, 0.54722, 0.50139)]
                uniform token type = "linear"
                custom double urbantwin:crowding = 0.2775
                float[] widths = [3, 3] (
                    interpolation = "vertex"
                )
            }

            def BasisCurves "edge_286"
            {
                int[] curveVertexCounts = [2]
                point3f[] points = [(-241.49515, 232.80244, 0.55), (-240.06139, 233.80432, 0.55)]
                color3f[] primvars:displayColor = [(0.2093, 0.54722, 0.50139)]
                uniform token type = "linear"
                custom double urbantwin:crowding = 0.2775
                float[] widths = [3, 3] (
                    interpolation = "vertex"
                )
            }

            def BasisCurves "edge_287"
            {
                int[] curveVertexCounts = [2]
                point3f[] points = [(-240.06139, 233.80432, 0.55), (-239.1194, 233.84886, 0.55)]
                color3f[] primvars:displayColor = [(0.2093, 0.54722, 0.50139)]
                uniform token type = "linear"
                custom double urbantwin:crowding = 0.2775
                float[] widths = [3, 3] (
                    interpolation = "vertex"
                )
            }

            def BasisCurves "edge_288"
            {
                int[] curveVertexCounts = [2]
                point3f[] points = [(-286.65515, 200.95395, 0.55), (-241.49515, 232.80244, 0.55)]
                color3f[] primvars:displayColor = [(0.2093, 0.54722, 0.50139)]
                uniform token type = "linear"
                custom double urbantwin:crowding = 0.2775
                float[] widths = [3, 3] (
                    interpolation = "vertex"
                )
            }

            def BasisCurves "edge_306"
            {
                int[] curveVertexCounts = [2]
                point3f[] points = [(196.5845, 59.77857, 0.55), (198.6832, 54.735794, 0.55)]
                color3f[] primvars:displayColor = [(0.8832892, 0.6328968, 0.2144744)]
                uniform token type = "linear"
                custom double urbantwin:crowding = 0.6557
                float[] widths = [3, 3] (
                    interpolation = "vertex"
                )
            }

            def BasisCurves "edge_307"
            {
                int[] curveVertexCounts = [2]
                point3f[] points = [(194.43733, 64.954926, 0.55), (196.5845, 59.77857, 0.55)]
                color3f[] primvars:displayColor = [(0.8832892, 0.6328968, 0.2144744)]
                uniform token type = "linear"
                custom double urbantwin:crowding = 0.6557
                float[] widths = [3, 3] (
                    interpolation = "vertex"
                )
            }

            def BasisCurves "edge_309"
            {
                int[] curveVertexCounts = [2]
                point3f[] points = [(162.25044, 126.65932, 0.55), (185.78629, 64.48738, 0.55)]
                color3f[] primvars:displayColor = [(0.5378, 0.68312, 0.38844)]
                uniform token type = "linear"
                custom double urbantwin:crowding = 0.39
                float[] widths = [3, 3] (
                    interpolation = "vertex"
                )
            }

            def BasisCurves "edge_310"
            {
                int[] curveVertexCounts = [2]
                point3f[] points = [(185.78629, 64.48738, 0.55), (193.5646, 67.37055, 0.55)]
                color3f[] primvars:displayColor = [(0.8832892, 0.6328968, 0.2144744)]
                uniform token type = "linear"
                custom double urbantwin:crowding = 0.6557
                float[] widths = [3, 3] (
                    interpolation = "vertex"
                )
            }

            def BasisCurves "edge_311"
            {
                int[] curveVertexCounts = [2]
                point3f[] points = [(193.5646, 67.37055, 0.55), (194.1395, 65.78982, 0.55)]
                color3f[] primvars:displayColor = [(0.8832892, 0.6328968, 0.2144744)]
                uniform token type = "linear"
                custom double urbantwin:crowding = 0.6557
                float[] widths = [3, 3] (
                    interpolation = "vertex"
                )
            }

            def BasisCurves "edge_312"
            {
                int[] curveVertexCounts = [2]
                point3f[] points = [(194.1395, 65.78982, 0.55), (194.43733, 64.954926, 0.55)]
                color3f[] primvars:displayColor = [(0.8832892, 0.6328968, 0.2144744)]
                uniform token type = "linear"
                custom double urbantwin:crowding = 0.6557
                float[] widths = [3, 3] (
                    interpolation = "vertex"
                )
            }

            def BasisCurves "edge_313"
            {
                int[] curveVertexCounts = [2]
                point3f[] points = [(159.81927, 128.77438, 0.55), (162.25044, 126.65932, 0.55)]
                color3f[] primvars:displayColor = [(0.5378, 0.68312, 0.38844)]
                uniform token type = "linear"
                custom double urbantwin:crowding = 0.39
                float[] widths = [3, 3] (
                    interpolation = "vertex"
                )
            }

            def BasisCurves "edge_361"
            {
                int[] curveVertexCounts = [2]
                point3f[] points = [(236.88219, -368.64563, 0.55), (239.42416, -369.5362, 0.55)]
                color3f[] primvars:displayColor = [(0.509184, 0.6712816, 0.3982792)]
                uniform token type = "linear"
                custom double urbantwin:crowding = 0.3802
                float[] widths = [3, 3] (
                    interpolation = "vertex"
                )
            }

            def BasisCurves "edge_362"
            {
                int[] curveVertexCounts = [2]
                point3f[] points = [(231.44498, -365.23926, 0.55), (236.88219, -368.64563, 0.55)]
                color3f[] primvars:displayColor = [(0.509184, 0.6712816, 0.3982792)]
                uniform token type = "linear"
                custom double urbantwin:crowding = 0.3802
                float[] widths = [3, 3] (
                    interpolation = "vertex"
                )
            }

            def BasisCurves "edge_363"
            {
                int[] curveVertexCounts = [2]
                point3f[] points = [(222.14977, -357.83652, 0.55), (231.44498, -365.23926, 0.55)]
                color3f[] primvars:displayColor = [(0.509184, 0.6712816, 0.3982792)]
                uniform token type = "linear"
                custom double urbantwin:crowding = 0.3802
                float[] widths = [3, 3] (
                    interpolation = "vertex"
                )
            }

            def BasisCurves "edge_364"
            {
                int[] curveVertexCounts = [2]
                point3f[] points = [(217.21126, -353.47278, 0.55), (222.14977, -357.83652, 0.55)]
                color3f[] primvars:displayColor = [(0.509184, 0.6712816, 0.3982792)]
                uniform token type = "linear"
                custom double urbantwin:crowding = 0.3802
                float[] widths = [3, 3] (
                    interpolation = "vertex"
                )
            }

            def BasisCurves "edge_365"
            {
                int[] curveVertexCounts = [2]
                point3f[] points = [(212.31432, -348.5747, 0.55), (217.21126, -353.47278, 0.55)]
                color3f[] primvars:displayColor = [(0.509184, 0.6712816, 0.3982792)]
                uniform token type = "linear"
                custom double urbantwin:crowding = 0.3802
                float[] widths = [3, 3] (
                    interpolation = "vertex"
                )
            }

            def BasisCurves "edge_366"
            {
                int[] curveVertexCounts = [2]
                point3f[] points = [(204.4875, -337.47617, 0.55), (212.31432, -348.5747, 0.55)]
                color3f[] primvars:displayColor = [(0.509184, 0.6712816, 0.3982792)]
                uniform token type = "linear"
                custom double urbantwin:crowding = 0.3802
                float[] widths = [3, 3] (
                    interpolation = "vertex"
                )
            }

            def BasisCurves "edge_367"
            {
                int[] curveVertexCounts = [2]
                point3f[] points = [(189.29103, -315.40152, 0.55), (204.4875, -337.47617, 0.55)]
                color3f[] primvars:displayColor = [(0.509184, 0.6712816, 0.3982792)]
                uniform token type = "linear"
                custom double urbantwin:crowding = 0.3802
                float[] widths = [3, 3] (
                    interpolation = "vertex"
                )
            }

            def BasisCurves "edge_368"
            {
                int[] curveVertexCounts = [2]
                point3f[] points = [(161.27382, -276.50647, 0.55), (172.36989, -291.9131, 0.55)]
                color3f[] primvars:displayColor = [(0.509184, 0.6712816, 0.3982792)]
                uniform token type = "linear"
                custom double urbantwin:crowding = 0.3802
                float[] widths = [3, 3] (
                    interpolation = "vertex"
                )
            }

            def BasisCurves "edge_369"
            {
                int[] curveVertexCounts = [2]
                point3f[] points = [(150.17084, -261.1778, 0.55), (161.27382, -276.50647, 0.55)]
                color3f[] primvars:displayColor = [(0.509184, 0.6712816, 0.3982792)]
                uniform token type = "linear"
                custom double urbantwin:crowding = 0.3802
                float[] widths = [3, 3] (
                    interpolation = "vertex"
                )
            }

            def BasisCurves "edge_370"
            {
                int[] curveVertexCounts = [2]
                point3f[] points = [(113.41254, -212.264, 0.55), (150.17084, -261.1778, 0.55)]
                color3f[] primvars:displayColor = [(0.509184, 0.6712816, 0.3982792)]
                uniform token type = "linear"
                custom double urbantwin:crowding = 0.3802
                float[] widths = [3, 3] (
                    interpolation = "vertex"
                )
            }

            def BasisCurves "edge_371"
            {
                int[] curveVertexCounts = [2]
                point3f[] points = [(104.87924, -201.83337, 0.55), (113.41254, -212.264, 0.55)]
                color3f[] primvars:displayColor = [(0.509184, 0.6712816, 0.3982792)]
                uniform token type = "linear"
                custom double urbantwin:crowding = 0.3802
                float[] widths = [3, 3] (
                    interpolation = "vertex"
                )
            }

            def BasisCurves "edge_372"
            {
                int[] curveVertexCounts = [2]
                point3f[] points = [(59.587643, -144.44817, 0.55), (90.32691, -182.92018, 0.55)]
                color3f[] primvars:displayColor = [(0.509184, 0.6712816, 0.3982792)]
                uniform token type = "linear"
                custom double urbantwin:crowding = 0.3802
                float[] widths = [3, 3] (
                    interpolation = "vertex"
                )
            }

            def BasisCurves "edge_373"
            {
                int[] curveVertexCounts = [2]
                point3f[] points = [(90.32691, -182.92018, 0.55), (94.21954, -188.16333, 0.55)]
                color3f[] primvars:displayColor = [(0.509184, 0.6712816, 0.3982792)]
                uniform token type = "linear"
                custom double urbantwin:crowding = 0.3802
                float[] widths = [3, 3] (
                    interpolation = "vertex"
                )
            }

            def BasisCurves "edge_374"
            {
                int[] curveVertexCounts = [2]
                point3f[] points = [(172.36989, -291.9131, 0.55), (189.29103, -315.40152, 0.55)]
                color3f[] primvars:displayColor = [(0.509184, 0.6712816, 0.3982792)]
                uniform token type = "linear"
                custom double urbantwin:crowding = 0.3802
                float[] widths = [3, 3] (
                    interpolation = "vertex"
                )
            }

            def BasisCurves "edge_375"
            {
                int[] curveVertexCounts = [2]
                point3f[] points = [(239.42416, -369.5362, 0.55), (240.37308, -369.87015, 0.55)]
                color3f[] primvars:displayColor = [(0.509184, 0.6712816, 0.3982792)]
                uniform token type = "linear"
                custom double urbantwin:crowding = 0.3802
                float[] widths = [3, 3] (
                    interpolation = "vertex"
                )
            }

            def BasisCurves "edge_376"
            {
                int[] curveVertexCounts = [2]
                point3f[] points = [(94.21954, -188.16333, 0.55), (104.87924, -201.83337, 0.55)]
                color3f[] primvars:displayColor = [(0.509184, 0.6712816, 0.3982792)]
                uniform token type = "linear"
                custom double urbantwin:crowding = 0.3802
                float[] widths = [3, 3] (
                    interpolation = "vertex"
                )
            }

            def BasisCurves "edge_378"
            {
                int[] curveVertexCounts = [2]
                point3f[] points = [(260.0994, -330.0623, 0.55), (263.34094, -335.31656, 0.55)]
                color3f[] primvars:displayColor = [(0.1299344, 0.4954288, 0.5239776)]
                uniform token type = "linear"
                custom double urbantwin:crowding = 0.2354
                float[] widths = [3, 3] (
                    interpolation = "vertex"
                )
            }

            def BasisCurves "edge_379"
            {
                int[] curveVertexCounts = [2]
                point3f[] points = [(263.34094, -335.31656, 0.55), (266.8734, -340.74896, 0.55)]
                color3f[] primvars:displayColor = [(0.1299344, 0.4954288, 0.5239776)]
                uniform token type = "linear"
                custom double urbantwin:crowding = 0.2354
                float[] widths = [3, 3] (
                    interpolation = "vertex"
                )
            }

            def BasisCurves "edge_380"
            {
                int[] curveVertexCounts = [2]
                point3f[] points = [(266.8734, -340.74896, 0.55), (269.40845, -344.5227, 0.55)]
                color3f[] primvars:displayColor = [(0.1299344, 0.4954288, 0.5239776)]
                uniform token type = "linear"
                custom double urbantwin:crowding = 0.2354
                float[] widths = [3, 3] (
                    interpolation = "vertex"
                )
            }

            def BasisCurves "edge_381"
            {
                int[] curveVertexCounts = [2]
                point3f[] points = [(269.40845, -344.5227, 0.55), (271.4379, -345.42438, 0.55)]
                color3f[] primvars:displayColor = [(0.1299344, 0.4954288, 0.5239776)]
                uniform token type = "linear"
                custom double urbantwin:crowding = 0.2354
                float[] widths = [3, 3] (
                    interpolation = "vertex"
                )
            }

            def BasisCurves "edge_382"
            {
                int[] curveVertexCounts = [2]
                point3f[] points = [(271.4379, -345.42438, 0.55), (273.8552, -345.07928, 0.55)]
                color3f[] primvars:displayColor = [(0.509184, 0.6712816, 0.3982792)]
                uniform token type = "linear"
                custom double urbantwin:crowding = 0.3802
                float[] widths = [3, 3] (
                    interpolation = "vertex"
                )
            }

            def BasisCurves "edge_383"
            {
                int[] curveVertexCounts = [2]
                point3f[] points = [(273.8552, -345.07928, 0.55), (278.5305, -341.30557, 0.55)]
                color3f[] primvars:displayColor = [(0.509184, 0.6712816, 0.3982792)]
                uniform token type = "linear"
                custom double urbantwin:crowding = 0.3802
                float[] widths = [3, 3] (
                    interpolation = "vertex"
                )
            }

            def BasisCurves "edge_384"
            {
                int[] curveVertexCounts = [2]
                point3f[] points = [(278.5305, -341.30557, 0.55), (291.64215, -330.15134, 0.55)]
                color3f[] primvars:displayColor = [(0.509184, 0.6712816, 0.3982792)]
                uniform token type = "linear"
                custom double urbantwin:crowding = 0.3802
                float[] widths = [3, 3] (
                    interpolation = "vertex"
                )
            }

            def BasisCurves "edge_385"
            {
                int[] curveVertexCounts = [2]
                point3f[] points = [(297.14862, -325.46478, 0.55), (302.5304, -320.95636, 0.55)]
                color3f[] primvars:displayColor = [(0.509184, 0.6712816, 0.3982792)]
                uniform token type = "linear"
                custom double urbantwin:crowding = 0.3802
                float[] widths = [3, 3] (
                    interpolation = "vertex"
                )
            }

            def BasisCurves "edge_386"
            {
                int[] curveVertexCounts = [2]
                point3f[] points = [(302.5304, -320.95636, 0.55), (302.70355, -319.48694, 0.55)]
                color3f[] primvars:displayColor = [(0.509184, 0.6712816, 0.3982792)]
                uniform token type = "linear"
                custom double urbantwin:crowding = 0.3802
                float[] widths = [3, 3] (
                    interpolation = "vertex"
                )
            }

            def BasisCurves "edge_387"
            {
                int[] curveVertexCounts = [2]
                point3f[] points = [(302.70355, -319.48694, 0.55), (301.29752, -317.95074, 0.55)]
                color3f[] primvars:displayColor = [(0.509184, 0.6712816, 0.3982792)]
                uniform token type = "linear"
                custom double urbantwin:crowding = 0.3802
                float[] widths = [3, 3] (
                    interpolation = "vertex"
                )
            }

            def BasisCurves "edge_388"
            {
                int[] curveVertexCounts = [2]
                point3f[] points = [(301.29752, -317.95074, 0.55), (299.60056, -316.99338, 0.55)]
                color3f[] primvars:displayColor = [(0.5378, 0.68312, 0.38844)]
                uniform token type = "linear"
                custom double urbantwin:crowding = 0.39
                float[] widths = [3, 3] (
                    interpolation = "vertex"
                )
            }

            def BasisCurves "edge_389"
            {
                int[] curveVertexCounts = [2]
                point3f[] points = [(299.60056, -316.99338, 0.55), (294.61356, -309.75763, 0.55)]
                color3f[] primvars:displayColor = [(0.5378, 0.68312, 0.38844)]
                uniform token type = "linear"
                custom double urbantwin:crowding = 0.39
                float[] widths = [3, 3] (
                    interpolation = "vertex"
                )
            }

            def BasisCurves "edge_390"
            {
                int[] curveVertexCounts = [2]
                point3f[] points = [(294.61356, -309.75763, 0.55), (289.2941, -301.4198, 0.55)]
                color3f[] primvars:displayColor = [(0.5378, 0.68312, 0.38844)]
                uniform token type = "linear"
                custom double urbantwin:crowding = 0.39
                float[] widths = [3, 3] (
                    interpolation = "vertex"
                )
            }

            def BasisCurves "edge_391"
            {
                int[] curveVertexCounts = [2]
                point3f[] points = [(289.2941, -301.4198, 0.55), (286.00406, -295.55325, 0.55)]
                color3f[] primvars:displayColor = [(0.5378, 0.68312, 0.38844)]
                uniform token type = "linear"
                custom double urbantwin:crowding = 0.39
                float[] widths = [3, 3] (
                    interpolation = "vertex"
                )
            }

            def BasisCurves "edge_392"
            {
                int[] curveVertexCounts = [2]
                point3f[] points = [(280.77466, -287.43805, 0.55), (278.86298, -283.59753, 0.55)]
                color3f[] primvars:displayColor = [(0.5378, 0.68312, 0.38844)]
                uniform token type = "linear"
                custom double urbantwin:crowding = 0.39
                float[] widths = [3, 3] (
                    interpolation = "vertex"
                )
            }

            def BasisCurves "edge_393"
            {
                int[] curveVertexCounts = [2]
                point3f[] points = [(270.77988, -270.7624, 0.55), (252.02324, -239.55954, 0.55)]
                color3f[] primvars:displayColor = [(0.5378, 0.68312, 0.38844)]
                uniform token type = "linear"
                custom double urbantwin:crowding = 0.39
                float[] widths = [3, 3] (
                    interpolation = "vertex"
                )
            }

            def BasisCurves "edge_394"
            {
                int[] curveVertexCounts = [2]
                point3f[] points = [(252.02324, -239.55954, 0.55), (229.2216, -201.54395, 0.55)]
                color3f[] primvars:displayColor = [(0.5378, 0.68312, 0.38844)]
                uniform token type = "linear"
                custom double urbantwin:crowding = 0.39
                float[] widths = [3, 3] (
                    interpolation = "vertex"
                )
            }

            def BasisCurves "edge_395"
            {
                int[] curveVertexCounts = [2]
                point3f[] points = [(286.00406, -295.55325, 0.55), (280.77466, -287.43805, 0.55)]
                color3f[] primvars:displayColor = [(0.5378, 0.68312, 0.38844)]
                uniform token type = "linear"
                custom double urbantwin:crowding = 0.39
                float[] widths = [3, 3] (
                    interpolation = "vertex"
                )
            }

            def BasisCurves "edge_396"
            {
                int[] curveVertexCounts = [2]
                point3f[] points = [(278.86298, -283.59753, 0.55), (270.77988, -270.7624, 0.55)]
                color3f[] primvars:displayColor = [(0.5378, 0.68312, 0.38844)]
                uniform token type = "linear"
                custom double urbantwin:crowding = 0.39
                float[] widths = [3, 3] (
                    interpolation = "vertex"
                )
            }

            def BasisCurves "edge_397"
            {
                int[] curveVertexCounts = [2]
                point3f[] points = [(249.23192, -312.09534, 0.55), (251.02585, -314.73358, 0.55)]
                color3f[] primvars:displayColor = [(0.1299344, 0.4954288, 0.5239776)]
                uniform token type = "linear"
                custom double urbantwin:crowding = 0.2354
                float[] widths = [3, 3] (
                    interpolation = "vertex"
                )
            }

            def BasisCurves "edge_398"
            {
                int[] curveVertexCounts = [2]
                point3f[] points = [(254.8215, -321.60202, 0.55), (260.0994, -330.0623, 0.55)]
                color3f[] primvars:displayColor = [(0.1299344, 0.4954288, 0.5239776)]
                uniform token type = "linear"
                custom double urbantwin:crowding = 0.2354
                float[] widths = [3, 3] (
                    interpolation = "vertex"
                )
            }

            def BasisCurves "edge_399"
            {
                int[] curveVertexCounts = [2]
                point3f[] points = [(251.02585, -314.73358, 0.55), (254.8215, -321.60202, 0.55)]
                color3f[] primvars:displayColor = [(0.1299344, 0.4954288, 0.5239776)]
                uniform token type = "linear"
                custom double urbantwin:crowding = 0.2354
                float[] widths = [3, 3] (
                    interpolation = "vertex"
                )
            }

            def BasisCurves "edge_400"
            {
                int[] curveVertexCounts = [2]
                point3f[] points = [(291.64215, -330.15134, 0.55), (297.14862, -325.46478, 0.55)]
                color3f[] primvars:displayColor = [(0.509184, 0.6712816, 0.3982792)]
                uniform token type = "linear"
                custom double urbantwin:crowding = 0.3802
                float[] widths = [3, 3] (
                    interpolation = "vertex"
                )
            }

            def BasisCurves "edge_401"
            {
                int[] curveVertexCounts = [2]
                point3f[] points = [(237.45015, -292.11346, 0.55), (243.6631, -302.6888, 0.55)]
                color3f[] primvars:displayColor = [(0.1299344, 0.4954288, 0.5239776)]
                uniform token type = "linear"
                custom double urbantwin:crowding = 0.2354
                float[] widths = [3, 3] (
                    interpolation = "vertex"
                )
            }

            def BasisCurves "edge_402"
            {
                int[] curveVertexCounts = [2]
                point3f[] points = [(216.484, -257.37067, 0.55), (237.45015, -292.11346, 0.55)]
                color3f[] primvars:displayColor = [(0.1299344, 0.4954288, 0.5239776)]
                uniform token type = "linear"
                custom double urbantwin:crowding = 0.2354
                float[] widths = [3, 3] (
                    interpolation = "vertex"
                )
            }

            def BasisCurves "edge_403"
            {
                int[] curveVertexCounts = [2]
                point3f[] points = [(243.6631, -302.6888, 0.55), (249.23192, -312.09534, 0.55)]
                color3f[] primvars:displayColor = [(0.1299344, 0.4954288, 0.5239776)]
                uniform token type = "linear"
                custom double urbantwin:crowding = 0.2354
                float[] widths = [3, 3] (
                    interpolation = "vertex"
                )
            }

            def BasisCurves "edge_404"
            {
                int[] curveVertexCounts = [2]
                point3f[] points = [(214.3299, -254.08673, 0.55), (216.484, -257.37067, 0.55)]
                color3f[] primvars:displayColor = [(0.1299344, 0.4954288, 0.5239776)]
                uniform token type = "linear"
                custom double urbantwin:crowding = 0.2354
                float[] widths = [3, 3] (
                    interpolation = "vertex"
                )
            }

            def BasisCurves "edge_405"
            {
                int[] curveVertexCounts = [2]
                point3f[] points = [(194.07715, -218.29752, 0.55), (214.3299, -254.08673, 0.55)]
                color3f[] primvars:displayColor = [(0.1299344, 0.4954288, 0.5239776)]
                uniform token type = "linear"
                custom double urbantwin:crowding = 0.2354
                float[] widths = [3, 3] (
                    interpolation = "vertex"
                )
            }

            def BasisCurves "edge_406"
            {
                int[] curveVertexCounts = [2]
                point3f[] points = [(181.30492, -196.97984, 0.55), (194.07715, -218.29752, 0.55)]
                color3f[] primvars:displayColor = [(0.1299344, 0.4954288, 0.5239776)]
                uniform token type = "linear"
                custom double urbantwin:crowding = 0.2354
                float[] widths = [3, 3] (
                    interpolation = "vertex"
                )
            }

            def BasisCurves "edge_407"
            {
                int[] curveVertexCounts = [2]
                point3f[] points = [(168.47032, -174.19273, 0.55), (181.30492, -196.97984, 0.55)]
                color3f[] primvars:displayColor = [(0.1299344, 0.4954288, 0.5239776)]
                uniform token type = "linear"
                custom double urbantwin:crowding = 0.2354
                float[] widths = [3, 3] (
                    interpolation = "vertex"
                )
            }

            def BasisCurves "edge_408"
            {
                int[] curveVertexCounts = [2]
                point3f[] points = [(169.19067, -173.17973, 0.55), (168.47032, -174.19273, 0.55)]
                color3f[] primvars:displayColor = [(0.1299344, 0.4954288, 0.5239776)]
                uniform token type = "linear"
                custom double urbantwin:crowding = 0.2354
                float[] widths = [3, 3] (
                    interpolation = "vertex"
                )
            }

            def BasisCurves "edge_409"
            {
                int[] curveVertexCounts = [2]
                point3f[] points = [(199.92995, -155.34634, 0.55), (169.19067, -173.17973, 0.55)]
                color3f[] primvars:displayColor = [(0.1299344, 0.4954288, 0.5239776)]
                uniform token type = "linear"
                custom double urbantwin:crowding = 0.2354
                float[] widths = [3, 3] (
                    interpolation = "vertex"
                )
            }

            def BasisCurves "edge_410"
            {
                int[] curveVertexCounts = [2]
                point3f[] points = [(201.82085, -154.4892, 0.55), (199.92995, -155.34634, 0.55)]
                color3f[] primvars:displayColor = [(0.1299344, 0.4954288, 0.5239776)]
                uniform token type = "linear"
                custom double urbantwin:crowding = 0.2354
                float[] widths = [3, 3] (
                    interpolation = "vertex"
                )
            }

            def BasisCurves "edge_411"
            {
                int[] curveVertexCounts = [2]
                point3f[] points = [(202.86673, -155.1237, 0.55), (201.82085, -154.4892, 0.55)]
                color3f[] primvars:displayColor = [(0.1299344, 0.4954288, 0.5239776)]
                uniform token type = "linear"
                custom double urbantwin:crowding = 0.2354
                float[] widths = [3, 3] (
                    interpolation = "vertex"
                )
            }

            def BasisCurves "edge_412"
            {
                int[] curveVertexCounts = [2]
                point3f[] points = [(227.86403, -199.17284, 0.55), (202.86673, -155.1237, 0.55)]
                color3f[] primvars:displayColor = [(0.1299344, 0.4954288, 0.5239776)]
                uniform token type = "linear"
                custom double urbantwin:crowding = 0.2354
                float[] widths = [3, 3] (
                    interpolation = "vertex"
                )
            }

            def BasisCurves "edge_414"
            {
                int[] curveVertexCounts = [2]
                point3f[] points = [(301.29752, -317.95074, 0.55), (302.30185, -317.02676, 0.55)]
                color3f[] primvars:displayColor = [(0.5378, 0.68312, 0.38844)]
                uniform token type = "linear"
                custom double urbantwin:crowding = 0.39
                float[] widths = [3, 3] (
                    interpolation = "vertex"
                )
            }

            def BasisCurves "edge_415"
            {
                int[] curveVertexCounts = [2]
                point3f[] points = [(302.30185, -317.02676, 0.55), (303.27844, -316.04718, 0.55)]
                color3f[] primvars:displayColor = [(0.5378, 0.68312, 0.38844)]
                uniform token type = "linear"
                custom double urbantwin:crowding = 0.39
                float[] widths = [3, 3] (
                    interpolation = "vertex"
                )
            }

            def BasisCurves "edge_416"
            {
                int[] curveVertexCounts = [2]
                point3f[] points = [(303.27844, -316.04718, 0.55), (305.5503, -313.77625, 0.55)]
                color3f[] primvars:displayColor = [(0.5378, 0.68312, 0.38844)]
                uniform token type = "linear"
                custom double urbantwin:crowding = 0.39
                float[] widths = [3, 3] (
                    interpolation = "vertex"
                )
            }

            def BasisCurves "edge_426"
            {
                int[] curveVertexCounts = [2]
                point3f[] points = [(306.66547, -311.81702, 0.55), (304.78146, -311.30496, 0.55)]
                color3f[] primvars:displayColor = [(0.5378, 0.68312, 0.38844)]
                uniform token type = "linear"
                custom double urbantwin:crowding = 0.39
                float[] widths = [3, 3] (
                    interpolation = "vertex"
                )
            }

            def BasisCurves "edge_427"
            {
                int[] curveVertexCounts = [2]
                point3f[] points = [(304.78146, -311.30496, 0.55), (303.88104, -309.80215, 0.55)]
                color3f[] primvars:displayColor = [(0.5378, 0.68312, 0.38844)]
                uniform token type = "linear"
                custom double urbantwin:crowding = 0.39
                float[] widths = [3, 3] (
                    interpolation = "vertex"
                )
            }

            def BasisCurves "edge_428"
            {
                int[] curveVertexCounts = [2]
                point3f[] points = [(303.88104, -309.80215, 0.55), (302.6066, -307.88745, 0.55)]
                color3f[] primvars:displayColor = [(0.5378, 0.68312, 0.38844)]
                uniform token type = "linear"
                custom double urbantwin:crowding = 0.39
                float[] widths = [3, 3] (
                    interpolation = "vertex"
                )
            }

            def BasisCurves "edge_429"
            {
                int[] curveVertexCounts = [2]
                point3f[] points = [(302.6066, -307.88745, 0.55), (295.9157, -294.9744, 0.55)]
                color3f[] primvars:displayColor = [(0.5378, 0.68312, 0.38844)]
                uniform token type = "linear"
                custom double urbantwin:crowding = 0.39
                float[] widths = [3, 3] (
                    interpolation = "vertex"
                )
            }

            def BasisCurves "edge_430"
            {
                int[] curveVertexCounts = [2]
                point3f[] points = [(295.9157, -294.9744, 0.55), (276.88202, -263.40417, 0.55)]
                color3f[] primvars:displayColor = [(0.5378, 0.68312, 0.38844)]
                uniform token type = "linear"
                custom double urbantwin:crowding = 0.39
                float[] widths = [3, 3] (
                    interpolation = "vertex"
                )
            }

            def BasisCurves "edge_431"
            {
                int[] curveVertexCounts = [2]
                point3f[] points = [(272.71234, -257.2371, 0.55), (246.59988, -216.17133, 0.55)]
                color3f[] primvars:displayColor = [(0.5378, 0.68312, 0.38844)]
                uniform token type = "linear"
                custom double urbantwin:crowding = 0.39
                float[] widths = [3, 3] (
                    interpolation = "vertex"
                )
            }

            def BasisCurves "edge_432"
            {
                int[] curveVertexCounts = [2]
                point3f[] points = [(246.59988, -216.17133, 0.55), (243.46223, -211.12854, 0.55)]
                color3f[] primvars:displayColor = [(0.5378, 0.68312, 0.38844)]
                uniform token type = "linear"
                custom double urbantwin:crowding = 0.39
                float[] widths = [3, 3] (
                    interpolation = "vertex"
                )
            }

            def BasisCurves "edge_435"
            {
                int[] curveVertexCounts = [2]
                point3f[] points = [(276.88202, -263.40417, 0.55), (272.71234, -257.2371, 0.55)]
                color3f[] primvars:displayColor = [(0.5378, 0.68312, 0.38844)]
                uniform token type = "linear"
                custom double urbantwin:crowding = 0.39
                float[] widths = [3, 3] (
                    interpolation = "vertex"
                )
            }

            def BasisCurves "edge_440"
            {
                int[] curveVertexCounts = [2]
                point3f[] points = [(230.48221, -190.25615, 0.55), (216.56711, -167.99225, 0.55)]
                color3f[] primvars:displayColor = [(0.5378, 0.68312, 0.38844)]
                uniform token type = "linear"
                custom double urbantwin:crowding = 0.39
                float[] widths = [3, 3] (
                    interpolation = "vertex"
                )
            }

            def BasisCurves "edge_441"
            {
                int[] curveVertexCounts = [2]
                point3f[] points = [(243.46223, -211.12854, 0.55), (230.48221, -190.25615, 0.55)]
                color3f[] primvars:displayColor = [(0.5378, 0.68312, 0.38844)]
                uniform token type = "linear"
                custom double urbantwin:crowding = 0.39
                float[] widths = [3, 3] (
                    interpolation = "vertex"
                )
            }

            def BasisCurves "edge_442"
            {
                int[] curveVertexCounts = [2]
                point3f[] points = [(216.56711, -167.99225, 0.55), (216.16537, -167.4913, 0.55)]
                color3f[] primvars:displayColor = [(0.5378, 0.68312, 0.38844)]
                uniform token type = "linear"
                custom double urbantwin:crowding = 0.39
                float[] widths = [3, 3] (
                    interpolation = "vertex"
                )
            }

            def BasisCurves "edge_443"
            {
                int[] curveVertexCounts = [2]
                point3f[] points = [(306.66547, -311.81702, 0.55), (305.5503, -313.77625, 0.55)]
                color3f[] primvars:displayColor = [(0.5378, 0.68312, 0.38844)]
                uniform token type = "linear"
                custom double urbantwin:crowding = 0.39
                float[] widths = [3, 3] (
                    interpolation = "vertex"
                )
            }

            def BasisCurves "edge_474"
            {
                int[] curveVertexCounts = [2]
                point3f[] points = [(264.13748, -352.5377, 0.55), (265.4535, -352.34845, 0.55)]
                color3f[] primvars:displayColor = [(0.509184, 0.6712816, 0.3982792)]
                uniform token type = "linear"
                custom double urbantwin:crowding = 0.3802
                float[] widths = [3, 3] (
                    interpolation = "vertex"
                )
            }

            def BasisCurves "edge_475"
            {
                int[] curveVertexCounts = [2]
                point3f[] points = [(271.4379, -345.42438, 0.55), (271.16776, -347.36133, 0.55)]
                color3f[] primvars:displayColor = [(0.509184, 0.6712816, 0.3982792)]
                uniform token type = "linear"
                custom double urbantwin:crowding = 0.3802
                float[] widths = [3, 3] (
                    interpolation = "vertex"
                )
            }

            def BasisCurves "edge_476"
            {
                int[] curveVertexCounts = [2]
                point3f[] points = [(271.16776, -347.36133, 0.55), (268.51495, -349.6768, 0.55)]
                color3f[] primvars:displayColor = [(0.509184, 0.6712816, 0.3982792)]
                uniform token type = "linear"
                custom double urbantwin:crowding = 0.3802
                float[] widths = [3, 3] (
                    interpolation = "vertex"
                )
            }

            def BasisCurves "edge_477"
            {
                int[] curveVertexCounts = [2]
                point3f[] points = [(268.51495, -349.6768, 0.55), (265.4535, -352.34845, 0.55)]
                color3f[] primvars:displayColor = [(0.509184, 0.6712816, 0.3982792)]
                uniform token type = "linear"
                custom double urbantwin:crowding = 0.3802
                float[] widths = [3, 3] (
                    interpolation = "vertex"
                )
            }

            def BasisCurves "edge_506"
            {
                int[] curveVertexCounts = [2]
                point3f[] points = [(229.2216, -201.54395, 0.55), (228.41122, -200.13019, 0.55)]
                color3f[] primvars:displayColor = [(0.1299344, 0.4954288, 0.5239776)]
                uniform token type = "linear"
                custom double urbantwin:crowding = 0.2354
                float[] widths = [3, 3] (
                    interpolation = "vertex"
                )
            }

            def BasisCurves "edge_507"
            {
                int[] curveVertexCounts = [2]
                point3f[] points = [(228.41122, -200.13019, 0.55), (227.86403, -199.17284, 0.55)]
                color3f[] primvars:displayColor = [(0.1299344, 0.4954288, 0.5239776)]
                uniform token type = "linear"
                custom double urbantwin:crowding = 0.2354
                float[] widths = [3, 3] (
                    interpolation = "vertex"
                )
            }

            def BasisCurves "edge_508"
            {
                int[] curveVertexCounts = [2]
                point3f[] points = [(216.16537, -167.4913, 0.55), (215.74287, -166.7232, 0.55)]
                color3f[] primvars:displayColor = [(0.5378, 0.68312, 0.38844)]
                uniform token type = "linear"
                custom double urbantwin:crowding = 0.39
                float[] widths = [3, 3] (
                    interpolation = "vertex"
                )
            }

            def BasisCurves "edge_509"
            {
                int[] curveVertexCounts = [2]
                point3f[] points = [(215.74287, -166.7232, 0.55), (213.92816, -163.417, 0.55)]
                color3f[] primvars:displayColor = [(0.5378, 0.68312, 0.38844)]
                uniform token type = "linear"
                custom double urbantwin:crowding = 0.39
                float[] widths = [3, 3] (
                    interpolation = "vertex"
                )
            }

            def BasisCurves "edge_510"
            {
                int[] curveVertexCounts = [2]
                point3f[] points = [(213.92816, -163.417, 0.55), (207.49355, -151.38338, 0.55)]
                color3f[] primvars:displayColor = [(0.5378, 0.68312, 0.38844)]
                uniform token type = "linear"
                custom double urbantwin:crowding = 0.39
                float[] widths = [3, 3] (
                    interpolation = "vertex"
                )
            }

            def BasisCurves "edge_511"
            {
                int[] curveVertexCounts = [2]
                point3f[] points = [(207.49355, -151.38338, 0.55), (196.2174, -130.15475, 0.55)]
                color3f[] primvars:displayColor = [(0.5378, 0.68312, 0.38844)]
                uniform token type = "linear"
                custom double urbantwin:crowding = 0.39
                float[] widths = [3, 3] (
                    interpolation = "vertex"
                )
            }

            def BasisCurves "edge_512"
            {
                int[] curveVertexCounts = [2]
                point3f[] points = [(196.2174, -130.15475, 0.55), (196.40442, -129.00816, 0.55)]
                color3f[] primvars:displayColor = [(0.5378, 0.68312, 0.38844)]
                uniform token type = "linear"
                custom double urbantwin:crowding = 0.39
                float[] widths = [3, 3] (
                    interpolation = "vertex"
                )
            }

            def BasisCurves "edge_513"
            {
                int[] curveVertexCounts = [2]
                point3f[] points = [(196.40442, -129.00816, 0.55), (197.49878, -128.3959, 0.55)]
                color3f[] primvars:displayColor = [(0.5378, 0.68312, 0.38844)]
                uniform token type = "linear"
                custom double urbantwin:crowding = 0.39
                float[] widths = [3, 3] (
                    interpolation = "vertex"
                )
            }

            def BasisCurves "edge_514"
            {
                int[] curveVertexCounts = [2]
                point3f[] points = [(197.49878, -128.3959, 0.55), (199.10571, -127.49421, 0.55)]
                color3f[] primvars:displayColor = [(0.5378, 0.68312, 0.38844)]
                uniform token type = "linear"
                custom double urbantwin:crowding = 0.39
                float[] widths = [3, 3] (
                    interpolation = "vertex"
                )
            }

            def BasisCurves "edge_517"
            {
                int[] curveVertexCounts = [2]
                point3f[] points = [(199.10571, -127.49421, 0.55), (198.46848, -126.09159, 0.55)]
                color3f[] primvars:displayColor = [(0.5378, 0.68312, 0.38844)]
                uniform token type = "linear"
                custom double urbantwin:crowding = 0.39
                float[] widths = [3, 3] (
                    interpolation = "vertex"
                )
            }

            def BasisCurves "edge_518"
            {
                int[] curveVertexCounts = [2]
                point3f[] points = [(198.46848, -126.09159, 0.55), (196.87541, -121.59428, 0.55)]
                color3f[] primvars:displayColor = [(0.5378, 0.68312, 0.38844)]
                uniform token type = "linear"
                custom double urbantwin:crowding = 0.39
                float[] widths = [3, 3] (
                    interpolation = "vertex"
                )
            }

            def BasisCurves "edge_519"
            {
                int[] curveVertexCounts = [2]
                point3f[] points = [(196.87541, -121.59428, 0.55), (195.12303, -116.66283, 0.55)]
                color3f[] primvars:displayColor = [(0.5378, 0.68312, 0.38844)]
                uniform token type = "linear"
                custom double urbantwin:crowding = 0.39
                float[] widths = [3, 3] (
                    interpolation = "vertex"
                )
            }

            def BasisCurves "edge_520"
            {
                int[] curveVertexCounts = [2]
                point3f[] points = [(195.12303, -116.66283, 0.55), (194.81136, -115.805664, 0.55)]
                color3f[] primvars:displayColor = [(0.5378, 0.68312, 0.38844)]
                uniform token type = "linear"
                custom double urbantwin:crowding = 0.39
                float[] widths = [3, 3] (
                    interpolation = "vertex"
                )
            }

            def BasisCurves "edge_521"
            {
                int[] curveVertexCounts = [2]
                point3f[] points = [(194.81136, -115.805664, 0.55), (246.2051, -89.033325, 0.55)]
                color3f[] primvars:displayColor = [(0.8643664, 0.4730784, 0.1709432)]
                uniform token type = "linear"
                custom double urbantwin:crowding = 0.7794
                float[] widths = [3, 3] (
                    interpolation = "vertex"
                )
            }

            def BasisCurves "edge_543"
            {
                int[] curveVertexCounts = [2]
                point3f[] points = [(-165.7344, 134.60753, 0.55), (-161.57858, 137.25693, 0.55)]
                color3f[] primvars:displayColor = [(0.493124, 0.6646376, 0.4038012)]
                uniform token type = "linear"
                custom double urbantwin:crowding = 0.3747
                float[] widths = [3, 3] (
                    interpolation = "vertex"
                )
            }

            def BasisCurves "edge_544"
            {
                int[] curveVertexCounts = [2]
                point3f[] points = [(-161.57858, 137.25693, 0.55), (-154.36823, 141.70972, 0.55)]
                color3f[] primvars:displayColor = [(0.493124, 0.6646376, 0.4038012)]
                uniform token type = "linear"
                custom double urbantwin:crowding = 0.3747
                float[] widths = [3, 3] (
                    interpolation = "vertex"
                )
            }

            def BasisCurves "edge_545"
            {
                int[] curveVertexCounts = [2]
                point3f[] points = [(-165.7344, 134.60753, 0.55), (-168.58115, 132.59265, 0.55)]
                color3f[] primvars:displayColor = [(0.493124, 0.6646376, 0.4038012)]
                uniform token type = "linear"
                custom double urbantwin:crowding = 0.3747
                float[] widths = [3, 3] (
                    interpolation = "vertex"
                )
            }

            def BasisCurves "edge_546"
            {
                int[] curveVertexCounts = [2]
                point3f[] points = [(-154.36823, 141.70972, 0.55), (-152.78207, 142.68932, 0.55)]
                color3f[] primvars:displayColor = [(0.493124, 0.6646376, 0.4038012)]
                uniform token type = "linear"
                custom double urbantwin:crowding = 0.3747
                float[] widths = [3, 3] (
                    interpolation = "vertex"
                )
            }

            def BasisCurves "edge_547"
            {
                int[] curveVertexCounts = [2]
                point3f[] points = [(-83.691444, 177.59912, 0.55), (-31.168709, 196.35645, 0.55)]
                color3f[] primvars:displayColor = [(0.493124, 0.6646376, 0.4038012)]
                uniform token type = "linear"
                custom double urbantwin:crowding = 0.3747
                float[] widths = [3, 3] (
                    interpolation = "vertex"
                )
            }

            def BasisCurves "edge_548"
            {
                int[] curveVertexCounts = [2]
                point3f[] points = [(-31.168709, 196.35645, 0.55), (-23.189518, 199.39548, 0.55)]
                color3f[] primvars:displayColor = [(0.493124, 0.6646376, 0.4038012)]
                uniform token type = "linear"
                custom double urbantwin:crowding = 0.3747
                float[] widths = [3, 3] (
                    interpolation = "vertex"
                )
            }

            def BasisCurves "edge_549"
            {
                int[] curveVertexCounts = [2]
                point3f[] points = [(-23.189518, 199.39548, 0.55), (-19.310745, 190.24501, 0.55)]
                color3f[] primvars:displayColor = [(0.493124, 0.6646376, 0.4038012)]
                uniform token type = "linear"
                custom double urbantwin:crowding = 0.3747
                float[] widths = [3, 3] (
                    interpolation = "vertex"
                )
            }

            def BasisCurves "edge_551"
            {
                int[] curveVertexCounts = [2]
                point3f[] points = [(-91.5044, 173.6584, 0.55), (-89.76588, 174.71594, 0.55)]
                color3f[] primvars:displayColor = [(0.493124, 0.6646376, 0.4038012)]
                uniform token type = "linear"
                custom double urbantwin:crowding = 0.3747
                float[] widths = [3, 3] (
                    interpolation = "vertex"
                )
            }

            def BasisCurves "edge_552"
            {
                int[] curveVertexCounts = [2]
                point3f[] points = [(-89.76588, 174.71594, 0.55), (-83.691444, 177.59912, 0.55)]
                color3f[] primvars:displayColor = [(0.493124, 0.6646376, 0.4038012)]
                uniform token type = "linear"
                custom double urbantwin:crowding = 0.3747
                float[] widths = [3, 3] (
                    interpolation = "vertex"
                )
            }

            def BasisCurves "edge_554"
            {
                int[] curveVertexCounts = [2]
                point3f[] points = [(-89.378, 187.77371, 0.55), (-77.859436, 191.1467, 0.55)]
                color3f[] primvars:displayColor = [(0.872338, 0.715452, 0.243116)]
                uniform token type = "linear"
                custom double urbantwin:crowding = 0.5855
                float[] widths = [3, 3] (
                    interpolation = "vertex"
                )
            }

            def BasisCurves "edge_555"
            {
                int[] curveVertexCounts = [2]
                point3f[] points = [(-63.445637, 196.2674, 0.55), (-43.670822, 203.67014, 0.55)]
                color3f[] primvars:displayColor = [(0.872338, 0.715452, 0.243116)]
                uniform token type = "linear"
                custom double urbantwin:crowding = 0.5855
                float[] widths = [3, 3] (
                    interpolation = "vertex"
                )
            }

            def BasisCurves "edge_556"
            {
                int[] curveVertexCounts = [2]
                point3f[] points = [(-77.859436, 191.1467, 0.55), (-63.445637, 196.2674, 0.55)]
                color3f[] primvars:displayColor = [(0.872338, 0.715452, 0.243116)]
                uniform token type = "linear"
                custom double urbantwin:crowding = 0.5855
                float[] widths = [3, 3] (
                    interpolation = "vertex"
                )
            }

            def BasisCurves "edge_557"
            {
                int[] curveVertexCounts = [2]
                point3f[] points = [(-43.670822, 203.67014, 0.55), (-28.418936, 208.93555, 0.55)]
                color3f[] primvars:displayColor = [(0.872338, 0.715452, 0.243116)]
                uniform token type = "linear"
                custom double urbantwin:crowding = 0.5855
                float[] widths = [3, 3] (
                    interpolation = "vertex"
                )
            }

            def BasisCurves "edge_558"
            {
                int[] curveVertexCounts = [2]
                point3f[] points = [(-28.418936, 208.93555, 0.55), (-25.71072, 209.87064, 0.55)]
                color3f[] primvars:displayColor = [(0.872338, 0.715452, 0.243116)]
                uniform token type = "linear"
                custom double urbantwin:crowding = 0.5855
                float[] widths = [3, 3] (
                    interpolation = "vertex"
                )
            }

            def BasisCurves "edge_559"
            {
                int[] curveVertexCounts = [2]
                point3f[] points = [(-25.71072, 209.87064, 0.55), (-24.020683, 210.4495, 0.55)]
                color3f[] primvars:displayColor = [(0.872338, 0.715452, 0.243116)]
                uniform token type = "linear"
                custom double urbantwin:crowding = 0.5855
                float[] widths = [3, 3] (
                    interpolation = "vertex"
                )
            }

            def BasisCurves "edge_561"
            {
                int[] curveVertexCounts = [2]
                point3f[] points = [(-92.5018, 186.19298, 0.55), (-90.0083, 187.47316, 0.55)]
                color3f[] primvars:displayColor = [(0.872338, 0.715452, 0.243116)]
                uniform token type = "linear"
                custom double urbantwin:crowding = 0.5855
                float[] widths = [3, 3] (
                    interpolation = "vertex"
                )
            }

            def BasisCurves "edge_562"
            {
                int[] curveVertexCounts = [2]
                point3f[] points = [(-95.51477, 184.3896, 0.55), (-92.5018, 186.19298, 0.55)]
                color3f[] primvars:displayColor = [(0.872338, 0.715452, 0.243116)]
                uniform token type = "linear"
                custom double urbantwin:crowding = 0.5855
                float[] widths = [3, 3] (
                    interpolation = "vertex"
                )
            }

            def BasisCurves "edge_563"
            {
                int[] curveVertexCounts = [2]
                point3f[] points = [(-96.2559, 183.8998, 0.55), (-95.51477, 184.3896, 0.55)]
                color3f[] primvars:displayColor = [(0.872338, 0.715452, 0.243116)]
                uniform token type = "linear"
                custom double urbantwin:crowding = 0.5855
                float[] widths = [3, 3] (
                    interpolation = "vertex"
                )
            }

            def BasisCurves "edge_576"
            {
                int[] curveVertexCounts = [2]
                point3f[] points = [(94.21954, -188.16333, 0.55), (92.90353, -189.32106, 0.55)]
                color3f[] primvars:displayColor = [(0.1316944, 0.4604488, 0.5145176)]
                uniform token type = "linear"
                custom double urbantwin:crowding = 0.2079
                float[] widths = [3, 3] (
                    interpolation = "vertex"
                )
            }

            def BasisCurves "edge_577"
            {
                int[] curveVertexCounts = [2]
                point3f[] points = [(84.19707, -197.01323, 0.55), (85.36763, -195.97797, 0.55)]
                color3f[] primvars:displayColor = [(0.1316944, 0.4604488, 0.5145176)]
                uniform token type = "linear"
                custom double urbantwin:crowding = 0.2079
                float[] widths = [3, 3] (
                    interpolation = "vertex"
                )
            }

            def BasisCurves "edge_578"
            {
                int[] curveVertexCounts = [2]
                point3f[] points = [(88.249, -193.43988, 0.55), (92.90353, -189.32106, 0.55)]
                color3f[] primvars:displayColor = [(0.1316944, 0.4604488, 0.5145176)]
                uniform token type = "linear"
                custom double urbantwin:crowding = 0.2079
                float[] widths = [3, 3] (
                    interpolation = "vertex"
                )
            }

            def BasisCurves "edge_579"
            {
                int[] curveVertexCounts = [2]
                point3f[] points = [(85.36763, -195.97797, 0.55), (88.249, -193.43988, 0.55)]
                color3f[] primvars:displayColor = [(0.1316944, 0.4604488, 0.5145176)]
                uniform token type = "linear"
                custom double urbantwin:crowding = 0.2079
                float[] widths = [3, 3] (
                    interpolation = "vertex"
                )
            }

            def BasisCurves "edge_583"
            {
                int[] curveVertexCounts = [2]
                point3f[] points = [(145.84877, -145.46118, 0.55), (175.14735, -196.52342, 0.55)]
                color3f[] primvars:displayColor = [(0.1316944, 0.4604488, 0.5145176)]
                uniform token type = "linear"
                custom double urbantwin:crowding = 0.2079
                float[] widths = [3, 3] (
                    interpolation = "vertex"
                )
            }

            def BasisCurves "edge_584"
            {
                int[] curveVertexCounts = [2]
                point3f[] points = [(92.90353, -20.427126, 0.55), (130.13974, -11.131949, 0.55)]
                color3f[] primvars:displayColor = [(0.8643664, 0.4730784, 0.1709432)]
                uniform token type = "linear"
                custom double urbantwin:crowding = 0.7794
                float[] widths = [3, 3] (
                    interpolation = "vertex"
                )
            }

            def BasisCurves "edge_585"
            {
                int[] curveVertexCounts = [2]
                point3f[] points = [(130.13974, -11.131949, 0.55), (133.4367, -11.955713, 0.55)]
                color3f[] primvars:displayColor = [(0.8643664, 0.4730784, 0.1709432)]
                uniform token type = "linear"
                custom double urbantwin:crowding = 0.7794
                float[] widths = [3, 3] (
                    interpolation = "vertex"
                )
            }

            def BasisCurves "edge_586"
            {
                int[] curveVertexCounts = [2]
                point3f[] points = [(133.4367, -11.955713, 0.55), (137.3224, -18.812994, 0.55)]
                color3f[] primvars:displayColor = [(0.8643664, 0.4730784, 0.1709432)]
                uniform token type = "linear"
                custom double urbantwin:crowding = 0.7794
                float[] widths = [3, 3] (
                    interpolation = "vertex"
                )
            }

            def BasisCurves "edge_587"
            {
                int[] curveVertexCounts = [2]
                point3f[] points = [(137.3224, -18.812994, 0.55), (192.18625, -117.19716, 0.55)]
                color3f[] primvars:displayColor = [(0.8643664, 0.4730784, 0.1709432)]
                uniform token type = "linear"
                custom double urbantwin:crowding = 0.7794
                float[] widths = [3, 3] (
                    interpolation = "vertex"
                )
            }

            def BasisCurves "edge_588"
            {
                int[] curveVertexCounts = [2]
                point3f[] points = [(192.18625, -117.19716, 0.55), (194.81136, -115.805664, 0.55)]
                color3f[] primvars:displayColor = [(0.8643664, 0.4730784, 0.1709432)]
                uniform token type = "linear"
                custom double urbantwin:crowding = 0.7794
                float[] widths = [3, 3] (
                    interpolation = "vertex"
                )
            }

            def BasisCurves "edge_589"
            {
                int[] curveVertexCounts = [2]
                point3f[] points = [(264.13748, -352.5377, 0.55), (263.618, -354.81973, 0.55)]
                color3f[] primvars:displayColor = [(0.509184, 0.6712816, 0.3982792)]
                uniform token type = "linear"
                custom double urbantwin:crowding = 0.3802
                float[] widths = [3, 3] (
                    interpolation = "vertex"
                )
            }

            def BasisCurves "edge_590"
            {
                int[] curveVertexCounts = [2]
                point3f[] points = [(263.618, -354.81973, 0.55), (253.91415, -363.6919, 0.55)]
                color3f[] primvars:displayColor = [(0.509184, 0.6712816, 0.3982792)]
                uniform token type = "linear"
                custom double urbantwin:crowding = 0.3802
                float[] widths = [3, 3] (
                    interpolation = "vertex"
                )
            }

            def BasisCurves "edge_591"
            {
                int[] curveVertexCounts = [2]
                point3f[] points = [(253.91415, -363.6919, 0.55), (252.2726, -364.8719, 0.55)]
                color3f[] primvars:displayColor = [(0.509184, 0.6712816, 0.3982792)]
                uniform token type = "linear"
                custom double urbantwin:crowding = 0.3802
                float[] widths = [3, 3] (
                    interpolation = "vertex"
                )
            }

            def BasisCurves "edge_592"
            {
                int[] curveVertexCounts = [2]
                point3f[] points = [(252.2726, -364.8719, 0.55), (245.94188, -368.30054, 0.55)]
                color3f[] primvars:displayColor = [(0.509184, 0.6712816, 0.3982792)]
                uniform token type = "linear"
                custom double urbantwin:crowding = 0.3802
                float[] widths = [3, 3] (
                    interpolation = "vertex"
                )
            }

            def BasisCurves "edge_593"
            {
                int[] curveVertexCounts = [2]
                point3f[] points = [(244.90985, -368.85715, 0.55), (242.54103, -369.4471, 0.55)]
                color3f[] primvars:displayColor = [(0.509184, 0.6712816, 0.3982792)]
                uniform token type = "linear"
                custom double urbantwin:crowding = 0.3802
                float[] widths = [3, 3] (
                    interpolation = "vertex"
                )
            }

            def BasisCurves "edge_594"
            {
                int[] curveVertexCounts = [2]
                point3f[] points = [(242.54103, -369.4471, 0.55), (240.37308, -369.87015, 0.55)]
                color3f[] primvars:displayColor = [(0.509184, 0.6712816, 0.3982792)]
                uniform token type = "linear"
                custom double urbantwin:crowding = 0.3802
                float[] widths = [3, 3] (
                    interpolation = "vertex"
                )
            }

            def BasisCurves "edge_595"
            {
                int[] curveVertexCounts = [2]
                point3f[] points = [(245.94188, -368.30054, 0.55), (244.90985, -368.85715, 0.55)]
                color3f[] primvars:displayColor = [(0.509184, 0.6712816, 0.3982792)]
                uniform token type = "linear"
                custom double urbantwin:crowding = 0.3802
                float[] widths = [3, 3] (
                    interpolation = "vertex"
                )
            }

            def BasisCurves "edge_596"
            {
                int[] curveVertexCounts = [2]
                point3f[] points = [(260.8336, -344.99023, 0.55), (263.9366, -351.0794, 0.55)]
                color3f[] primvars:displayColor = [(0.1316944, 0.4604488, 0.5145176)]
                uniform token type = "linear"
                custom double urbantwin:crowding = 0.2079
                float[] widths = [3, 3] (
                    interpolation = "vertex"
                )
            }

            def BasisCurves "edge_597"
            {
                int[] curveVertexCounts = [2]
                point3f[] points = [(263.9366, -351.0794, 0.55), (264.13748, -352.5377, 0.55)]
                color3f[] primvars:displayColor = [(0.1316944, 0.4604488, 0.5145176)]
                uniform token type = "linear"
                custom double urbantwin:crowding = 0.2079
                float[] widths = [3, 3] (
                    interpolation = "vertex"
                )
            }

            def BasisCurves "edge_598"
            {
                int[] curveVertexCounts = [2]
                point3f[] points = [(255.91588, -335.28317, 0.55), (260.8336, -344.99023, 0.55)]
                color3f[] primvars:displayColor = [(0.1316944, 0.4604488, 0.5145176)]
                uniform token type = "linear"
                custom double urbantwin:crowding = 0.2079
                float[] widths = [3, 3] (
                    interpolation = "vertex"
                )
            }

            def BasisCurves "edge_599"
            {
                int[] curveVertexCounts = [2]
                point3f[] points = [(255.23709, -334.05865, 0.55), (255.91588, -335.28317, 0.55)]
                color3f[] primvars:displayColor = [(0.1316944, 0.4604488, 0.5145176)]
                uniform token type = "linear"
                custom double urbantwin:crowding = 0.2079
                float[] widths = [3, 3] (
                    interpolation = "vertex"
                )
            }

            def BasisCurves "edge_600"
            {
                int[] curveVertexCounts = [2]
                point3f[] points = [(254.8215, -333.2349, 0.55), (255.23709, -334.05865, 0.55)]
                color3f[] primvars:displayColor = [(0.1316944, 0.4604488, 0.5145176)]
                uniform token type = "linear"
                custom double urbantwin:crowding = 0.2079
                float[] widths = [3, 3] (
                    interpolation = "vertex"
                )
            }

            def BasisCurves "edge_601"
            {
                int[] curveVertexCounts = [2]
                point3f[] points = [(254.37822, -332.62265, 0.55), (254.8215, -333.2349, 0.55)]
                color3f[] primvars:displayColor = [(0.1316944, 0.4604488, 0.5145176)]
                uniform token type = "linear"
                custom double urbantwin:crowding = 0.2079
                float[] widths = [3, 3] (
                    interpolation = "vertex"
                )
            }

            def BasisCurves "edge_602"
            {
                int[] curveVertexCounts = [2]
                point3f[] points = [(253.87259, -332.11057, 0.55), (254.37822, -332.62265, 0.55)]
                color3f[] primvars:displayColor = [(0.1316944, 0.4604488, 0.5145176)]
                uniform token type = "linear"
                custom double urbantwin:crowding = 0.2079
                float[] widths = [3, 3] (
                    interpolation = "vertex"
                )
            }

            def BasisCurves "edge_603"
            {
                int[] curveVertexCounts = [2]
                point3f[] points = [(242.8735, -312.39587, 0.55), (253.87259, -332.11057, 0.55)]
                color3f[] primvars:displayColor = [(0.1316944, 0.4604488, 0.5145176)]
                uniform token type = "linear"
                custom double urbantwin:crowding = 0.2079
                float[] widths = [3, 3] (
                    interpolation = "vertex"
                )
            }

            def BasisCurves "edge_604"
            {
                int[] curveVertexCounts = [2]
                point3f[] points = [(235.85707, -300.05057, 0.55), (242.8735, -312.39587, 0.55)]
                color3f[] primvars:displayColor = [(0.1316944, 0.4604488, 0.5145176)]
                uniform token type = "linear"
                custom double urbantwin:crowding = 0.2079
                float[] widths = [3, 3] (
                    interpolation = "vertex"
                )
            }

            def BasisCurves "edge_605"
            {
                int[] curveVertexCounts = [2]
                point3f[] points = [(209.239, -254.92163, 0.55), (235.85707, -300.05057, 0.55)]
                color3f[] primvars:displayColor = [(0.1316944, 0.4604488, 0.5145176)]
                uniform token type = "linear"
                custom double urbantwin:crowding = 0.2079
                float[] widths = [3, 3] (
                    interpolation = "vertex"
                )
            }

            def BasisCurves "edge_606"
            {
                int[] curveVertexCounts = [2]
                point3f[] points = [(188.6538, -219.94505, 0.55), (209.239, -254.92163, 0.55)]
                color3f[] primvars:displayColor = [(0.1316944, 0.4604488, 0.5145176)]
                uniform token type = "linear"
                custom double urbantwin:crowding = 0.2079
                float[] widths = [3, 3] (
                    interpolation = "vertex"
                )
            }

            def BasisCurves "edge_607"
            {
                int[] curveVertexCounts = [2]
                point3f[] points = [(175.14735, -196.52342, 0.55), (188.6538, -219.94505, 0.55)]
                color3f[] primvars:displayColor = [(0.1316944, 0.4604488, 0.5145176)]
                uniform token type = "linear"
                custom double urbantwin:crowding = 0.2079
                float[] widths = [3, 3] (
                    interpolation = "vertex"
                )
            }

            def BasisCurves "edge_611"
            {
                int[] curveVertexCounts = [2]
                point3f[] points = [(84.19707, -197.01323, 0.55), (55.82662, -160.0663, 0.55)]
                color3f[] primvars:displayColor = [(0.1316944, 0.4604488, 0.5145176)]
                uniform token type = "linear"
                custom double urbantwin:crowding = 0.2079
                float[] widths = [3, 3] (
                    interpolation = "vertex"
                )
            }

            def BasisCurves "edge_683"
            {
                int[] curveVertexCounts = [2]
                point3f[] points = [(-163.46948, -180.92757, 0.55), (-141.16653, -208.73518, 0.55)]
                color3f[] primvars:displayColor = [(0.509184, 0.6712816, 0.3982792)]
                uniform token type = "linear"
                custom double urbantwin:crowding = 0.3802
                float[] widths = [3, 3] (
                    interpolation = "vertex"
                )
            }

            def BasisCurves "edge_684"
            {
                int[] curveVertexCounts = [2]
                point3f[] points = [(-141.16653, -208.73518, 0.55), (-138.56223, -206.7537, 0.55)]
                color3f[] primvars:displayColor = [(0.346248, 0.6038752, 0.4543024)]
                uniform token type = "linear"
                custom double urbantwin:crowding = 0.3244
                float[] widths = [3, 3] (
                    interpolation = "vertex"
                )
            }

            def BasisCurves "edge_685"
            {
                int[] curveVertexCounts = [2]
                point3f[] points = [(-126.81509, -222.18257, 0.55), (-129.50945, -224.1084, 0.55)]
                color3f[] primvars:displayColor = [(0.509184, 0.6712816, 0.3982792)]
                uniform token type = "linear"
                custom double urbantwin:crowding = 0.3802
                float[] widths = [3, 3] (
                    interpolation = "vertex"
                )
            }

            def BasisCurves "edge_693"
            {
                int[] curveVertexCounts = [2]
                point3f[] points = [(-52.183342, -172.57861, 0.55), (-51.1998, -171.92181, 0.55)]
                color3f[] primvars:displayColor = [(0.509184, 0.6712816, 0.3982792)]
                uniform token type = "linear"
                custom double urbantwin:crowding = 0.3802
                float[] widths = [3, 3] (
                    interpolation = "vertex"
                )
            }

            def BasisCurves "edge_694"
            {
                int[] curveVertexCounts = [2]
                point3f[] points = [(-116.70257, -215.30302, 0.55), (-52.183342, -172.57861, 0.55)]
                color3f[] primvars:displayColor = [(0.509184, 0.6712816, 0.3982792)]
                uniform token type = "linear"
                custom double urbantwin:crowding = 0.3802
                float[] widths = [3, 3] (
                    interpolation = "vertex"
                )
            }

            def BasisCurves "edge_721"
            {
                int[] curveVertexCounts = [2]
                point3f[] points = [(-238.17049, -56.049362, 0.55), (-234.8943, -52.77657, 0.55)]
                color3f[] primvars:displayColor = [(0.2093, 0.54722, 0.50139)]
                uniform token type = "linear"
                custom double urbantwin:crowding = 0.2775
                float[] widths = [3, 3] (
                    interpolation = "vertex"
                )
            }

            def BasisCurves "edge_722"
            {
                int[] curveVertexCounts = [2]
                point3f[] points = [(-234.8943, -52.77657, 0.55), (-227.42767, -46.798714, 0.55)]
                color3f[] primvars:displayColor = [(0.2093, 0.54722, 0.50139)]
                uniform token type = "linear"
                custom double urbantwin:crowding = 0.2775
                float[] widths = [3, 3] (
                    interpolation = "vertex"
                )
            }

            def BasisCurves "edge_723"
            {
                int[] curveVertexCounts = [2]
                point3f[] points = [(-227.42767, -46.798714, 0.55), (-172.01663, -10.530824, 0.55)]
                color3f[] primvars:displayColor = [(0.2093, 0.54722, 0.50139)]
                uniform token type = "linear"
                custom double urbantwin:crowding = 0.2775
                float[] widths = [3, 3] (
                    interpolation = "vertex"
                )
            }

            def BasisCurves "edge_725"
            {
                int[] curveVertexCounts = [2]
                point3f[] points = [(-176.30406, -3.517696, 0.55), (-175.6045, -3.0056262, 0.55)]
                color3f[] primvars:displayColor = [(0.2093, 0.54722, 0.50139)]
                uniform token type = "linear"
                custom double urbantwin:crowding = 0.2775
                float[] widths = [3, 3] (
                    interpolation = "vertex"
                )
            }

            def BasisCurves "edge_726"
            {
                int[] curveVertexCounts = [2]
                point3f[] points = [(-167.65302, 2.2709177, 0.55), (-168.21405, 1.9814869, 0.55)]
                color3f[] primvars:displayColor = [(0.2093, 0.54722, 0.50139)]
                uniform token type = "linear"
                custom double urbantwin:crowding = 0.2775
                float[] widths = [3, 3] (
                    interpolation = "vertex"
                )
            }

            def BasisCurves "edge_727"
            {
                int[] curveVertexCounts = [2]
                point3f[] points = [(-242.40251, -75.53027, 0.55), (-239.86745, -73.25935, 0.55)]
                color3f[] primvars:displayColor = [(0.2093, 0.54722, 0.50139)]
                uniform token type = "linear"
                custom double urbantwin:crowding = 0.2775
                float[] widths = [3, 3] (
                    interpolation = "vertex"
                )
            }

            def BasisCurves "edge_728"
            {
                int[] curveVertexCounts = [2]
                point3f[] points = [(-239.86745, -73.25935, 0.55), (-237.01378, -70.699005, 0.55)]
                color3f[] primvars:displayColor = [(0.2093, 0.54722, 0.50139)]
                uniform token type = "linear"
                custom double urbantwin:crowding = 0.2775
                float[] widths = [3, 3] (
                    interpolation = "vertex"
                )
            }

            def BasisCurves "edge_729"
            {
                int[] curveVertexCounts = [2]
                point3f[] points = [(-238.17049, -56.049362, 0.55), (-236.58435, -60.335163, 0.55)]
                color3f[] primvars:displayColor = [(0.2093, 0.54722, 0.50139)]
                uniform token type = "linear"
                custom double urbantwin:crowding = 0.2775
                float[] widths = [3, 3] (
                    interpolation = "vertex"
                )
            }

            def BasisCurves "edge_730"
            {
                int[] curveVertexCounts = [2]
                point3f[] points = [(-236.58435, -60.335163, 0.55), (-236.77829, -64.98832, 0.55)]
                color3f[] primvars:displayColor = [(0.2093, 0.54722, 0.50139)]
                uniform token type = "linear"
                custom double urbantwin:crowding = 0.2775
                float[] widths = [3, 3] (
                    interpolation = "vertex"
                )
            }

            def BasisCurves "edge_731"
            {
                int[] curveVertexCounts = [2]
                point3f[] points = [(-236.77829, -64.98832, 0.55), (-237.01378, -70.699005, 0.55)]
                color3f[] primvars:displayColor = [(0.2093, 0.54722, 0.50139)]
                uniform token type = "linear"
                custom double urbantwin:crowding = 0.2775
                float[] widths = [3, 3] (
                    interpolation = "vertex"
                )
            }

            def BasisCurves "edge_735"
            {
                int[] curveVertexCounts = [2]
                point3f[] points = [(-219.10216, -107.22293, 0.55), (-219.91255, -106.031815, 0.55)]
                color3f[] primvars:displayColor = [(0.2093, 0.54722, 0.50139)]
                uniform token type = "linear"
                custom double urbantwin:crowding = 0.2775
                float[] widths = [3, 3] (
                    interpolation = "vertex"
                )
            }

            def BasisCurves "edge_737"
            {
                int[] curveVertexCounts = [2]
                point3f[] points = [(-212.04419, -116.6183, 0.55), (-213.6788, -114.41417, 0.55)]
                color3f[] primvars:displayColor = [(0.2093, 0.54722, 0.50139)]
                uniform token type = "linear"
                custom double urbantwin:crowding = 0.2775
                float[] widths = [3, 3] (
                    interpolation = "vertex"
                )
            }

            def BasisCurves "edge_757"
            {
                int[] curveVertexCounts = [2]
                point3f[] points = [(-30.545334, -27.52931, 0.55), (-32.401604, -25.291788, 0.55)]
                color3f[] primvars:displayColor = [(0.8643664, 0.4730784, 0.1709432)]
                uniform token type = "linear"
                custom double urbantwin:crowding = 0.7794
                float[] widths = [3, 3] (
                    interpolation = "vertex"
                )
            }

            def BasisCurves "edge_758"
            {
                int[] curveVertexCounts = [2]
                point3f[] points = [(-32.401604, -25.291788, 0.55), (-37.063057, -20.115433, 0.55)]
                color3f[] primvars:displayColor = [(0.8643664, 0.4730784, 0.1709432)]
                uniform token type = "linear"
                custom double urbantwin:crowding = 0.7794
                float[] widths = [3, 3] (
                    interpolation = "vertex"
                )
            }

            def BasisCurves "edge_760"
            {
                int[] curveVertexCounts = [2]
                point3f[] points = [(-19.788666, -37.08052, 0.55), (17.703827, -14.471534, 0.55)]
                color3f[] primvars:displayColor = [(0.8643664, 0.4730784, 0.1709432)]
                uniform token type = "linear"
                custom double urbantwin:crowding = 0.7794
                float[] widths = [3, 3] (
                    interpolation = "vertex"
                )
            }

            def BasisCurves "edge_761"
            {
                int[] curveVertexCounts = [2]
                point3f[] points = [(17.703827, -14.471534, 0.55), (75.57373, 9.439893, 0.55)]
                color3f[] primvars:displayColor = [(0.8643664, 0.4730784, 0.1709432)]
                uniform token type = "linear"
                custom double urbantwin:crowding = 0.7794
                float[] widths = [3, 3] (
                    interpolation = "vertex"
                )
            }

            def BasisCurves "edge_762"
            {
                int[] curveVertexCounts = [2]
                point3f[] points = [(22.178267, -97.87209, 0.55), (-20.446672, -40.164074, 0.55)]
                color3f[] primvars:displayColor = [(0.1299344, 0.4954288, 0.5239776)]
                uniform token type = "linear"
                custom double urbantwin:crowding = 0.2354
                float[] widths = [3, 3] (
                    interpolation = "vertex"
                )
            }

            def BasisCurves "edge_763"
            {
                int[] curveVertexCounts = [2]
                point3f[] points = [(28.765255, -105.90936, 0.55), (22.178267, -97.87209, 0.55)]
                color3f[] primvars:displayColor = [(0.1299344, 0.4954288, 0.5239776)]
                uniform token type = "linear"
                custom double urbantwin:crowding = 0.2354
                float[] widths = [3, 3] (
                    interpolation = "vertex"
                )
            }

            def BasisCurves "edge_764"
            {
                int[] curveVertexCounts = [2]
                point3f[] points = [(-20.446672, -40.164074, 0.55), (-19.788666, -37.08052, 0.55)]
                color3f[] primvars:displayColor = [(0.8643664, 0.4730784, 0.1709432)]
                uniform token type = "linear"
                custom double urbantwin:crowding = 0.7794
                float[] widths = [3, 3] (
                    interpolation = "vertex"
                )
            }

            def BasisCurves "edge_765"
            {
                int[] curveVertexCounts = [2]
                point3f[] points = [(16.761839, -122.56276, 0.55), (17.731531, -123.69822, 0.55)]
                color3f[] primvars:displayColor = [(0.1316944, 0.4604488, 0.5145176)]
                uniform token type = "linear"
                custom double urbantwin:crowding = 0.2079
                float[] widths = [3, 3] (
                    interpolation = "vertex"
                )
            }

            def BasisCurves "edge_767"
            {
                int[] curveVertexCounts = [2]
                point3f[] points = [(25.094273, -120.135994, 0.55), (26.742752, -118.85582, 0.55)]
                color3f[] primvars:displayColor = [(0.509184, 0.6712816, 0.3982792)]
                uniform token type = "linear"
                custom double urbantwin:crowding = 0.3802
                float[] widths = [3, 3] (
                    interpolation = "vertex"
                )
            }

            def BasisCurves "edge_768"
            {
                int[] curveVertexCounts = [2]
                point3f[] points = [(30.392954, -107.92425, 0.55), (34.500298, -112.78891, 0.55)]
                color3f[] primvars:displayColor = [(0.1299344, 0.4954288, 0.5239776)]
                uniform token type = "linear"
                custom double urbantwin:crowding = 0.2354
                float[] widths = [3, 3] (
                    interpolation = "vertex"
                )
            }

            def BasisCurves "edge_769"
            {
                int[] curveVertexCounts = [2]
                point3f[] points = [(34.500298, -112.78891, 0.55), (59.587643, -144.44817, 0.55)]
                color3f[] primvars:displayColor = [(0.509184, 0.6712816, 0.3982792)]
                uniform token type = "linear"
                custom double urbantwin:crowding = 0.3802
                float[] widths = [3, 3] (
                    interpolation = "vertex"
                )
            }

            def BasisCurves "edge_770"
            {
                int[] curveVertexCounts = [2]
                point3f[] points = [(28.765255, -105.90936, 0.55), (29.42326, -106.72199, 0.55)]
                color3f[] primvars:displayColor = [(0.1299344, 0.4954288, 0.5239776)]
                uniform token type = "linear"
                custom double urbantwin:crowding = 0.2354
                float[] widths = [3, 3] (
                    interpolation = "vertex"
                )
            }

            def BasisCurves "edge_771"
            {
                int[] curveVertexCounts = [2]
                point3f[] points = [(29.42326, -106.72199, 0.55), (30.392954, -107.92425, 0.55)]
                color3f[] primvars:displayColor = [(0.1299344, 0.4954288, 0.5239776)]
                uniform token type = "linear"
                custom double urbantwin:crowding = 0.2354
                float[] widths = [3, 3] (
                    interpolation = "vertex"
                )
            }

            def BasisCurves "edge_772"
            {
                int[] curveVertexCounts = [2]
                point3f[] points = [(32.71329, -114.180405, 0.55), (34.500298, -112.78891, 0.55)]
                color3f[] primvars:displayColor = [(0.509184, 0.6712816, 0.3982792)]
                uniform token type = "linear"
                custom double urbantwin:crowding = 0.3802
                float[] widths = [3, 3] (
                    interpolation = "vertex"
                )
            }

            def BasisCurves "edge_773"
            {
                int[] curveVertexCounts = [2]
                point3f[] points = [(26.742752, -118.85582, 0.55), (29.90118, -116.34, 0.55)]
                color3f[] primvars:displayColor = [(0.509184, 0.6712816, 0.3982792)]
                uniform token type = "linear"
                custom double urbantwin:crowding = 0.3802
                float[] widths = [3, 3] (
                    interpolation = "vertex"
                )
            }

            def BasisCurves "edge_774"
            {
                int[] curveVertexCounts = [2]
                point3f[] points = [(29.90118, -116.34, 0.55), (32.71329, -114.180405, 0.55)]
                color3f[] primvars:displayColor = [(0.509184, 0.6712816, 0.3982792)]
                uniform token type = "linear"
                custom double urbantwin:crowding = 0.3802
                float[] widths = [3, 3] (
                    interpolation = "vertex"
                )
            }

            def BasisCurves "edge_775"
            {
                int[] curveVertexCounts = [2]
                point3f[] points = [(-40.45698, -164.73058, 0.55), (-41.620613, -165.50981, 0.55)]
                color3f[] primvars:displayColor = [(0.509184, 0.6712816, 0.3982792)]
                uniform token type = "linear"
                custom double urbantwin:crowding = 0.3802
                float[] widths = [3, 3] (
                    interpolation = "vertex"
                )
            }

            def BasisCurves "edge_776"
            {
                int[] curveVertexCounts = [2]
                point3f[] points = [(-39.127117, -163.82889, 0.55), (-40.45698, -164.73058, 0.55)]
                color3f[] primvars:displayColor = [(0.509184, 0.6712816, 0.3982792)]
                uniform token type = "linear"
                custom double urbantwin:crowding = 0.3802
                float[] widths = [3, 3] (
                    interpolation = "vertex"
                )
            }

            def BasisCurves "edge_777"
            {
                int[] curveVertexCounts = [2]
                point3f[] points = [(17.731531, -123.69822, 0.55), (-39.127117, -163.82889, 0.55)]
                color3f[] primvars:displayColor = [(0.509184, 0.6712816, 0.3982792)]
                uniform token type = "linear"
                custom double urbantwin:crowding = 0.3802
                float[] widths = [3, 3] (
                    interpolation = "vertex"
                )
            }

            def BasisCurves "edge_778"
            {
                int[] curveVertexCounts = [2]
                point3f[] points = [(-51.1998, -171.92181, 0.55), (-47.494183, -169.60637, 0.55)]
                color3f[] primvars:displayColor = [(0.509184, 0.6712816, 0.3982792)]
                uniform token type = "linear"
                custom double urbantwin:crowding = 0.3802
                float[] widths = [3, 3] (
                    interpolation = "vertex"
                )
            }

            def BasisCurves "edge_779"
            {
                int[] curveVertexCounts = [2]
                point3f[] points = [(-47.494183, -169.60637, 0.55), (-41.620613, -165.50981, 0.55)]
                color3f[] primvars:displayColor = [(0.509184, 0.6712816, 0.3982792)]
                uniform token type = "linear"
                custom double urbantwin:crowding = 0.3802
                float[] widths = [3, 3] (
                    interpolation = "vertex"
                )
            }

            def BasisCurves "edge_783"
            {
                int[] curveVertexCounts = [2]
                point3f[] points = [(-124.584785, -192.92781, 0.55), (-109.11818, -190.85727, 0.55)]
                color3f[] primvars:displayColor = [(0.1316944, 0.4604488, 0.5145176)]
                uniform token type = "linear"
                custom double urbantwin:crowding = 0.2079
                float[] widths = [3, 3] (
                    interpolation = "vertex"
                )
            }

            def BasisCurves "edge_784"
            {
                int[] curveVertexCounts = [2]
                point3f[] points = [(-109.11818, -190.85727, 0.55), (-93.97712, -182.36359, 0.55)]
                color3f[] primvars:displayColor = [(0.1316944, 0.4604488, 0.5145176)]
                uniform token type = "linear"
                custom double urbantwin:crowding = 0.2079
                float[] widths = [3, 3] (
                    interpolation = "vertex"
                )
            }

            def BasisCurves "edge_785"
            {
                int[] curveVertexCounts = [2]
                point3f[] points = [(-93.97712, -182.36359, 0.55), (-46.288994, -150.593, 0.55)]
                color3f[] primvars:displayColor = [(0.1316944, 0.4604488, 0.5145176)]
                uniform token type = "linear"
                custom double urbantwin:crowding = 0.2079
                float[] widths = [3, 3] (
                    interpolation = "vertex"
                )
            }

            def BasisCurves "edge_786"
            {
                int[] curveVertexCounts = [2]
                point3f[] points = [(-41.565205, -147.23116, 0.55), (-2.5142758, -118.84469, 0.55)]
                color3f[] primvars:displayColor = [(0.1316944, 0.4604488, 0.5145176)]
                uniform token type = "linear"
                custom double urbantwin:crowding = 0.2079
                float[] widths = [3, 3] (
                    interpolation = "vertex"
                )
            }

            def BasisCurves "edge_787"
            {
                int[] curveVertexCounts = [2]
                point3f[] points = [(-2.5142758, -118.84469, 0.55), (1.6276991, -108.79254, 0.55)]
                color3f[] primvars:displayColor = [(0.1316944, 0.4604488, 0.5145176)]
                uniform token type = "linear"
                custom double urbantwin:crowding = 0.2079
                float[] widths = [3, 3] (
                    interpolation = "vertex"
                )
            }

            def BasisCurves "edge_788"
            {
                int[] curveVertexCounts = [2]
                point3f[] points = [(-46.288994, -150.593, 0.55), (-41.565205, -147.23116, 0.55)]
                color3f[] primvars:displayColor = [(0.1316944, 0.4604488, 0.5145176)]
                uniform token type = "linear"
                custom double urbantwin:crowding = 0.2079
                float[] widths = [3, 3] (
                    interpolation = "vertex"
                )
            }

            def BasisCurves "edge_800"
            {
                int[] curveVertexCounts = [2]
                point3f[] points = [(28.820665, 4.85353, 0.55), (41.579056, 9.373101, 0.55)]
                color3f[] primvars:displayColor = [(0.8832892, 0.6328968, 0.2144744)]
                uniform token type = "linear"
                custom double urbantwin:crowding = 0.6557
                float[] widths = [3, 3] (
                    interpolation = "vertex"
                )
            }

            def BasisCurves "edge_801"
            {
                int[] curveVertexCounts = [2]
                point3f[] points = [(89.52345, 26.349323, 0.55), (176.08241, 59.28876, 0.55)]
                color3f[] primvars:displayColor = [(0.8832892, 0.6328968, 0.2144744)]
                uniform token type = "linear"
                custom double urbantwin:crowding = 0.6557
                float[] widths = [3, 3] (
                    interpolation = "vertex"
                )
            }

            def BasisCurves "edge_802"
            {
                int[] curveVertexCounts = [2]
                point3f[] points = [(13.838906, -0.06679169, 0.55), (28.820665, 4.85353, 0.55)]
                color3f[] primvars:displayColor = [(0.8832892, 0.6328968, 0.2144744)]
                uniform token type = "linear"
                custom double urbantwin:crowding = 0.6557
                float[] widths = [3, 3] (
                    interpolation = "vertex"
                )
            }

            def BasisCurves "edge_803"
            {
                int[] curveVertexCounts = [2]
                point3f[] points = [(176.08241, 59.28876, 0.55), (176.88588, 59.600456, 0.55)]
                color3f[] primvars:displayColor = [(0.8832892, 0.6328968, 0.2144744)]
                uniform token type = "linear"
                custom double urbantwin:crowding = 0.6557
                float[] widths = [3, 3] (
                    interpolation = "vertex"
                )
            }

            def BasisCurves "edge_804"
            {
                int[] curveVertexCounts = [2]
                point3f[] points = [(41.579056, 9.373101, 0.55), (89.52345, 26.349323, 0.55)]
                color3f[] primvars:displayColor = [(0.8832892, 0.6328968, 0.2144744)]
                uniform token type = "linear"
                custom double urbantwin:crowding = 0.6557
                float[] widths = [3, 3] (
                    interpolation = "vertex"
                )
            }

            def BasisCurves "edge_805"
            {
                int[] curveVertexCounts = [2]
                point3f[] points = [(8.907324, -1.747716, 0.55), (10.472686, -1.1799866, 0.55)]
                color3f[] primvars:displayColor = [(0.8832892, 0.6328968, 0.2144744)]
                uniform token type = "linear"
                custom double urbantwin:crowding = 0.6557
                float[] widths = [3, 3] (
                    interpolation = "vertex"
                )
            }

            def BasisCurves "edge_806"
            {
                int[] curveVertexCounts = [2]
                point3f[] points = [(10.472686, -1.1799866, 0.55), (13.838906, -0.06679169, 0.55)]
                color3f[] primvars:displayColor = [(0.8832892, 0.6328968, 0.2144744)]
                uniform token type = "linear"
                custom double urbantwin:crowding = 0.6557
                float[] widths = [3, 3] (
                    interpolation = "vertex"
                )
            }

            def BasisCurves "edge_807"
            {
                int[] curveVertexCounts = [2]
                point3f[] points = [(176.88588, 59.600456, 0.55), (178.73523, 60.3129, 0.55)]
                color3f[] primvars:displayColor = [(0.8832892, 0.6328968, 0.2144744)]
                uniform token type = "linear"
                custom double urbantwin:crowding = 0.6557
                float[] widths = [3, 3] (
                    interpolation = "vertex"
                )
            }

            def BasisCurves "edge_808"
            {
                int[] curveVertexCounts = [2]
                point3f[] points = [(178.73523, 60.3129, 0.55), (184.31096, 62.4725, 0.55)]
                color3f[] primvars:displayColor = [(0.8832892, 0.6328968, 0.2144744)]
                uniform token type = "linear"
                custom double urbantwin:crowding = 0.6557
                float[] widths = [3, 3] (
                    interpolation = "vertex"
                )
            }

            def BasisCurves "edge_809"
            {
                int[] curveVertexCounts = [2]
                point3f[] points = [(185.78629, 64.48738, 0.55), (184.31096, 62.4725, 0.55)]
                color3f[] primvars:displayColor = [(0.8832892, 0.6328968, 0.2144744)]
                uniform token type = "linear"
                custom double urbantwin:crowding = 0.6557
                float[] widths = [3, 3] (
                    interpolation = "vertex"
                )
            }

            def BasisCurves "edge_846"
            {
                int[] curveVertexCounts = [2]
                point3f[] points = [(-24.020683, 210.4495, 0.55), (-22.462248, 210.98383, 0.55)]
                color3f[] primvars:displayColor = [(0.872338, 0.715452, 0.243116)]
                uniform token type = "linear"
                custom double urbantwin:crowding = 0.5855
                float[] widths = [3, 3] (
                    interpolation = "vertex"
                )
            }

            def BasisCurves "edge_847"
            {
                int[] curveVertexCounts = [2]
                point3f[] points = [(-20.252733, 211.7742, 0.55), (-22.462248, 210.98383, 0.55)]
                color3f[] primvars:displayColor = [(0.872338, 0.715452, 0.243116)]
                uniform token type = "linear"
                custom double urbantwin:crowding = 0.5855
                float[] widths = [3, 3] (
                    interpolation = "vertex"
                )
            }

            def BasisCurves "edge_848"
            {
                int[] curveVertexCounts = [2]
                point3f[] points = [(-20.252733, 211.7742, 0.55), (-14.919421, 213.49965, 0.55)]
                color3f[] primvars:displayColor = [(0.872338, 0.715452, 0.243116)]
                uniform token type = "linear"
                custom double urbantwin:crowding = 0.5855
                float[] widths = [3, 3] (
                    interpolation = "vertex"
                )
            }

            def BasisCurves "edge_856"
            {
                int[] curveVertexCounts = [2]
                point3f[] points = [(-12.495189, 194.95383, 0.55), (-15.34193, 194.00761, 0.55)]
                color3f[] primvars:displayColor = [(0.493124, 0.6646376, 0.4038012)]
                uniform token type = "linear"
                custom double urbantwin:crowding = 0.3747
                float[] widths = [3, 3] (
                    interpolation = "vertex"
                )
            }

            def BasisCurves "edge_857"
            {
                int[] curveVertexCounts = [2]
                point3f[] points = [(-12.495189, 194.95383, 0.55), (-8.1523485, 196.234, 0.55)]
                color3f[] primvars:displayColor = [(0.493124, 0.6646376, 0.4038012)]
                uniform token type = "linear"
                custom double urbantwin:crowding = 0.3747
                float[] widths = [3, 3] (
                    interpolation = "vertex"
                )
            }

            def BasisCurves "edge_858"
            {
                int[] curveVertexCounts = [2]
                point3f[] points = [(-17.987808, 192.92781, 0.55), (-15.34193, 194.00761, 0.55)]
                color3f[] primvars:displayColor = [(0.493124, 0.6646376, 0.4038012)]
                uniform token type = "linear"
                custom double urbantwin:crowding = 0.3747
                float[] widths = [3, 3] (
                    interpolation = "vertex"
                )
            }

            def BasisCurves "edge_859"
            {
                int[] curveVertexCounts = [2]
                point3f[] points = [(-17.987808, 192.92781, 0.55), (-19.310745, 190.24501, 0.55)]
                color3f[] primvars:displayColor = [(0.493124, 0.6646376, 0.4038012)]
                uniform token type = "linear"
                custom double urbantwin:crowding = 0.3747
                float[] widths = [3, 3] (
                    interpolation = "vertex"
                )
            }

            def BasisCurves "edge_863"
            {
                int[] curveVertexCounts = [2]
                point3f[] points = [(-10.784373, 202.646, 0.55), (-8.1523485, 196.234, 0.55)]
                color3f[] primvars:displayColor = [(0.493124, 0.6646376, 0.4038012)]
                uniform token type = "linear"
                custom double urbantwin:crowding = 0.3747
                float[] widths = [3, 3] (
                    interpolation = "vertex"
                )
            }

            def BasisCurves "edge_914"
            {
                int[] curveVertexCounts = [2]
                point3f[] points = [(-89.378, 187.77371, 0.55), (-90.0083, 187.47316, 0.55)]
                color3f[] primvars:displayColor = [(0.872338, 0.715452, 0.243116)]
                uniform token type = "linear"
                custom double urbantwin:crowding = 0.5855
                float[] widths = [3, 3] (
                    interpolation = "vertex"
                )
            }

            def BasisCurves "edge_915"
            {
                int[] curveVertexCounts = [2]
                point3f[] points = [(-96.2559, 183.8998, 0.55), (-96.71996, 183.71056, 0.55)]
                color3f[] primvars:displayColor = [(0.872338, 0.715452, 0.243116)]
                uniform token type = "linear"
                custom double urbantwin:crowding = 0.5855
                float[] widths = [3, 3] (
                    interpolation = "vertex"
                )
            }

            def BasisCurves "edge_925"
            {
                int[] curveVertexCounts = [2]
                point3f[] points = [(-163.46948, -180.92757, 0.55), (-195.62173, -204.39372, 0.55)]
                color3f[] primvars:displayColor = [(0.509184, 0.6712816, 0.3982792)]
                uniform token type = "linear"
                custom double urbantwin:crowding = 0.3802
                float[] widths = [3, 3] (
                    interpolation = "vertex"
                )
            }

            def BasisCurves "edge_926"
            {
                int[] curveVertexCounts = [2]
                point3f[] points = [(-195.62173, -204.39372, 0.55), (-197.42259, -205.71841, 0.55)]
                color3f[] primvars:displayColor = [(0.509184, 0.6712816, 0.3982792)]
                uniform token type = "linear"
                custom double urbantwin:crowding = 0.3802
                float[] widths = [3, 3] (
                    interpolation = "vertex"
                )
            }

            def BasisCurves "edge_927"
            {
                int[] curveVertexCounts = [2]
                point3f[] points = [(-197.42259, -205.71841, 0.55), (-199.35506, -207.13217, 0.55)]
                color3f[] primvars:displayColor = [(0.509184, 0.6712816, 0.3982792)]
                uniform token type = "linear"
                custom double urbantwin:crowding = 0.3802
                float[] widths = [3, 3] (
                    interpolation = "vertex"
                )
            }

            def BasisCurves "edge_928"
            {
                int[] curveVertexCounts = [2]
                point3f[] points = [(-165.35345, -178.44514, 0.55), (-163.46948, -180.92757, 0.55)]
                color3f[] primvars:displayColor = [(0.2093, 0.54722, 0.50139)]
                uniform token type = "linear"
                custom double urbantwin:crowding = 0.2775
                float[] widths = [3, 3] (
                    interpolation = "vertex"
                )
            }

            def BasisCurves "edge_937"
            {
                int[] curveVertexCounts = [2]
                point3f[] points = [(-165.42964, 158.69707, 0.55), (-162.98463, 158.9531, 0.55)]
                color3f[] primvars:displayColor = [(0.872338, 0.715452, 0.243116)]
                uniform token type = "linear"
                custom double urbantwin:crowding = 0.5855
                float[] widths = [3, 3] (
                    interpolation = "vertex"
                )
            }

            def BasisCurves "edge_939"
            {
                int[] curveVertexCounts = [2]
                point3f[] points = [(-222.03896, 241.27386, 0.55), (-165.42964, 158.69707, 0.55)]
                color3f[] primvars:displayColor = [(0.872338, 0.715452, 0.243116)]
                uniform token type = "linear"
                custom double urbantwin:crowding = 0.5855
                float[] widths = [3, 3] (
                    interpolation = "vertex"
                )
            }

            def BasisCurves "edge_945"
            {
                int[] curveVertexCounts = [2]
                point3f[] points = [(-124.584785, -192.92781, 0.55), (-127.625465, -198.90567, 0.55)]
                color3f[] primvars:displayColor = [(0.346248, 0.6038752, 0.4543024)]
                uniform token type = "linear"
                custom double urbantwin:crowding = 0.3244
                float[] widths = [3, 3] (
                    interpolation = "vertex"
                )
            }

            def BasisCurves "edge_946"
            {
                int[] curveVertexCounts = [2]
                point3f[] points = [(-121.46099, -186.77184, 0.55), (-124.584785, -192.92781, 0.55)]
                color3f[] primvars:displayColor = [(0.346248, 0.6038752, 0.4543024)]
                uniform token type = "linear"
                custom double urbantwin:crowding = 0.3244
                float[] widths = [3, 3] (
                    interpolation = "vertex"
                )
            }

            def BasisCurves "edge_982"
            {
                int[] curveVertexCounts = [2]
                point3f[] points = [(144.65744, 138.43692, 0.55), (143.78471, 138.16975, 0.55)]
                color3f[] primvars:displayColor = [(0.1299344, 0.4954288, 0.5239776)]
                uniform token type = "linear"
                custom double urbantwin:crowding = 0.2354
                float[] widths = [3, 3] (
                    interpolation = "vertex"
                )
            }

            def BasisCurves "edge_983"
            {
                int[] curveVertexCounts = [2]
                point3f[] points = [(143.78471, 138.16975, 0.55), (139.91287, 136.9675, 0.55)]
                color3f[] primvars:displayColor = [(0.1299344, 0.4954288, 0.5239776)]
                uniform token type = "linear"
                custom double urbantwin:crowding = 0.2354
                float[] widths = [3, 3] (
                    interpolation = "vertex"
                )
            }

            def BasisCurves "edge_984"
            {
                int[] curveVertexCounts = [2]
                point3f[] points = [(154.29202, 141.97688, 0.55), (155.40025, 142.43329, 0.55)]
                color3f[] primvars:displayColor = [(0.1299344, 0.4954288, 0.5239776)]
                uniform token type = "linear"
                custom double urbantwin:crowding = 0.2354
                float[] widths = [3, 3] (
                    interpolation = "vertex"
                )
            }
        }

        def PointInstancer "Citizens"
        {
            int64[] ids = [0, 1, 2, 3, 4, 5, 6, 7, 8, 9, 10, 11, 12, 13, 14, 15, 16, 17, 18, 19, 20, 21, 22, 23, 24, 25, 26, 27, 28, 29, 30, 31, 32, 33, 34, 35, 36, 37, 38, 39, 40, 41, 42, 43, 44, 45, 46, 47, 48, 49, 50, 51, 52, 53, 54, 55, 56, 57, 58, 59, 60, 61, 62, 63, 64, 65, 66, 67, 68, 69, 70, 71, 72, 73, 74, 75, 76, 77, 78, 79]
            point3f[] positions = [(-235.84583, 232.27841, 0.9), (265.97348, -262.76666, 0.9), (-34.189907, -18.96745, 0.9), (-234.84409, 232.91098, 0.9), (-221.74284, 206.70499, 0.9), (-238.0088, 233.31514, 0.9), (-31.461866, -26.424534, 0.9), (-222.10648, 208.23285, 0.9), (41.499317, 9.344853, 0.9), (300.5657, -317.53787, 0.9), (-23.594019, -35.108566, 0.9), (-25.76899, -32.735863, 0.9), (302.61157, -320.26758, 0.9), (176.83064, 59.579025, 0.9), (-103.03855, 32.93248, 0.9), (249.48979, -312.47458, 0.9), (182.6034, 61.811123, 0.9), (270.10608, -344.83264, 0.9), (-71.64734, 42.60002, 0.9), (-163.29027, 158.9211, 0.9), (193.58975, 67.3014, 0.9), (-78.59259, 42.104164, 0.9), (-159.32535, 138.64842, 0.9), (-105.003044, 180.61588, 0.9), (77.75943, 10.335319, 0.9), (80.011375, 11.257879, 0.9), (253.5961, -363.92053, 0.9), (252.07475, -364.97903, 0.9), (-154.4167, 144.68431, 0.9), (-99.65632, -55.627743, 0.9), (188.27303, 50.613007, 0.9), (107.332565, -16.825245, 0.9), (255.09422, -333.77548, 0.9), (197.20468, -128.56044, 0.9), (-175.82748, -3.1688485, 0.9), (-89.02761, 48.62971, 0.9), (-88.07575, 47.95442, 0.9), (196.38255, -120.207306, 0.9), (-137.26587, 156.39095, 0.9), (-99.06584, -89.04864, 0.9), (-128.77144, 159.61267, 0.9), (193.85976, -116.31008, 0.9), (-240.28542, 233.64778, 0.9), (195.25594, 62.981438, 0.9), (128.013, -5.99525, 0.9), (119.32108, 14.998214, 0.9), (148.10318, -258.4264, 0.9), (-90.7438, 174.12108, 0.9), (135.35527, -15.3414955, 0.9), (131.50995, 29.85401, 0.9), (-237.35266, -71.00305, 0.9), (-85.28598, 176.84229, 0.9), (-125.44019, 18.412243, 0.9), (16.741623, 0.8865206, 0.9), (159.68231, 130.04016, 0.9), (246.76646, -77.338104, 0.9), (243.35947, -64.19211, 0.9), (167.54414, 83.08956, 0.9), (17.131535, -122.99565, 0.9), (242.26172, -62.103752, 0.9), (-166.99155, 1.5863028, 0.9), (164.24644, 154.54373, 0.9), (237.70036, -54.13467, 0.9), (-212.93301, -115.41981, 0.9), (159.67262, 130.12978, 0.9), (-25.076958, 210.0877, 0.9), (-169.39015, 5.2698646, 0.9), (-24.23194, 210.37714, 0.9), (228.81628, -39.428528, 0.9), (-161.16235, -4.4468656, 0.9), (-23.046661, 210.78346, 0.9), (-120.67528, -218.17625, 0.9), (-10.052341, 195.67392, 0.9), (221.96674, -30.06475, 0.9), (222.18457, -30.438505, 0.9), (230.64078, 175.91457, 0.9), (-195.99316, -204.66693, 0.9), (220.26384, -26.777208, 0.9), (218.01784, -22.490921, 0.9), (232.53064, 185.15125, 0.9)]
            color3f[] primvars:displayColor = [(0.1395024, 0.3052648, 0.4725496), (0.1404304, 0.2868208, 0.4675616), (0.139944, 0.296488, 0.470176), (0.1398544, 0.2982688, 0.4706576), (0.1387152, 0.3209104, 0.4767808), (0.1399696, 0.2959792, 0.4700384), (0.1418384, 0.2588368, 0.4599936), (0.1397008, 0.3013216, 0.4714832), (0.1305616, 0.4829632, 0.5206064), (0.1382608, 0.3299416, 0.4792232), (0.1421328, 0.2529856, 0.4584112), (0.14052, 0.28504, 0.46708), (0.141, 0.2755, 0.4645), (0.1301328, 0.4914856, 0.5229112), (0.1389392, 0.3164584, 0.4755768), (0.1426704, 0.2423008, 0.4555216), (0.1316432, 0.4614664, 0.5147928), (0.1416976, 0.2616352, 0.4607504), (0.131432, 0.465664, 0.515928), (0.1394576, 0.3061552, 0.4727904), (0.1350224, 0.3943048, 0.4966296), (0.1340496, 0.4136392, 0.5018584), (0.1416336, 0.2629072, 0.4610944), (0.1391376, 0.3125152, 0.4745104), (0.1302672, 0.4888144, 0.5221888), (0.1401872, 0.2916544, 0.4688688), (0.1408912, 0.2776624, 0.4650848), (0.1410192, 0.2751184, 0.4643968), (0.1415248, 0.2650696, 0.4616792), (0.1380752, 0.3336304, 0.4802208), (0.132232, 0.449764, 0.511628), (0.1370704, 0.3536008, 0.4856216), (0.1422416, 0.2508232, 0.4578264), (0.138344, 0.328288, 0.478776), (0.1412112, 0.2713024, 0.4633648), (0.1319696, 0.4549792, 0.5130384), (0.1322512, 0.4493824, 0.5115248), (0.1372752, 0.3495304, 0.4845208), (0.141224, 0.271048, 0.463296), (0.1400208, 0.2949616, 0.4697632), (0.14116, 0.27232, 0.46364), (0.1398992, 0.2973784, 0.4704168), (0.1360464, 0.3739528, 0.4911256), (0.1398288, 0.2987776, 0.4707952), (0.1348816, 0.3971032, 0.4973864), (0.1323664, 0.4470928, 0.5109056), (0.141288, 0.269776, 0.462952), (0.141064, 0.274228, 0.464156), (0.13204, 0.45358, 0.51266), (0.1405584, 0.2842768, 0.4668736), (0.1391824, 0.3116248, 0.4742696), (0.1415056, 0.2654512, 0.4617824), (0.1405136, 0.2851672, 0.4671144), (0.1405392, 0.2846584, 0.4669768), (0.139944, 0.296488, 0.470176), (0.1380112, 0.3349024, 0.4805648), (0.1365264, 0.3644128, 0.4885456), (0.1420496, 0.2546392, 0.4588584), (0.1422096, 0.2514592, 0.4579984), (0.139816, 0.299032, 0.470864), (0.1406288, 0.2828776, 0.4664952), (0.1398928, 0.2975056, 0.4704512), (0.1396944, 0.3014488, 0.4715176), (0.1404944, 0.2855488, 0.4672176), (0.1378, 0.3391, 0.4817), (0.1393232, 0.3088264, 0.4735128), (0.1403472, 0.2884744, 0.4680088), (0.139592, 0.303484, 0.472068), (0.1319568, 0.4552336, 0.5131072), (0.1336272, 0.4220344, 0.5041288), (0.139432, 0.306664, 0.472928), (0.1408336, 0.2788072, 0.4653944), (0.1412432, 0.2706664, 0.4631928), (0.139912, 0.297124, 0.470348), (0.1404432, 0.2865664, 0.4674928), (0.1421328, 0.2529856, 0.4584112), (0.1400208, 0.2949616, 0.4697632), (0.1353104, 0.3885808, 0.4950816), (0.137928, 0.336556, 0.481012), (0.1405648, 0.2841496, 0.4668392)] (
                interpolation = "vertex"
            )
            int[] protoIndices = [0, 0, 0, 0, 0, 0, 0, 0, 0, 0, 0, 0, 0, 0, 0, 0, 0, 0, 0, 0, 0, 0, 0, 0, 0, 0, 0, 0, 0, 0, 0, 0, 0, 0, 0, 0, 0, 0, 0, 0, 0, 0, 0, 0, 0, 0, 0, 0, 0, 0, 0, 0, 0, 0, 0, 0, 0, 0, 0, 0, 0, 0, 0, 0, 0, 0, 0, 0, 0, 0, 0, 0, 0, 0, 0, 0, 0, 0, 0, 0]
            rel prototypes = </World/Results/Citizens/Prototypes/Marker>
            custom string urbantwin:colorMeaning = "Per-citizen simulated comfort: blue = comfortable, red = poor experience."

            def "Prototypes"
            {
                def Sphere "Marker"
                {
                    color3f[] primvars:displayColor = [(0.9, 0.9, 0.9)]
                    double radius = 1.6
                }
            }
        }

        def Scope "Legend"
        {
            custom string urbantwin:caption = "crowding - left 0 (low) to right 1 (high)"

            def Mesh "Swatch_00"
            {
                float3[] extent = [(-360, -400, 2), (-347, -389, 2)]
                int[] faceVertexCounts = [4]
                int[] faceVertexIndices = [0, 1, 2, 3]
                point3f[] points = [(-360, -400, 2), (-347, -400, 2), (-347, -389, 2), (-360, -389, 2)]
                color3f[] primvars:displayColor = [(0.145, 0.196, 0.443)]
            }

            def Mesh "Swatch_01"
            {
                float3[] extent = [(-346, -400, 2), (-333, -389, 2)]
                int[] faceVertexCounts = [4]
                int[] faceVertexIndices = [0, 1, 2, 3]
                point3f[] points = [(-346, -400, 2), (-333, -400, 2), (-333, -389, 2), (-346, -389, 2)]
                color3f[] primvars:displayColor = [(0.1386, 0.3232, 0.4774)]
            }

            def Mesh "Swatch_02"
            {
                float3[] extent = [(-332, -400, 2), (-319, -389, 2)]
                int[] faceVertexCounts = [4]
                int[] faceVertexIndices = [0, 1, 2, 3]
                point3f[] points = [(-332, -400, 2), (-319, -400, 2), (-319, -389, 2), (-332, -389, 2)]
                color3f[] primvars:displayColor = [(0.1322, 0.4504, 0.5118)]
            }

            def Mesh "Swatch_03"
            {
                float3[] extent = [(-318, -400, 2), (-305, -389, 2)]
                int[] faceVertexCounts = [4]
                int[] faceVertexIndices = [0, 1, 2, 3]
                point3f[] points = [(-318, -400, 2), (-305, -400, 2), (-305, -389, 2), (-318, -389, 2)]
                color3f[] primvars:displayColor = [(0.275, 0.5744, 0.4788)]
            }

            def Mesh "Swatch_04"
            {
                float3[] extent = [(-304, -400, 2), (-291, -389, 2)]
                int[] faceVertexCounts = [4]
                int[] faceVertexIndices = [0, 1, 2, 3]
                point3f[] points = [(-304, -400, 2), (-291, -400, 2), (-291, -389, 2), (-304, -389, 2)]
                color3f[] primvars:displayColor = [(0.567, 0.6952, 0.3784)]
            }

            def Mesh "Swatch_05"
            {
                float3[] extent = [(-290, -400, 2), (-277, -389, 2)]
                int[] faceVertexCounts = [4]
                int[] faceVertexIndices = [0, 1, 2, 3]
                point3f[] points = [(-290, -400, 2), (-277, -400, 2), (-277, -389, 2), (-290, -389, 2)]
                color3f[] primvars:displayColor = [(0.859, 0.816, 0.278)]
            }

            def Mesh "Swatch_06"
            {
                float3[] extent = [(-276, -400, 2), (-263, -389, 2)]
                int[] faceVertexCounts = [4]
                int[] faceVertexIndices = [0, 1, 2, 3]
                point3f[] points = [(-276, -400, 2), (-263, -400, 2), (-263, -389, 2), (-276, -389, 2)]
                color3f[] primvars:displayColor = [(0.8746, 0.6984, 0.2372)]
            }

            def Mesh "Swatch_07"
            {
                float3[] extent = [(-262, -400, 2), (-249, -389, 2)]
                int[] faceVertexCounts = [4]
                int[] faceVertexIndices = [0, 1, 2, 3]
                point3f[] points = [(-262, -400, 2), (-249, -400, 2), (-249, -389, 2), (-262, -389, 2)]
                color3f[] primvars:displayColor = [(0.8902, 0.5808, 0.1964)]
            }

            def Mesh "Swatch_08"
            {
                float3[] extent = [(-248, -400, 2), (-235, -389, 2)]
                int[] faceVertexCounts = [4]
                int[] faceVertexIndices = [0, 1, 2, 3]
                point3f[] points = [(-248, -400, 2), (-235, -400, 2), (-235, -389, 2), (-248, -389, 2)]
                color3f[] primvars:displayColor = [(0.8408, 0.4388, 0.1674)]
            }

            def Mesh "Swatch_09"
            {
                float3[] extent = [(-234, -400, 2), (-221, -389, 2)]
                int[] faceVertexCounts = [4]
                int[] faceVertexIndices = [0, 1, 2, 3]
                point3f[] points = [(-234, -400, 2), (-221, -400, 2), (-221, -389, 2), (-234, -389, 2)]
                color3f[] primvars:displayColor = [(0.7264, 0.2724, 0.1502)]
            }

            def Mesh "Swatch_10"
            {
                float3[] extent = [(-220, -400, 2), (-207, -389, 2)]
                int[] faceVertexCounts = [4]
                int[] faceVertexIndices = [0, 1, 2, 3]
                point3f[] points = [(-220, -400, 2), (-207, -400, 2), (-207, -389, 2), (-220, -389, 2)]
                color3f[] primvars:displayColor = [(0.612, 0.106, 0.133)]
            }
        }
    }
}

