#usda 1.0
(
    defaultPrim = "World"
    doc = "Generated by phase9/recolor_paths.py from simulation_before.json metric=heat_exposure. Do not hand-edit."
    metersPerUnit = 1
    upAxis = "Z"
)

over "World"
{
    over "PedestrianPaths"
    {
        over "osm_w1006641958_n12388406510_n9287381288"
        {
            color3f[] primvars:displayColor = [(0.86754286, 0.42324287, 0.19640286)]
        }

        over "osm_w1006641958_n9287381288_n9287381273"
        {
            color3f[] primvars:displayColor = [(0.86754286, 0.42324287, 0.19640286)]
        }

        over "osm_w1006641959_n12388351600_n7524408719"
        {
            color3f[] primvars:displayColor = [(0.86754286, 0.42324287, 0.19640286)]
        }

        over "osm_w1006641959_n7524408719_n11699240743"
        {
            color3f[] primvars:displayColor = [(0.86754286, 0.42324287, 0.19640286)]
        }

        over "osm_w1029690778_n334630629_n2878857516"
        {
            color3f[] primvars:displayColor = [(0.90543336, 0.75250334, 0.45055)]
        }

        over "osm_w1229510374_n2878857522_n7523882004"
        {
            color3f[] primvars:displayColor = [(0.90543336, 0.75250334, 0.45055)]
        }

        over "osm_w1229510374_n7523882003_n1455585986"
        {
            color3f[] primvars:displayColor = [(0.90543336, 0.75250334, 0.45055)]
        }

        over "osm_w1229510374_n7523882004_n7523882003"
        {
            color3f[] primvars:displayColor = [(0.90543336, 0.75250334, 0.45055)]
        }

        over "osm_w1240966765_n11530332637_n11530332638"
        {
            color3f[] primvars:displayColor = [(0.922, 0.573, 0.2318)]
        }

        over "osm_w1240966766_n12292981944_n11530332637"
        {
            color3f[] primvars:displayColor = [(0.922, 0.573, 0.2318)]
        }

        over "osm_w1253424573_n11650666774_n6100203535"
        {
            color3f[] primvars:displayColor = [(0.93565714, 0.61055714, 0.24067715)]
        }

        over "osm_w1253424574_n11650666777_n14005090215"
        {
            color3f[] primvars:displayColor = [(0.9478, 0.65506, 0.2599)]
        }

        over "osm_w1253424574_n14005090215_n4360487615"
        {
            color3f[] primvars:displayColor = [(0.86754286, 0.42324287, 0.19640286)]
        }

        over "osm_w1253424574_n6100203537_n11650666777"
        {
            color3f[] primvars:displayColor = [(0.9478, 0.65506, 0.2599)]
        }

        over "osm_w1253424575_n11650666778_n11650666779"
        {
            color3f[] primvars:displayColor = [(0.93565714, 0.61055714, 0.24067715)]
        }

        over "osm_w1253424575_n6100203537_n11650666778"
        {
            color3f[] primvars:displayColor = [(0.93565714, 0.61055714, 0.24067715)]
        }

        over "osm_w1253424576_n11650666779_n11650666782"
        {
            color3f[] primvars:displayColor = [(0.93565714, 0.61055714, 0.24067715)]
        }

        over "osm_w1253424576_n11650666782_n11650666783"
        {
            color3f[] primvars:displayColor = [(0.93565714, 0.61055714, 0.24067715)]
        }

        over "osm_w1253424576_n11650666783_n11650666784"
        {
            color3f[] primvars:displayColor = [(0.93565714, 0.61055714, 0.24067715)]
        }

        over "osm_w1253424576_n11650666784_n11650666780"
        {
            color3f[] primvars:displayColor = [(0.93565714, 0.61055714, 0.24067715)]
        }

        over "osm_w1253425341_n11650682087_n12346709492"
        {
            color3f[] primvars:displayColor = [(0.86754286, 0.42324287, 0.19640286)]
        }

        over "osm_w1253425341_n11783244666_n11650682087"
        {
            color3f[] primvars:displayColor = [(0.86754286, 0.42324287, 0.19640286)]
        }

        over "osm_w1253425341_n11783244667_n11783244666"
        {
            color3f[] primvars:displayColor = [(0.86754286, 0.42324287, 0.19640286)]
        }

        over "osm_w1253425341_n11867637746_n12388329152"
        {
            color3f[] primvars:displayColor = [(0.86754286, 0.42324287, 0.19640286)]
        }

        over "osm_w1253425341_n12346709492_n11650682086"
        {
            color3f[] primvars:displayColor = [(0.86754286, 0.42324287, 0.19640286)]
        }

        over "osm_w1253425341_n12388329152_n11783244667"
        {
            color3f[] primvars:displayColor = [(0.86754286, 0.42324287, 0.19640286)]
        }

        over "osm_w1253425341_n12388329155_n11867637746"
        {
            color3f[] primvars:displayColor = [(0.86754286, 0.42324287, 0.19640286)]
        }

        over "osm_w1253425341_n12932620321_n12388329155"
        {
            color3f[] primvars:displayColor = [(0.86754286, 0.42324287, 0.19640286)]
        }

        over "osm_w1253425342_n11654506574_n11654506575"
        {
            color3f[] primvars:displayColor = [(0.86754286, 0.42324287, 0.19640286)]
        }

        over "osm_w1253425342_n11654506575_n11654506576"
        {
            color3f[] primvars:displayColor = [(0.86754286, 0.42324287, 0.19640286)]
        }

        over "osm_w1253425342_n11654506576_n11867637750"
        {
            color3f[] primvars:displayColor = [(0.86754286, 0.42324287, 0.19640286)]
        }

        over "osm_w1253425342_n11654506577_n11867637742"
        {
            color3f[] primvars:displayColor = [(0.86754286, 0.42324287, 0.19640286)]
        }

        over "osm_w1253425342_n11867637742_n12388329162"
        {
            color3f[] primvars:displayColor = [(0.86754286, 0.42324287, 0.19640286)]
        }

        over "osm_w1253425342_n11867637750_n11654506577"
        {
            color3f[] primvars:displayColor = [(0.86754286, 0.42324287, 0.19640286)]
        }

        over "osm_w1253425342_n12388329162_n12388329163"
        {
            color3f[] primvars:displayColor = [(0.86754286, 0.42324287, 0.19640286)]
        }

        over "osm_w1253425342_n12388329163_n12705626558"
        {
            color3f[] primvars:displayColor = [(0.86754286, 0.42324287, 0.19640286)]
        }

        over "osm_w1253425342_n12388406511_n12416671157"
        {
            color3f[] primvars:displayColor = [(0.86754286, 0.42324287, 0.19640286)]
        }

        over "osm_w1253425342_n12416671157_n11654506574"
        {
            color3f[] primvars:displayColor = [(0.86754286, 0.42324287, 0.19640286)]
        }

        over "osm_w1253425343_n11650682092_n12416671155"
        {
            color3f[] primvars:displayColor = [(0.86754286, 0.42324287, 0.19640286)]
        }

        over "osm_w1253425343_n11650682098_n4360487610"
        {
            color3f[] primvars:displayColor = [(0.9478, 0.65506, 0.2599)]
        }

        over "osm_w1253425343_n12346709493_n11650682098"
        {
            color3f[] primvars:displayColor = [(0.9478, 0.65506, 0.2599)]
        }

        over "osm_w1253425343_n12416671155_n12346709493"
        {
            color3f[] primvars:displayColor = [(0.93565714, 0.61055714, 0.24067715)]
        }

        over "osm_w1253425344_n11650682091_n11650682093"
        {
            color3f[] primvars:displayColor = [(0.86754286, 0.42324287, 0.19640286)]
        }

        over "osm_w1253425344_n11650682093_n12416671154"
        {
            color3f[] primvars:displayColor = [(0.86754286, 0.42324287, 0.19640286)]
        }

        over "osm_w1253425344_n12416671156_n4777961336"
        {
            color3f[] primvars:displayColor = [(0.86754286, 0.42324287, 0.19640286)]
        }

        over "osm_w1253425344_n4777961336_n11650682091"
        {
            color3f[] primvars:displayColor = [(0.86754286, 0.42324287, 0.19640286)]
        }

        over "osm_w1253425345_n11650682092_n11650682094"
        {
            color3f[] primvars:displayColor = [(0.86754286, 0.42324287, 0.19640286)]
        }

        over "osm_w1253425345_n11650682094_n11650682096"
        {
            color3f[] primvars:displayColor = [(0.86754286, 0.42324287, 0.19640286)]
        }

        over "osm_w1253425345_n11650682096_n12409633920"
        {
            color3f[] primvars:displayColor = [(0.922, 0.573, 0.2318)]
        }

        over "osm_w1253425345_n12409633920_n11650682095"
        {
            color3f[] primvars:displayColor = [(0.922, 0.573, 0.2318)]
        }

        over "osm_w1253425346_n11650682090_n11650682097"
        {
            color3f[] primvars:displayColor = [(0.86754286, 0.42324287, 0.19640286)]
        }

        over "osm_w1253777516_n11654079866_n13842516711"
        {
            color3f[] primvars:displayColor = [(0.90543336, 0.75250334, 0.45055)]
        }

        over "osm_w1253777516_n11654079867_n11654079866"
        {
            color3f[] primvars:displayColor = [(0.90543336, 0.75250334, 0.45055)]
        }

        over "osm_w1253777516_n11654079868_n11654079867"
        {
            color3f[] primvars:displayColor = [(0.90543336, 0.75250334, 0.45055)]
        }

        over "osm_w1253777516_n11654498569_n7555011012"
        {
            color3f[] primvars:displayColor = [(0.86754286, 0.42324287, 0.19640286)]
        }

        over "osm_w1253777516_n11654498570_n11654498569"
        {
            color3f[] primvars:displayColor = [(0.86754286, 0.42324287, 0.19640286)]
        }

        over "osm_w1253777516_n11654498571_n11654498570"
        {
            color3f[] primvars:displayColor = [(0.86754286, 0.42324287, 0.19640286)]
        }

        over "osm_w1253777516_n11833439516_n11654079868"
        {
            color3f[] primvars:displayColor = [(0.90543336, 0.75250334, 0.45055)]
        }

        over "osm_w1253777516_n13842516711_n13246215742"
        {
            color3f[] primvars:displayColor = [(0.90543336, 0.75250334, 0.45055)]
        }

        over "osm_w1253777516_n7555011012_n11833439516"
        {
            color3f[] primvars:displayColor = [(0.90543336, 0.75250334, 0.45055)]
        }

        over "osm_w1253778421_n11654086161_n11650682097"
        {
            color3f[] primvars:displayColor = [(0.86754286, 0.42324287, 0.19640286)]
        }

        over "osm_w1253778421_n11654086162_n11654086161"
        {
            color3f[] primvars:displayColor = [(0.86754286, 0.42324287, 0.19640286)]
        }

        over "osm_w1253778421_n11654086163_n11654432768"
        {
            color3f[] primvars:displayColor = [(0.86754286, 0.42324287, 0.19640286)]
        }

        over "osm_w1253778421_n11654086164_n11654086163"
        {
            color3f[] primvars:displayColor = [(0.86754286, 0.42324287, 0.19640286)]
        }

        over "osm_w1253778421_n11654086165_n11654512169"
        {
            color3f[] primvars:displayColor = [(0.86754286, 0.42324287, 0.19640286)]
        }

        over "osm_w1253778421_n11654086166_n11654086165"
        {
            color3f[] primvars:displayColor = [(0.86754286, 0.42324287, 0.19640286)]
        }

        over "osm_w1253778421_n11654086167_n12416665024"
        {
            color3f[] primvars:displayColor = [(0.86754286, 0.42324287, 0.19640286)]
        }

        over "osm_w1253778421_n11654086168_n11654086167"
        {
            color3f[] primvars:displayColor = [(0.86754286, 0.42324287, 0.19640286)]
        }

        over "osm_w1253778421_n11654432767_n11654086162"
        {
            color3f[] primvars:displayColor = [(0.86754286, 0.42324287, 0.19640286)]
        }

        over "osm_w1253778421_n11654432768_n11654432767"
        {
            color3f[] primvars:displayColor = [(0.86754286, 0.42324287, 0.19640286)]
        }

        over "osm_w1253778421_n11654506569_n12363291007"
        {
            color3f[] primvars:displayColor = [(0.86754286, 0.42324287, 0.19640286)]
        }

        over "osm_w1253778421_n11654506570_n11654506569"
        {
            color3f[] primvars:displayColor = [(0.86754286, 0.42324287, 0.19640286)]
        }

        over "osm_w1253778421_n11654506571_n11654506570"
        {
            color3f[] primvars:displayColor = [(0.86754286, 0.42324287, 0.19640286)]
        }

        over "osm_w1253778421_n11654512169_n11654086164"
        {
            color3f[] primvars:displayColor = [(0.86754286, 0.42324287, 0.19640286)]
        }

        over "osm_w1253778421_n12363291007_n11654086168"
        {
            color3f[] primvars:displayColor = [(0.86754286, 0.42324287, 0.19640286)]
        }

        over "osm_w1253778421_n12416665024_n11654086166"
        {
            color3f[] primvars:displayColor = [(0.86754286, 0.42324287, 0.19640286)]
        }

        over "osm_w1253778421_n9287381276_n11654506571"
        {
            color3f[] primvars:displayColor = [(0.86754286, 0.42324287, 0.19640286)]
        }

        over "osm_w1255049499_n11667014104_n11667014103"
        {
            color3f[] primvars:displayColor = [(0.86754286, 0.42324287, 0.19640286)]
        }

        over "osm_w1255049500_n4360487603_n11667014104"
        {
            color3f[] primvars:displayColor = [(0.9310857, 0.5979857, 0.23770571)]
        }

        over "osm_w1255049501_n11654070407_n4360487607"
        {
            color3f[] primvars:displayColor = [(0.86754286, 0.42324287, 0.19640286)]
        }

        over "osm_w1255049501_n11654070408_n11654070407"
        {
            color3f[] primvars:displayColor = [(0.86754286, 0.42324287, 0.19640286)]
        }

        over "osm_w1255049501_n11654070409_n11654070408"
        {
            color3f[] primvars:displayColor = [(0.922, 0.573, 0.2318)]
        }

        over "osm_w1255049501_n11667014102_n11654070409"
        {
            color3f[] primvars:displayColor = [(0.922, 0.573, 0.2318)]
        }

        over "osm_w1255049502_n11667014105_n4360487619"
        {
            color3f[] primvars:displayColor = [(0.922, 0.573, 0.2318)]
        }

        over "osm_w1255049502_n4360487619_n11667014102"
        {
            color3f[] primvars:displayColor = [(0.922, 0.573, 0.2318)]
        }

        over "osm_w1255050460_n7799409177_n7799480589"
        {
            color3f[] primvars:displayColor = [(0.86754286, 0.42324287, 0.19640286)]
        }

        over "osm_w1255050460_n7799409181_n7799409184"
        {
            color3f[] primvars:displayColor = [(0.86754286, 0.42324287, 0.19640286)]
        }

        over "osm_w1255050460_n7799409184_n7799409177"
        {
            color3f[] primvars:displayColor = [(0.86754286, 0.42324287, 0.19640286)]
        }

        over "osm_w1255050461_n7799480586_n11666947229"
        {
            color3f[] primvars:displayColor = [(0.86754286, 0.42324287, 0.19640286)]
        }

        over "osm_w1255050461_n7799480589_n7799480586"
        {
            color3f[] primvars:displayColor = [(0.86754286, 0.42324287, 0.19640286)]
        }

        over "osm_w1255054794_n12409633918_n11666838654"
        {
            color3f[] primvars:displayColor = [(0.86754286, 0.42324287, 0.19640286)]
        }

        over "osm_w1255054794_n4360487610_n12409633918"
        {
            color3f[] primvars:displayColor = [(0.86754286, 0.42324287, 0.19640286)]
        }

        over "osm_w1255054795_n11666838654_n4360487621"
        {
            color3f[] primvars:displayColor = [(0.86754286, 0.42324287, 0.19640286)]
        }

        over "osm_w1255054795_n4360487621_n11666838655"
        {
            color3f[] primvars:displayColor = [(0.86754286, 0.42324287, 0.19640286)]
        }

        over "osm_w1255054796_n11666838655_n12409732181"
        {
            color3f[] primvars:displayColor = [(0.86754286, 0.42324287, 0.19640286)]
        }

        over "osm_w1255054796_n12409732176_n11666838656"
        {
            color3f[] primvars:displayColor = [(0.86754286, 0.42324287, 0.19640286)]
        }

        over "osm_w1255054796_n12409732181_n12409732176"
        {
            color3f[] primvars:displayColor = [(0.86754286, 0.42324287, 0.19640286)]
        }

        over "osm_w1255054797_n11666838656_n4360514496"
        {
            color3f[] primvars:displayColor = [(0.86754286, 0.42324287, 0.19640286)]
        }

        over "osm_w1255054797_n4360514496_n11666838657"
        {
            color3f[] primvars:displayColor = [(0.86754286, 0.42324287, 0.19640286)]
        }

        over "osm_w1255054798_n11666838657_n11666838658"
        {
            color3f[] primvars:displayColor = [(0.86754286, 0.42324287, 0.19640286)]
        }

        over "osm_w1255054798_n11666838658_n11666838660"
        {
            color3f[] primvars:displayColor = [(0.86754286, 0.42324287, 0.19640286)]
        }

        over "osm_w1255054798_n11666838660_n11666838659"
        {
            color3f[] primvars:displayColor = [(0.86754286, 0.42324287, 0.19640286)]
        }

        over "osm_w1255054799_n13246215743_n7847723163"
        {
            color3f[] primvars:displayColor = [(0.86754286, 0.42324287, 0.19640286)]
        }

        over "osm_w1255054799_n7847723163_n13246215744"
        {
            color3f[] primvars:displayColor = [(0.86754286, 0.42324287, 0.19640286)]
        }

        over "osm_w1255054800_n4360516076_n11666838661"
        {
            color3f[] primvars:displayColor = [(0.86754286, 0.42324287, 0.19640286)]
        }

        over "osm_w1269101579_n11787361729_n12277849275"
        {
            color3f[] primvars:displayColor = [(0.86754286, 0.42324287, 0.19640286)]
        }

        over "osm_w1269101579_n12277849275_n13842100287"
        {
            color3f[] primvars:displayColor = [(0.86754286, 0.42324287, 0.19640286)]
        }

        over "osm_w1269101579_n12277849276_n12277849277"
        {
            color3f[] primvars:displayColor = [(0.86754286, 0.42324287, 0.19640286)]
        }

        over "osm_w1269101579_n12277849277_n12277849278"
        {
            color3f[] primvars:displayColor = [(0.86754286, 0.42324287, 0.19640286)]
        }

        over "osm_w1269101579_n12277849278_n12277849279"
        {
            color3f[] primvars:displayColor = [(0.86754286, 0.42324287, 0.19640286)]
        }

        over "osm_w1269101579_n12277849279_n13842100286"
        {
            color3f[] primvars:displayColor = [(0.86754286, 0.42324287, 0.19640286)]
        }

        over "osm_w1269101579_n12277849280_n12277849283"
        {
            color3f[] primvars:displayColor = [(0.86754286, 0.42324287, 0.19640286)]
        }

        over "osm_w1269101579_n12277849281_n12277849282"
        {
            color3f[] primvars:displayColor = [(0.86754286, 0.42324287, 0.19640286)]
        }

        over "osm_w1269101579_n12277849283_n12277849281"
        {
            color3f[] primvars:displayColor = [(0.86754286, 0.42324287, 0.19640286)]
        }

        over "osm_w1269101579_n13842100286_n12277849280"
        {
            color3f[] primvars:displayColor = [(0.86754286, 0.42324287, 0.19640286)]
        }

        over "osm_w1269101579_n13842100287_n12277849276"
        {
            color3f[] primvars:displayColor = [(0.86754286, 0.42324287, 0.19640286)]
        }

        over "osm_w1278349726_n11867637747_n3113617918"
        {
            color3f[] primvars:displayColor = [(0.86754286, 0.42324287, 0.19640286)]
        }

        over "osm_w1278349726_n3113617918_n11867637748"
        {
            color3f[] primvars:displayColor = [(0.86754286, 0.42324287, 0.19640286)]
        }

        over "osm_w1278349727_n11867637745_n11867637747"
        {
            color3f[] primvars:displayColor = [(0.86754286, 0.42324287, 0.19640286)]
        }

        over "osm_w1278349728_n11867637748_n12388329152"
        {
            color3f[] primvars:displayColor = [(0.86754286, 0.42324287, 0.19640286)]
        }

        over "osm_w1296733606_n12015818261_n12373976633"
        {
            color3f[] primvars:displayColor = [(0.9478, 0.65506, 0.2599)]
        }

        over "osm_w1296733606_n8998120945_n12015818261"
        {
            color3f[] primvars:displayColor = [(0.9478, 0.65506, 0.2599)]
        }

        over "osm_w1296733608_n12015818471_n12015818472"
        {
            color3f[] primvars:displayColor = [(0.8922, 0.78294, 0.5101)]
        }

        over "osm_w1296733608_n12015818472_n12015818473"
        {
            color3f[] primvars:displayColor = [(0.8922, 0.78294, 0.5101)]
        }

        over "osm_w1296733608_n12015818473_n12015818474"
        {
            color3f[] primvars:displayColor = [(0.8922, 0.78294, 0.5101)]
        }

        over "osm_w1296733608_n12015818474_n12388406512"
        {
            color3f[] primvars:displayColor = [(0.8922, 0.78294, 0.5101)]
        }

        over "osm_w1296733608_n12015818475_n12015818480"
        {
            color3f[] primvars:displayColor = [(0.86754286, 0.42324287, 0.19640286)]
        }

        over "osm_w1296733608_n12015818476_n12015818477"
        {
            color3f[] primvars:displayColor = [(0.86754286, 0.42324287, 0.19640286)]
        }

        over "osm_w1296733608_n12015818477_n12015818478"
        {
            color3f[] primvars:displayColor = [(0.86754286, 0.42324287, 0.19640286)]
        }

        over "osm_w1296733608_n12015818478_n12015818479"
        {
            color3f[] primvars:displayColor = [(0.86754286, 0.42324287, 0.19640286)]
        }

        over "osm_w1296733608_n12015818479_n11867596548"
        {
            color3f[] primvars:displayColor = [(0.86754286, 0.42324287, 0.19640286)]
        }

        over "osm_w1296733608_n12015818480_n12015818476"
        {
            color3f[] primvars:displayColor = [(0.86754286, 0.42324287, 0.19640286)]
        }

        over "osm_w1296733608_n12388406512_n12015818475"
        {
            color3f[] primvars:displayColor = [(0.86754286, 0.42324287, 0.19640286)]
        }

        over "osm_w1296734485_n12373976618_n12373976621"
        {
            color3f[] primvars:displayColor = [(0.9478, 0.65506, 0.2599)]
        }

        over "osm_w1296734485_n12373976621_n8998120957"
        {
            color3f[] primvars:displayColor = [(0.9478, 0.65506, 0.2599)]
        }

        over "osm_w1296734485_n12373976634_n12373976618"
        {
            color3f[] primvars:displayColor = [(0.9478, 0.65506, 0.2599)]
        }

        over "osm_w131668736_n11650666780_n12388406513"
        {
            color3f[] primvars:displayColor = [(0.93565714, 0.61055714, 0.24067715)]
        }

        over "osm_w131668736_n12388329148_n12388329154"
        {
            color3f[] primvars:displayColor = [(0.86754286, 0.42324287, 0.19640286)]
        }

        over "osm_w131668736_n12388329154_n12932620321"
        {
            color3f[] primvars:displayColor = [(0.86754286, 0.42324287, 0.19640286)]
        }

        over "osm_w131668736_n12388406513_n12388329148"
        {
            color3f[] primvars:displayColor = [(0.86754286, 0.42324287, 0.19640286)]
        }

        over "osm_w131668738_n12388329165_n12409510391"
        {
            color3f[] primvars:displayColor = [(0.9265714, 0.5855714, 0.23477143)]
        }

        over "osm_w131668738_n12388329166_n12388329165"
        {
            color3f[] primvars:displayColor = [(0.9265714, 0.5855714, 0.23477143)]
        }

        over "osm_w131668738_n12388329167_n12388329166"
        {
            color3f[] primvars:displayColor = [(0.9265714, 0.5855714, 0.23477143)]
        }

        over "osm_w131668738_n12388329168_n12388329167"
        {
            color3f[] primvars:displayColor = [(0.86754286, 0.42324287, 0.19640286)]
        }

        over "osm_w131668738_n12409510381_n12388329164"
        {
            color3f[] primvars:displayColor = [(0.86754286, 0.42324287, 0.19640286)]
        }

        over "osm_w131668738_n12409510391_n12409510381"
        {
            color3f[] primvars:displayColor = [(0.8948333, 0.7768833, 0.49825)]
        }

        over "osm_w1322714801_n12239622639_n13830234114"
        {
            color3f[] primvars:displayColor = [(0.86754286, 0.42324287, 0.19640286)]
        }

        over "osm_w1322714801_n12239622640_n12239622639"
        {
            color3f[] primvars:displayColor = [(0.86754286, 0.42324287, 0.19640286)]
        }

        over "osm_w1322714802_n12239622642_n12239622643"
        {
            color3f[] primvars:displayColor = [(0.922, 0.573, 0.2318)]
        }

        over "osm_w1322714802_n12239622643_n12239622644"
        {
            color3f[] primvars:displayColor = [(0.86754286, 0.42324287, 0.19640286)]
        }

        over "osm_w1322714802_n12239622644_n13842200869"
        {
            color3f[] primvars:displayColor = [(0.86754286, 0.42324287, 0.19640286)]
        }

        over "osm_w1322714802_n13842200869_n12239622640"
        {
            color3f[] primvars:displayColor = [(0.86754286, 0.42324287, 0.19640286)]
        }

        over "osm_w1322714802_n7799480589_n12239622642"
        {
            color3f[] primvars:displayColor = [(0.922, 0.573, 0.2318)]
        }

        over "osm_w1327147064_n12277849206_n12277849207"
        {
            color3f[] primvars:displayColor = [(0.86754286, 0.42324287, 0.19640286)]
        }

        over "osm_w1327147064_n12277849207_n12277849208"
        {
            color3f[] primvars:displayColor = [(0.86754286, 0.42324287, 0.19640286)]
        }

        over "osm_w1327147064_n12277849208_n12277849209"
        {
            color3f[] primvars:displayColor = [(0.86754286, 0.42324287, 0.19640286)]
        }

        over "osm_w1327147064_n12277849209_n12277849210"
        {
            color3f[] primvars:displayColor = [(0.86754286, 0.42324287, 0.19640286)]
        }

        over "osm_w1327147064_n12277849210_n12277849211"
        {
            color3f[] primvars:displayColor = [(0.86754286, 0.42324287, 0.19640286)]
        }

        over "osm_w1327147064_n12277849211_n12277849212"
        {
            color3f[] primvars:displayColor = [(0.86754286, 0.42324287, 0.19640286)]
        }

        over "osm_w1327147064_n12277849212_n12277849213"
        {
            color3f[] primvars:displayColor = [(0.86754286, 0.42324287, 0.19640286)]
        }

        over "osm_w1327147064_n12280787124_n12277849206"
        {
            color3f[] primvars:displayColor = [(0.86754286, 0.42324287, 0.19640286)]
        }

        over "osm_w1327147065_n12277849213_n6060034402"
        {
            color3f[] primvars:displayColor = [(0.86754286, 0.42324287, 0.19640286)]
        }

        over "osm_w1327147066_n12292980248_n12299677514"
        {
            color3f[] primvars:displayColor = [(0.86754286, 0.42324287, 0.19640286)]
        }

        over "osm_w1327147066_n12292980249_n12292980248"
        {
            color3f[] primvars:displayColor = [(0.86754286, 0.42324287, 0.19640286)]
        }

        over "osm_w1327147066_n12292980250_n12292980249"
        {
            color3f[] primvars:displayColor = [(0.86754286, 0.42324287, 0.19640286)]
        }

        over "osm_w1327147066_n12292980251_n12292980250"
        {
            color3f[] primvars:displayColor = [(0.86754286, 0.42324287, 0.19640286)]
        }

        over "osm_w1327147066_n12292980252_n12292980251"
        {
            color3f[] primvars:displayColor = [(0.86754286, 0.42324287, 0.19640286)]
        }

        over "osm_w1327147066_n12292980253_n12292980252"
        {
            color3f[] primvars:displayColor = [(0.86754286, 0.42324287, 0.19640286)]
        }

        over "osm_w1327147066_n12292980254_n12292980253"
        {
            color3f[] primvars:displayColor = [(0.86754286, 0.42324287, 0.19640286)]
        }

        over "osm_w1327147066_n12292980255_n12292980295"
        {
            color3f[] primvars:displayColor = [(0.86754286, 0.42324287, 0.19640286)]
        }

        over "osm_w1327147066_n12292980256_n12292980255"
        {
            color3f[] primvars:displayColor = [(0.86754286, 0.42324287, 0.19640286)]
        }

        over "osm_w1327147066_n12292980257_n12292980256"
        {
            color3f[] primvars:displayColor = [(0.86754286, 0.42324287, 0.19640286)]
        }

        over "osm_w1327147066_n12292980258_n12292980257"
        {
            color3f[] primvars:displayColor = [(0.86754286, 0.42324287, 0.19640286)]
        }

        over "osm_w1327147066_n12292980259_n12292980260"
        {
            color3f[] primvars:displayColor = [(0.86754286, 0.42324287, 0.19640286)]
        }

        over "osm_w1327147066_n12292980260_n12365328531"
        {
            color3f[] primvars:displayColor = [(0.86754286, 0.42324287, 0.19640286)]
        }

        over "osm_w1327147066_n12292980295_n12292980254"
        {
            color3f[] primvars:displayColor = [(0.86754286, 0.42324287, 0.19640286)]
        }

        over "osm_w1327147066_n12299677514_n12292980247"
        {
            color3f[] primvars:displayColor = [(0.86754286, 0.42324287, 0.19640286)]
        }

        over "osm_w1327147066_n12365328531_n12292980258"
        {
            color3f[] primvars:displayColor = [(0.86754286, 0.42324287, 0.19640286)]
        }

        over "osm_w1327147068_n12277849218_n6060034406"
        {
            color3f[] primvars:displayColor = [(0.86754286, 0.42324287, 0.19640286)]
        }

        over "osm_w1327147069_n12277849227_n12277849228"
        {
            color3f[] primvars:displayColor = [(0.86754286, 0.42324287, 0.19640286)]
        }

        over "osm_w1327147069_n12277849228_n12277849229"
        {
            color3f[] primvars:displayColor = [(0.86754286, 0.42324287, 0.19640286)]
        }

        over "osm_w1327147069_n12277849229_n12277849230"
        {
            color3f[] primvars:displayColor = [(0.86754286, 0.42324287, 0.19640286)]
        }

        over "osm_w1327147069_n12277849230_n12277849231"
        {
            color3f[] primvars:displayColor = [(0.86754286, 0.42324287, 0.19640286)]
        }

        over "osm_w1327147069_n12277849231_n12277849232"
        {
            color3f[] primvars:displayColor = [(0.86754286, 0.42324287, 0.19640286)]
        }

        over "osm_w1327147069_n12277849232_n12277849233"
        {
            color3f[] primvars:displayColor = [(0.86754286, 0.42324287, 0.19640286)]
        }

        over "osm_w1327147069_n12277849233_n12277849249"
        {
            color3f[] primvars:displayColor = [(0.86754286, 0.42324287, 0.19640286)]
        }

        over "osm_w1327147069_n12277849234_n12277849235"
        {
            color3f[] primvars:displayColor = [(0.86754286, 0.42324287, 0.19640286)]
        }

        over "osm_w1327147069_n12277849235_n12277849236"
        {
            color3f[] primvars:displayColor = [(0.86754286, 0.42324287, 0.19640286)]
        }

        over "osm_w1327147069_n12277849236_n12277849237"
        {
            color3f[] primvars:displayColor = [(0.86754286, 0.42324287, 0.19640286)]
        }

        over "osm_w1327147069_n12277849246_n12277849248"
        {
            color3f[] primvars:displayColor = [(0.86754286, 0.42324287, 0.19640286)]
        }

        over "osm_w1327147069_n12277849247_n12277849227"
        {
            color3f[] primvars:displayColor = [(0.86754286, 0.42324287, 0.19640286)]
        }

        over "osm_w1327147069_n12277849248_n12277849247"
        {
            color3f[] primvars:displayColor = [(0.86754286, 0.42324287, 0.19640286)]
        }

        over "osm_w1327147069_n12277849249_n12277849234"
        {
            color3f[] primvars:displayColor = [(0.86754286, 0.42324287, 0.19640286)]
        }

        over "osm_w1327147069_n12292980238_n12292980298"
        {
            color3f[] primvars:displayColor = [(0.86754286, 0.42324287, 0.19640286)]
        }

        over "osm_w1327147069_n12292980298_n12277849246"
        {
            color3f[] primvars:displayColor = [(0.86754286, 0.42324287, 0.19640286)]
        }

        over "osm_w1327147070_n6060034389_n12277849249"
        {
            color3f[] primvars:displayColor = [(0.86754286, 0.42324287, 0.19640286)]
        }

        over "osm_w1327147071_n12277849237_n12277849250"
        {
            color3f[] primvars:displayColor = [(0.86754286, 0.42324287, 0.19640286)]
        }

        over "osm_w1327147072_n12277849250_n12277849252"
        {
            color3f[] primvars:displayColor = [(0.86754286, 0.42324287, 0.19640286)]
        }

        over "osm_w1327147072_n12277849252_n12277849251"
        {
            color3f[] primvars:displayColor = [(0.86754286, 0.42324287, 0.19640286)]
        }

        over "osm_w1327147073_n12277849253_n12277849254"
        {
            color3f[] primvars:displayColor = [(0.86754286, 0.42324287, 0.19640286)]
        }

        over "osm_w1327147073_n12277849254_n12277849285"
        {
            color3f[] primvars:displayColor = [(0.86754286, 0.42324287, 0.19640286)]
        }

        over "osm_w1327147073_n12277849255_n12277849256"
        {
            color3f[] primvars:displayColor = [(0.86754286, 0.42324287, 0.19640286)]
        }

        over "osm_w1327147073_n12277849256_n12277849257"
        {
            color3f[] primvars:displayColor = [(0.86754286, 0.42324287, 0.19640286)]
        }

        over "osm_w1327147073_n12277849257_n12277849258"
        {
            color3f[] primvars:displayColor = [(0.86754286, 0.42324287, 0.19640286)]
        }

        over "osm_w1327147073_n12277849258_n12277849259"
        {
            color3f[] primvars:displayColor = [(0.86754286, 0.42324287, 0.19640286)]
        }

        over "osm_w1327147073_n12277849259_n12277849260"
        {
            color3f[] primvars:displayColor = [(0.86754286, 0.42324287, 0.19640286)]
        }

        over "osm_w1327147073_n12277849260_n12277849269"
        {
            color3f[] primvars:displayColor = [(0.86754286, 0.42324287, 0.19640286)]
        }

        over "osm_w1327147073_n12277849261_n12277849262"
        {
            color3f[] primvars:displayColor = [(0.86754286, 0.42324287, 0.19640286)]
        }

        over "osm_w1327147073_n12277849262_n12277849263"
        {
            color3f[] primvars:displayColor = [(0.86754286, 0.42324287, 0.19640286)]
        }

        over "osm_w1327147073_n12277849263_n12277849264"
        {
            color3f[] primvars:displayColor = [(0.86754286, 0.42324287, 0.19640286)]
        }

        over "osm_w1327147073_n12277849264_n12277849265"
        {
            color3f[] primvars:displayColor = [(0.86754286, 0.42324287, 0.19640286)]
        }

        over "osm_w1327147073_n12277849265_n12277849266"
        {
            color3f[] primvars:displayColor = [(0.86754286, 0.42324287, 0.19640286)]
        }

        over "osm_w1327147073_n12277849266_n12277849271"
        {
            color3f[] primvars:displayColor = [(0.86754286, 0.42324287, 0.19640286)]
        }

        over "osm_w1327147073_n12277849267_n12277849268"
        {
            color3f[] primvars:displayColor = [(0.86754286, 0.42324287, 0.19640286)]
        }

        over "osm_w1327147073_n12277849268_n12292981944"
        {
            color3f[] primvars:displayColor = [(0.86754286, 0.42324287, 0.19640286)]
        }

        over "osm_w1327147073_n12277849269_n12277849270"
        {
            color3f[] primvars:displayColor = [(0.86754286, 0.42324287, 0.19640286)]
        }

        over "osm_w1327147073_n12277849270_n12277849261"
        {
            color3f[] primvars:displayColor = [(0.86754286, 0.42324287, 0.19640286)]
        }

        over "osm_w1327147073_n12277849271_n12277849267"
        {
            color3f[] primvars:displayColor = [(0.86754286, 0.42324287, 0.19640286)]
        }

        over "osm_w1327147073_n12277849272_n12277849253"
        {
            color3f[] primvars:displayColor = [(0.86754286, 0.42324287, 0.19640286)]
        }

        over "osm_w1327147073_n12277849273_n12277849272"
        {
            color3f[] primvars:displayColor = [(0.86754286, 0.42324287, 0.19640286)]
        }

        over "osm_w1327147073_n12277849274_n12277849273"
        {
            color3f[] primvars:displayColor = [(0.86754286, 0.42324287, 0.19640286)]
        }

        over "osm_w1327147073_n12277849285_n12277849255"
        {
            color3f[] primvars:displayColor = [(0.86754286, 0.42324287, 0.19640286)]
        }

        over "osm_w1327147073_n12292981942_n13830469806"
        {
            color3f[] primvars:displayColor = [(0.86754286, 0.42324287, 0.19640286)]
        }

        over "osm_w1327147073_n12292981944_n12292981942"
        {
            color3f[] primvars:displayColor = [(0.86754286, 0.42324287, 0.19640286)]
        }

        over "osm_w1327147073_n13830469806_n12292981943"
        {
            color3f[] primvars:displayColor = [(0.86754286, 0.42324287, 0.19640286)]
        }

        over "osm_w1327147074_n12277849262_n12277849251"
        {
            color3f[] primvars:displayColor = [(0.86754286, 0.42324287, 0.19640286)]
        }

        over "osm_w1327147075_n11787361729_n12277849284"
        {
            color3f[] primvars:displayColor = [(0.86754286, 0.42324287, 0.19640286)]
        }

        over "osm_w1327147076_n12277849285_n12277849286"
        {
            color3f[] primvars:displayColor = [(0.86754286, 0.42324287, 0.19640286)]
        }

        over "osm_w1327147077_n12277849286_n12277849287"
        {
            color3f[] primvars:displayColor = [(0.86754286, 0.42324287, 0.19640286)]
        }

        over "osm_w1327147077_n12277849287_n12277849284"
        {
            color3f[] primvars:displayColor = [(0.86754286, 0.42324287, 0.19640286)]
        }

        over "osm_w1327435763_n4218360339_n12280787124"
        {
            color3f[] primvars:displayColor = [(0.86754286, 0.42324287, 0.19640286)]
        }

        over "osm_w1327435764_n12277849216_n4218360322"
        {
            color3f[] primvars:displayColor = [(0.86754286, 0.42324287, 0.19640286)]
        }

        over "osm_w1327435765_n12277849231_n12280787125"
        {
            color3f[] primvars:displayColor = [(0.86754286, 0.42324287, 0.19640286)]
        }

        over "osm_w1327435766_n12280787125_n12280787126"
        {
            color3f[] primvars:displayColor = [(0.86754286, 0.42324287, 0.19640286)]
        }

        over "osm_w1327435766_n12280787126_n4218360322"
        {
            color3f[] primvars:displayColor = [(0.86754286, 0.42324287, 0.19640286)]
        }

        over "osm_w1327608130_n12416657179_n12015818479"
        {
            color3f[] primvars:displayColor = [(0.86754286, 0.42324287, 0.19640286)]
        }

        over "osm_w1328705175_n6060034405_n12292980237"
        {
            color3f[] primvars:displayColor = [(0.86754286, 0.42324287, 0.19640286)]
        }

        over "osm_w1328705188_n12292980292_n12292980261"
        {
            color3f[] primvars:displayColor = [(0.86754286, 0.42324287, 0.19640286)]
        }

        over "osm_w1328705189_n12292980290_n12292980293"
        {
            color3f[] primvars:displayColor = [(0.86754286, 0.42324287, 0.19640286)]
        }

        over "osm_w1328705189_n12292980293_n12292980292"
        {
            color3f[] primvars:displayColor = [(0.86754286, 0.42324287, 0.19640286)]
        }

        over "osm_w1328706156_n12292981943_n12292981946"
        {
            color3f[] primvars:displayColor = [(0.86754286, 0.42324287, 0.19640286)]
        }

        over "osm_w1328706156_n12292981946_n12292981945"
        {
            color3f[] primvars:displayColor = [(0.86754286, 0.42324287, 0.19640286)]
        }

        over "osm_w1328706157_n12292981945_n12292981947"
        {
            color3f[] primvars:displayColor = [(0.86754286, 0.42324287, 0.19640286)]
        }

        over "osm_w1328706157_n12292981947_n12292981948"
        {
            color3f[] primvars:displayColor = [(0.86754286, 0.42324287, 0.19640286)]
        }

        over "osm_w1328706157_n12292981948_n12292981949"
        {
            color3f[] primvars:displayColor = [(0.86754286, 0.42324287, 0.19640286)]
        }

        over "osm_w1328706157_n12292981949_n12292981950"
        {
            color3f[] primvars:displayColor = [(0.86754286, 0.42324287, 0.19640286)]
        }

        over "osm_w1328706157_n12292981950_n12292981953"
        {
            color3f[] primvars:displayColor = [(0.86754286, 0.42324287, 0.19640286)]
        }

        over "osm_w1328706157_n12292981951_n12292981952"
        {
            color3f[] primvars:displayColor = [(0.86754286, 0.42324287, 0.19640286)]
        }

        over "osm_w1328706157_n12292981953_n12292981951"
        {
            color3f[] primvars:displayColor = [(0.86754286, 0.42324287, 0.19640286)]
        }

        over "osm_w1328706158_n12292981953_n12292981954"
        {
            color3f[] primvars:displayColor = [(0.86754286, 0.42324287, 0.19640286)]
        }

        over "osm_w1328706159_n12292981954_n12292981956"
        {
            color3f[] primvars:displayColor = [(0.86754286, 0.42324287, 0.19640286)]
        }

        over "osm_w1328706159_n12292981956_n12292981955"
        {
            color3f[] primvars:displayColor = [(0.86754286, 0.42324287, 0.19640286)]
        }

        over "osm_w1328706160_n12292981955_n12292981957"
        {
            color3f[] primvars:displayColor = [(0.86754286, 0.42324287, 0.19640286)]
        }

        over "osm_w1329405762_n6060034395_n12299677514"
        {
            color3f[] primvars:displayColor = [(0.86754286, 0.42324287, 0.19640286)]
        }

        over "osm_w1332944041_n12331606501_n6100203542"
        {
            color3f[] primvars:displayColor = [(0.922, 0.573, 0.2318)]
        }

        over "osm_w1334583239_n12346709469_n12409499686"
        {
            color3f[] primvars:displayColor = [(0.86754286, 0.42324287, 0.19640286)]
        }

        over "osm_w1334583239_n12346709476_n12346709469"
        {
            color3f[] primvars:displayColor = [(0.86754286, 0.42324287, 0.19640286)]
        }

        over "osm_w1334583239_n12409499686_n12346725537"
        {
            color3f[] primvars:displayColor = [(0.86754286, 0.42324287, 0.19640286)]
        }

        over "osm_w1334583240_n12346709477_n12346709471"
        {
            color3f[] primvars:displayColor = [(0.86754286, 0.42324287, 0.19640286)]
        }

        over "osm_w1334583242_n12346709474_n874743685"
        {
            color3f[] primvars:displayColor = [(0.86754286, 0.42324287, 0.19640286)]
        }

        over "osm_w1334583242_n874743685_n12346709475"
        {
            color3f[] primvars:displayColor = [(0.86754286, 0.42324287, 0.19640286)]
        }

        over "osm_w1334583243_n12346709476_n12346709474"
        {
            color3f[] primvars:displayColor = [(0.86754286, 0.42324287, 0.19640286)]
        }

        over "osm_w1334583244_n12346709475_n12346709477"
        {
            color3f[] primvars:displayColor = [(0.86754286, 0.42324287, 0.19640286)]
        }

        over "osm_w1334585713_n12346709490_n6121770913"
        {
            color3f[] primvars:displayColor = [(0.93565714, 0.61055714, 0.24067715)]
        }

        over "osm_w1334585713_n6121770913_n12346709491"
        {
            color3f[] primvars:displayColor = [(0.93565714, 0.61055714, 0.24067715)]
        }

        over "osm_w1334585714_n12346709490_n12346709492"
        {
            color3f[] primvars:displayColor = [(0.93565714, 0.61055714, 0.24067715)]
        }

        over "osm_w1334585715_n12346709491_n12346709493"
        {
            color3f[] primvars:displayColor = [(0.93565714, 0.61055714, 0.24067715)]
        }

        over "osm_w1336648755_n12363287487_n12363287488"
        {
            color3f[] primvars:displayColor = [(0.86754286, 0.42324287, 0.19640286)]
        }

        over "osm_w1336648755_n12363287488_n12363287489"
        {
            color3f[] primvars:displayColor = [(0.86754286, 0.42324287, 0.19640286)]
        }

        over "osm_w1336648755_n12363287489_n12409633934"
        {
            color3f[] primvars:displayColor = [(0.86754286, 0.42324287, 0.19640286)]
        }

        over "osm_w1336648755_n12409633934_n12363287490"
        {
            color3f[] primvars:displayColor = [(0.922, 0.573, 0.2318)]
        }

        over "osm_w1336648756_n11650682095_n12363287491"
        {
            color3f[] primvars:displayColor = [(0.86754286, 0.42324287, 0.19640286)]
        }

        over "osm_w1336648756_n12363287491_n12363287487"
        {
            color3f[] primvars:displayColor = [(0.86754286, 0.42324287, 0.19640286)]
        }

        over "osm_w1336648757_n12363287492_n13169314136"
        {
            color3f[] primvars:displayColor = [(0.86754286, 0.42324287, 0.19640286)]
        }

        over "osm_w1336648757_n12363287493_n12363287496"
        {
            color3f[] primvars:displayColor = [(0.86754286, 0.42324287, 0.19640286)]
        }

        over "osm_w1336648757_n12363287495_n12363287497"
        {
            color3f[] primvars:displayColor = [(0.86754286, 0.42324287, 0.19640286)]
        }

        over "osm_w1336648757_n12363287496_n12363287495"
        {
            color3f[] primvars:displayColor = [(0.86754286, 0.42324287, 0.19640286)]
        }

        over "osm_w1336648757_n12363287497_n12409633927"
        {
            color3f[] primvars:displayColor = [(0.86754286, 0.42324287, 0.19640286)]
        }

        over "osm_w1336648757_n12409633927_n12416657174"
        {
            color3f[] primvars:displayColor = [(0.86754286, 0.42324287, 0.19640286)]
        }

        over "osm_w1336648757_n12416657174_n12409633922"
        {
            color3f[] primvars:displayColor = [(0.86754286, 0.42324287, 0.19640286)]
        }

        over "osm_w1336648757_n13169314136_n12363287493"
        {
            color3f[] primvars:displayColor = [(0.86754286, 0.42324287, 0.19640286)]
        }

        over "osm_w1336648758_n12363287499_n12416665020"
        {
            color3f[] primvars:displayColor = [(0.86754286, 0.42324287, 0.19640286)]
        }

        over "osm_w1336648758_n12363287500_n12363287499"
        {
            color3f[] primvars:displayColor = [(0.86754286, 0.42324287, 0.19640286)]
        }

        over "osm_w1336648758_n12416665022_n12363287500"
        {
            color3f[] primvars:displayColor = [(0.86754286, 0.42324287, 0.19640286)]
        }

        over "osm_w1336648759_n12363287498_n11650682095"
        {
            color3f[] primvars:displayColor = [(0.86754286, 0.42324287, 0.19640286)]
        }

        over "osm_w1336648759_n12416665023_n12363287498"
        {
            color3f[] primvars:displayColor = [(0.86754286, 0.42324287, 0.19640286)]
        }

        over "osm_w1336877618_n12365328531_n12365328532"
        {
            color3f[] primvars:displayColor = [(0.86754286, 0.42324287, 0.19640286)]
        }

        over "osm_w1336877619_n12365328533_n12365328534"
        {
            color3f[] primvars:displayColor = [(0.86754286, 0.42324287, 0.19640286)]
        }

        over "osm_w1336877620_n11767206_n12365328532"
        {
            color3f[] primvars:displayColor = [(0.86754286, 0.42324287, 0.19640286)]
        }

        over "osm_w1336877620_n12365328534_n11767206"
        {
            color3f[] primvars:displayColor = [(0.86754286, 0.42324287, 0.19640286)]
        }

        over "osm_w1336877621_n12504573179_n13830225759"
        {
            color3f[] primvars:displayColor = [(0.86754286, 0.42324287, 0.19640286)]
        }

        over "osm_w1336877621_n12871400826_n12365328536"
        {
            color3f[] primvars:displayColor = [(0.86754286, 0.42324287, 0.19640286)]
        }

        over "osm_w1336877621_n13830225759_n12871400826"
        {
            color3f[] primvars:displayColor = [(0.86754286, 0.42324287, 0.19640286)]
        }

        over "osm_w1336877622_n12365328536_n12292981206"
        {
            color3f[] primvars:displayColor = [(0.86754286, 0.42324287, 0.19640286)]
        }

        over "osm_w1336877623_n12365328537_n12365328538"
        {
            color3f[] primvars:displayColor = [(0.86754286, 0.42324287, 0.19640286)]
        }

        over "osm_w1336877623_n12365328538_n12365328539"
        {
            color3f[] primvars:displayColor = [(0.86754286, 0.42324287, 0.19640286)]
        }

        over "osm_w1336877623_n12365328539_n12365328540"
        {
            color3f[] primvars:displayColor = [(0.86754286, 0.42324287, 0.19640286)]
        }

        over "osm_w1336877623_n12365328540_n12365328541"
        {
            color3f[] primvars:displayColor = [(0.86754286, 0.42324287, 0.19640286)]
        }

        over "osm_w1336877623_n12365328541_n12292981957"
        {
            color3f[] primvars:displayColor = [(0.86754286, 0.42324287, 0.19640286)]
        }

        over "osm_w1337345969_n12277849216_n12277849217"
        {
            color3f[] primvars:displayColor = [(0.86754286, 0.42324287, 0.19640286)]
        }

        over "osm_w1337345969_n12277849217_n12277849218"
        {
            color3f[] primvars:displayColor = [(0.86754286, 0.42324287, 0.19640286)]
        }

        over "osm_w1337345969_n12277849218_n12277849219"
        {
            color3f[] primvars:displayColor = [(0.86754286, 0.42324287, 0.19640286)]
        }

        over "osm_w1337345969_n12277849219_n13830225796"
        {
            color3f[] primvars:displayColor = [(0.86754286, 0.42324287, 0.19640286)]
        }

        over "osm_w1337345969_n12277849220_n12292980246"
        {
            color3f[] primvars:displayColor = [(0.86754286, 0.42324287, 0.19640286)]
        }

        over "osm_w1337345969_n12292980246_n12292980247"
        {
            color3f[] primvars:displayColor = [(0.86754286, 0.42324287, 0.19640286)]
        }

        over "osm_w1337345969_n13830225796_n12277849220"
        {
            color3f[] primvars:displayColor = [(0.86754286, 0.42324287, 0.19640286)]
        }

        over "osm_w1337345970_n12277849214_n12277849215"
        {
            color3f[] primvars:displayColor = [(0.86754286, 0.42324287, 0.19640286)]
        }

        over "osm_w1337345970_n12277849215_n12277849216"
        {
            color3f[] primvars:displayColor = [(0.86754286, 0.42324287, 0.19640286)]
        }

        over "osm_w1337345970_n12277849222_n12277849214"
        {
            color3f[] primvars:displayColor = [(0.86754286, 0.42324287, 0.19640286)]
        }

        over "osm_w1337345970_n12277849223_n12277849222"
        {
            color3f[] primvars:displayColor = [(0.86754286, 0.42324287, 0.19640286)]
        }

        over "osm_w1337345970_n12277849224_n12277849223"
        {
            color3f[] primvars:displayColor = [(0.86754286, 0.42324287, 0.19640286)]
        }

        over "osm_w1337345970_n12277849225_n12277849224"
        {
            color3f[] primvars:displayColor = [(0.86754286, 0.42324287, 0.19640286)]
        }

        over "osm_w1337345970_n12277849226_n12277849225"
        {
            color3f[] primvars:displayColor = [(0.86754286, 0.42324287, 0.19640286)]
        }

        over "osm_w1337345970_n12292981202_n12277849226"
        {
            color3f[] primvars:displayColor = [(0.86754286, 0.42324287, 0.19640286)]
        }

        over "osm_w1337345970_n12292981203_n12292981202"
        {
            color3f[] primvars:displayColor = [(0.86754286, 0.42324287, 0.19640286)]
        }

        over "osm_w1337345970_n12292981204_n12292981203"
        {
            color3f[] primvars:displayColor = [(0.86754286, 0.42324287, 0.19640286)]
        }

        over "osm_w1337345970_n12292981205_n12292981204"
        {
            color3f[] primvars:displayColor = [(0.86754286, 0.42324287, 0.19640286)]
        }

        over "osm_w1337345970_n12292981206_n12292981205"
        {
            color3f[] primvars:displayColor = [(0.86754286, 0.42324287, 0.19640286)]
        }

        over "osm_w1337345971_n12292980262_n12292980263"
        {
            color3f[] primvars:displayColor = [(0.86754286, 0.42324287, 0.19640286)]
        }

        over "osm_w1337345971_n12292980263_n12292980264"
        {
            color3f[] primvars:displayColor = [(0.86754286, 0.42324287, 0.19640286)]
        }

        over "osm_w1337345971_n12292980264_n12365328533"
        {
            color3f[] primvars:displayColor = [(0.86754286, 0.42324287, 0.19640286)]
        }

        over "osm_w1337345971_n12365328533_n12292980265"
        {
            color3f[] primvars:displayColor = [(0.86754286, 0.42324287, 0.19640286)]
        }

        over "osm_w1337745925_n12015827316_n12373976626"
        {
            color3f[] primvars:displayColor = [(0.9478, 0.65506, 0.2599)]
        }

        over "osm_w1337745925_n12373976616_n12431273156"
        {
            color3f[] primvars:displayColor = [(0.9478, 0.65506, 0.2599)]
        }

        over "osm_w1337745925_n12373976623_n12015827316"
        {
            color3f[] primvars:displayColor = [(0.9478, 0.65506, 0.2599)]
        }

        over "osm_w1337745925_n12431273156_n12373976623"
        {
            color3f[] primvars:displayColor = [(0.9478, 0.65506, 0.2599)]
        }

        over "osm_w1337745929_n12373976624_n4222962171"
        {
            color3f[] primvars:displayColor = [(0.9478, 0.65506, 0.2599)]
        }

        over "osm_w1337745929_n4222962171_n12373976625"
        {
            color3f[] primvars:displayColor = [(0.9478, 0.65506, 0.2599)]
        }

        over "osm_w1337745930_n12373976624_n12373976626"
        {
            color3f[] primvars:displayColor = [(0.9478, 0.65506, 0.2599)]
        }

        over "osm_w1337745931_n4222962142_n7195621925"
        {
            color3f[] primvars:displayColor = [(0.9478, 0.65506, 0.2599)]
        }

        over "osm_w1337745931_n7195621925_n4222962151"
        {
            color3f[] primvars:displayColor = [(0.9478, 0.65506, 0.2599)]
        }

        over "osm_w1337745932_n12373976628_n12373976630"
        {
            color3f[] primvars:displayColor = [(0.9478, 0.65506, 0.2599)]
        }

        over "osm_w1337745932_n12373976629_n12373976628"
        {
            color3f[] primvars:displayColor = [(0.9478, 0.65506, 0.2599)]
        }

        over "osm_w1337745933_n4222962151_n12373976629"
        {
            color3f[] primvars:displayColor = [(0.9478, 0.65506, 0.2599)]
        }

        over "osm_w1337745934_n12373976625_n12373976630"
        {
            color3f[] primvars:displayColor = [(0.9478, 0.65506, 0.2599)]
        }

        over "osm_w1337745937_n12373976633_n12373976637"
        {
            color3f[] primvars:displayColor = [(0.9478, 0.65506, 0.2599)]
        }

        over "osm_w1337745938_n12373976635_n12373976634"
        {
            color3f[] primvars:displayColor = [(0.9478, 0.65506, 0.2599)]
        }

        over "osm_w1337745939_n12373976635_n12373976636"
        {
            color3f[] primvars:displayColor = [(0.9478, 0.65506, 0.2599)]
        }

        over "osm_w1337745939_n12373976636_n12373976637"
        {
            color3f[] primvars:displayColor = [(0.9478, 0.65506, 0.2599)]
        }

        over "osm_w1338975872_n12385543967_n3113622352"
        {
            color3f[] primvars:displayColor = [(0.86754286, 0.42324287, 0.19640286)]
        }

        over "osm_w1338975872_n3113622352_n12385543968"
        {
            color3f[] primvars:displayColor = [(0.86754286, 0.42324287, 0.19640286)]
        }

        over "osm_w1339251243_n12015818471_n12388329160"
        {
            color3f[] primvars:displayColor = [(0.8922, 0.78294, 0.5101)]
        }

        over "osm_w1339251243_n12388329157_n12388329158"
        {
            color3f[] primvars:displayColor = [(0.8922, 0.78294, 0.5101)]
        }

        over "osm_w1339251243_n12388329158_n12388329161"
        {
            color3f[] primvars:displayColor = [(0.8922, 0.78294, 0.5101)]
        }

        over "osm_w1339251243_n12388329160_n12388329157"
        {
            color3f[] primvars:displayColor = [(0.8922, 0.78294, 0.5101)]
        }

        over "osm_w1339251243_n12388329161_n12409510388"
        {
            color3f[] primvars:displayColor = [(0.86754286, 0.42324287, 0.19640286)]
        }

        over "osm_w1339251243_n12409510388_n12346709471"
        {
            color3f[] primvars:displayColor = [(0.86754286, 0.42324287, 0.19640286)]
        }

        over "osm_w1339251244_n12385543968_n12388329161"
        {
            color3f[] primvars:displayColor = [(0.86754286, 0.42324287, 0.19640286)]
        }

        over "osm_w1339251245_n12388329167_n12385543967"
        {
            color3f[] primvars:displayColor = [(0.86754286, 0.42324287, 0.19640286)]
        }

        over "osm_w1339258141_n12388351600_n12388406501"
        {
            color3f[] primvars:displayColor = [(0.86754286, 0.42324287, 0.19640286)]
        }

        over "osm_w1339258142_n12388406501_n12388406503"
        {
            color3f[] primvars:displayColor = [(0.86754286, 0.42324287, 0.19640286)]
        }

        over "osm_w1339258142_n12388406504_n12388406505"
        {
            color3f[] primvars:displayColor = [(0.86754286, 0.42324287, 0.19640286)]
        }

        over "osm_w1339258142_n12388406505_n12388406506"
        {
            color3f[] primvars:displayColor = [(0.86754286, 0.42324287, 0.19640286)]
        }

        over "osm_w1339258142_n13169314138_n12388406501"
        {
            color3f[] primvars:displayColor = [(0.86754286, 0.42324287, 0.19640286)]
        }

        over "osm_w1339258143_n11699240743_n9287381276"
        {
            color3f[] primvars:displayColor = [(0.86754286, 0.42324287, 0.19640286)]
        }

        over "osm_w1339258145_n12388406507_n12388406508"
        {
            color3f[] primvars:displayColor = [(0.86754286, 0.42324287, 0.19640286)]
        }

        over "osm_w1339258145_n12388406508_n12388406509"
        {
            color3f[] primvars:displayColor = [(0.86754286, 0.42324287, 0.19640286)]
        }

        over "osm_w1339258145_n12388406509_n12388406511"
        {
            color3f[] primvars:displayColor = [(0.86754286, 0.42324287, 0.19640286)]
        }

        over "osm_w1339258145_n9287381276_n12388406507"
        {
            color3f[] primvars:displayColor = [(0.86754286, 0.42324287, 0.19640286)]
        }

        over "osm_w1339258146_n9287381273_n12388406512"
        {
            color3f[] primvars:displayColor = [(0.86754286, 0.42324287, 0.19640286)]
        }

        over "osm_w1339258147_n12388406513_n12388406514"
        {
            color3f[] primvars:displayColor = [(0.93565714, 0.61055714, 0.24067715)]
        }

        over "osm_w1339258148_n11170906143_n2453162761"
        {
            color3f[] primvars:displayColor = [(0.93565714, 0.61055714, 0.24067715)]
        }

        over "osm_w1339258148_n12388406514_n11170906143"
        {
            color3f[] primvars:displayColor = [(0.93565714, 0.61055714, 0.24067715)]
        }

        over "osm_w1339258148_n2453162761_n12388406515"
        {
            color3f[] primvars:displayColor = [(0.93565714, 0.61055714, 0.24067715)]
        }

        over "osm_w1339258149_n12388406515_n12388406516"
        {
            color3f[] primvars:displayColor = [(0.93565714, 0.61055714, 0.24067715)]
        }

        over "osm_w1339797799_n8979782879_n12393377080"
        {
            color3f[] primvars:displayColor = [(0.9478, 0.65506, 0.2599)]
        }

        over "osm_w1339797800_n12507067600_n4360454514"
        {
            color3f[] primvars:displayColor = [(0.86754286, 0.42324287, 0.19640286)]
        }

        over "osm_w1339797801_n4360454514_n12393377082"
        {
            color3f[] primvars:displayColor = [(0.86754286, 0.42324287, 0.19640286)]
        }

        over "osm_w1339797802_n4360454512_n5371393014"
        {
            color3f[] primvars:displayColor = [(0.86754286, 0.42324287, 0.19640286)]
        }

        over "osm_w1339797804_n12373976616_n12393377084"
        {
            color3f[] primvars:displayColor = [(0.9478, 0.65506, 0.2599)]
        }

        over "osm_w1339797805_n12393377080_n12393377085"
        {
            color3f[] primvars:displayColor = [(0.9478, 0.65506, 0.2599)]
        }

        over "osm_w1339797806_n12393377084_n12393377086"
        {
            color3f[] primvars:displayColor = [(0.9478, 0.65506, 0.2599)]
        }

        over "osm_w1339797806_n12393377086_n12393377085"
        {
            color3f[] primvars:displayColor = [(0.9478, 0.65506, 0.2599)]
        }

        over "osm_w1339799301_n12292980282_n12393569433"
        {
            color3f[] primvars:displayColor = [(0.86754286, 0.42324287, 0.19640286)]
        }

        over "osm_w1339799301_n5371393013_n12292980282"
        {
            color3f[] primvars:displayColor = [(0.86754286, 0.42324287, 0.19640286)]
        }

        over "osm_w1339802965_n12393412240_n12393412241"
        {
            color3f[] primvars:displayColor = [(0.93565714, 0.61055714, 0.24067715)]
        }

        over "osm_w1339802965_n12393412241_n12393412242"
        {
            color3f[] primvars:displayColor = [(0.93565714, 0.61055714, 0.24067715)]
        }

        over "osm_w1339802965_n12393412242_n11650666774"
        {
            color3f[] primvars:displayColor = [(0.93565714, 0.61055714, 0.24067715)]
        }

        over "osm_w1339802966_n6100203535_n12393412243"
        {
            color3f[] primvars:displayColor = [(0.93565714, 0.61055714, 0.24067715)]
        }

        over "osm_w1339802967_n6100203537_n12393412244"
        {
            color3f[] primvars:displayColor = [(0.93565714, 0.61055714, 0.24067715)]
        }

        over "osm_w1339802968_n12393412245_n12393412250"
        {
            color3f[] primvars:displayColor = [(0.86754286, 0.42324287, 0.19640286)]
        }

        over "osm_w1339802968_n12393412250_n12393412246"
        {
            color3f[] primvars:displayColor = [(0.93565714, 0.61055714, 0.24067715)]
        }

        over "osm_w1339802969_n12393412240_n12393412247"
        {
            color3f[] primvars:displayColor = [(0.93565714, 0.61055714, 0.24067715)]
        }

        over "osm_w1339802970_n12393412247_n4955757617"
        {
            color3f[] primvars:displayColor = [(0.93565714, 0.61055714, 0.24067715)]
        }

        over "osm_w1339802970_n4955757617_n12393412246"
        {
            color3f[] primvars:displayColor = [(0.93565714, 0.61055714, 0.24067715)]
        }

        over "osm_w1339802971_n12393412250_n12393412249"
        {
            color3f[] primvars:displayColor = [(0.86754286, 0.42324287, 0.19640286)]
        }

        over "osm_w1339802972_n12393412249_n1879123345"
        {
            color3f[] primvars:displayColor = [(0.86754286, 0.42324287, 0.19640286)]
        }

        over "osm_w1339802972_n1879123345_n4360514495"
        {
            color3f[] primvars:displayColor = [(0.86754286, 0.42324287, 0.19640286)]
        }

        over "osm_w1339802973_n8094733009_n12393412251"
        {
            color3f[] primvars:displayColor = [(0.86754286, 0.42324287, 0.19640286)]
        }

        over "osm_w1339802975_n12393412252_n5373782215"
        {
            color3f[] primvars:displayColor = [(0.86754286, 0.42324287, 0.19640286)]
        }

        over "osm_w1339818149_n12393753370_n4360486827"
        {
            color3f[] primvars:displayColor = [(0.922, 0.573, 0.2318)]
        }

        over "osm_w1339818151_n12393556857_n12393556858"
        {
            color3f[] primvars:displayColor = [(0.86754286, 0.42324287, 0.19640286)]
        }

        over "osm_w1339818151_n12393556858_n11667014104"
        {
            color3f[] primvars:displayColor = [(0.86754286, 0.42324287, 0.19640286)]
        }

        over "osm_w1339818153_n12393556859_n12393556860"
        {
            color3f[] primvars:displayColor = [(0.922, 0.573, 0.2318)]
        }

        over "osm_w1339818153_n12393556860_n12393556861"
        {
            color3f[] primvars:displayColor = [(0.922, 0.573, 0.2318)]
        }

        over "osm_w1339818153_n12393556865_n6052618944"
        {
            color3f[] primvars:displayColor = [(0.86754286, 0.42324287, 0.19640286)]
        }

        over "osm_w1339818153_n12393556866_n12393556865"
        {
            color3f[] primvars:displayColor = [(0.86754286, 0.42324287, 0.19640286)]
        }

        over "osm_w1339818153_n6052618944_n12393556859"
        {
            color3f[] primvars:displayColor = [(0.922, 0.573, 0.2318)]
        }

        over "osm_w1339818154_n12393556862_n4360460591"
        {
            color3f[] primvars:displayColor = [(0.86754286, 0.42324287, 0.19640286)]
        }

        over "osm_w1339818155_n4360460584_n12393556865"
        {
            color3f[] primvars:displayColor = [(0.86754286, 0.42324287, 0.19640286)]
        }

        over "osm_w1339818156_n12393556863_n12393556867"
        {
            color3f[] primvars:displayColor = [(0.86754286, 0.42324287, 0.19640286)]
        }

        over "osm_w1339818157_n12393556868_n12393556871"
        {
            color3f[] primvars:displayColor = [(0.86754286, 0.42324287, 0.19640286)]
        }

        over "osm_w1339818157_n12393556871_n12292980259"
        {
            color3f[] primvars:displayColor = [(0.86754286, 0.42324287, 0.19640286)]
        }

        over "osm_w1339818158_n12393556866_n12393556869"
        {
            color3f[] primvars:displayColor = [(0.86754286, 0.42324287, 0.19640286)]
        }

        over "osm_w1339818158_n12393556869_n12393556868"
        {
            color3f[] primvars:displayColor = [(0.86754286, 0.42324287, 0.19640286)]
        }

        over "osm_w1339818159_n12393556870_n12393556871"
        {
            color3f[] primvars:displayColor = [(0.86754286, 0.42324287, 0.19640286)]
        }

        over "osm_w1339818160_n12393556867_n4360460587"
        {
            color3f[] primvars:displayColor = [(0.86754286, 0.42324287, 0.19640286)]
        }

        over "osm_w1339818160_n4360460587_n12393556870"
        {
            color3f[] primvars:displayColor = [(0.86754286, 0.42324287, 0.19640286)]
        }

        over "osm_w1339818577_n12393556864_n12393569434"
        {
            color3f[] primvars:displayColor = [(0.86754286, 0.42324287, 0.19640286)]
        }

        over "osm_w1339818577_n12393569437_n12393556864"
        {
            color3f[] primvars:displayColor = [(0.86754286, 0.42324287, 0.19640286)]
        }

        over "osm_w1339818577_n4360460591_n12393569437"
        {
            color3f[] primvars:displayColor = [(0.86754286, 0.42324287, 0.19640286)]
        }

        over "osm_w1339818578_n12393569433_n12393569435"
        {
            color3f[] primvars:displayColor = [(0.86754286, 0.42324287, 0.19640286)]
        }

        over "osm_w1339818578_n12393569435_n12393569434"
        {
            color3f[] primvars:displayColor = [(0.86754286, 0.42324287, 0.19640286)]
        }

        over "osm_w1339844951_n12393753360_n12393753361"
        {
            color3f[] primvars:displayColor = [(0.86754286, 0.42324287, 0.19640286)]
        }

        over "osm_w1339844951_n12393753361_n12393753362"
        {
            color3f[] primvars:displayColor = [(0.86754286, 0.42324287, 0.19640286)]
        }

        over "osm_w1339844951_n12393753362_n12393753372"
        {
            color3f[] primvars:displayColor = [(0.86754286, 0.42324287, 0.19640286)]
        }

        over "osm_w1339844951_n12393753363_n12393753364"
        {
            color3f[] primvars:displayColor = [(0.86754286, 0.42324287, 0.19640286)]
        }

        over "osm_w1339844951_n12393753364_n12393753365"
        {
            color3f[] primvars:displayColor = [(0.86754286, 0.42324287, 0.19640286)]
        }

        over "osm_w1339844951_n12393753365_n12393753366"
        {
            color3f[] primvars:displayColor = [(0.86754286, 0.42324287, 0.19640286)]
        }

        over "osm_w1339844951_n12393753366_n12393753367"
        {
            color3f[] primvars:displayColor = [(0.86754286, 0.42324287, 0.19640286)]
        }

        over "osm_w1339844951_n12393753367_n12393753368"
        {
            color3f[] primvars:displayColor = [(0.86754286, 0.42324287, 0.19640286)]
        }

        over "osm_w1339844951_n12393753368_n12393753369"
        {
            color3f[] primvars:displayColor = [(0.86754286, 0.42324287, 0.19640286)]
        }

        over "osm_w1339844951_n12393753369_n12393753350"
        {
            color3f[] primvars:displayColor = [(0.86754286, 0.42324287, 0.19640286)]
        }

        over "osm_w1339844951_n12393753372_n12393753363"
        {
            color3f[] primvars:displayColor = [(0.86754286, 0.42324287, 0.19640286)]
        }

        over "osm_w1339847627_n12393855006_n13840037579"
        {
            color3f[] primvars:displayColor = [(0.86754286, 0.42324287, 0.19640286)]
        }

        over "osm_w1339847627_n12393855007_n13840037577"
        {
            color3f[] primvars:displayColor = [(0.86754286, 0.42324287, 0.19640286)]
        }

        over "osm_w1339847627_n12393855011_n12393855006"
        {
            color3f[] primvars:displayColor = [(0.86754286, 0.42324287, 0.19640286)]
        }

        over "osm_w1339847627_n13840037577_n12393855012"
        {
            color3f[] primvars:displayColor = [(0.86754286, 0.42324287, 0.19640286)]
        }

        over "osm_w1339847627_n13840037579_n12393855007"
        {
            color3f[] primvars:displayColor = [(0.86754286, 0.42324287, 0.19640286)]
        }

        over "osm_w1339847628_n11667014103_n12393855009"
        {
            color3f[] primvars:displayColor = [(0.86754286, 0.42324287, 0.19640286)]
        }

        over "osm_w1339847628_n12393855009_n12393855011"
        {
            color3f[] primvars:displayColor = [(0.86754286, 0.42324287, 0.19640286)]
        }

        over "osm_w1339847629_n12393855012_n12393855014"
        {
            color3f[] primvars:displayColor = [(0.86754286, 0.42324287, 0.19640286)]
        }

        over "osm_w1339847629_n12393855014_n12393855013"
        {
            color3f[] primvars:displayColor = [(0.86754286, 0.42324287, 0.19640286)]
        }

        over "osm_w1339847630_n12239622643_n12393855013"
        {
            color3f[] primvars:displayColor = [(0.86754286, 0.42324287, 0.19640286)]
        }

        over "osm_w1340346024_n12398374313_n12416657163"
        {
            color3f[] primvars:displayColor = [(0.9265714, 0.5855714, 0.23477143)]
        }

        over "osm_w1340346024_n12398374314_n12398374313"
        {
            color3f[] primvars:displayColor = [(0.9265714, 0.5855714, 0.23477143)]
        }

        over "osm_w1340346024_n9092918245_n12398374314"
        {
            color3f[] primvars:displayColor = [(0.9265714, 0.5855714, 0.23477143)]
        }

        over "osm_w1341548986_n12409510389_n12409510381"
        {
            color3f[] primvars:displayColor = [(0.86754286, 0.42324287, 0.19640286)]
        }

        over "osm_w1341548988_n12346725537_n12409510386"
        {
            color3f[] primvars:displayColor = [(0.86754286, 0.42324287, 0.19640286)]
        }

        over "osm_w1341548988_n12409510386_n12388329164"
        {
            color3f[] primvars:displayColor = [(0.86754286, 0.42324287, 0.19640286)]
        }

        over "osm_w1341564507_n12409633922_n12363287494"
        {
            color3f[] primvars:displayColor = [(0.86754286, 0.42324287, 0.19640286)]
        }

        over "osm_w1341564508_n12409633923_n12363287494"
        {
            color3f[] primvars:displayColor = [(0.86754286, 0.42324287, 0.19640286)]
        }

        over "osm_w1341564509_n12409633923_n12409633924"
        {
            color3f[] primvars:displayColor = [(0.86754286, 0.42324287, 0.19640286)]
        }

        over "osm_w1341564515_n12409633930_n12409633931"
        {
            color3f[] primvars:displayColor = [(0.86754286, 0.42324287, 0.19640286)]
        }

        over "osm_w1341564516_n12409633930_n12409633932"
        {
            color3f[] primvars:displayColor = [(0.86754286, 0.42324287, 0.19640286)]
        }

        over "osm_w1341564517_n12409633933_n12409633931"
        {
            color3f[] primvars:displayColor = [(0.86754286, 0.42324287, 0.19640286)]
        }

        over "osm_w1341564518_n12409633933_n12409633934"
        {
            color3f[] primvars:displayColor = [(0.86754286, 0.42324287, 0.19640286)]
        }

        over "osm_w1341564519_n12409633932_n12409633935"
        {
            color3f[] primvars:displayColor = [(0.86754286, 0.42324287, 0.19640286)]
        }

        over "osm_w1341564519_n12409633935_n12409633936"
        {
            color3f[] primvars:displayColor = [(0.86754286, 0.42324287, 0.19640286)]
        }

        over "osm_w1341564519_n12409633936_n11666838657"
        {
            color3f[] primvars:displayColor = [(0.86754286, 0.42324287, 0.19640286)]
        }

        over "osm_w1341564519_n8972731438_n12409633932"
        {
            color3f[] primvars:displayColor = [(0.86754286, 0.42324287, 0.19640286)]
        }

        over "osm_w1341577250_n12409732176_n12409732174"
        {
            color3f[] primvars:displayColor = [(0.922, 0.573, 0.2318)]
        }

        over "osm_w1341577251_n12409732174_n5276526474"
        {
            color3f[] primvars:displayColor = [(0.922, 0.573, 0.2318)]
        }

        over "osm_w1341577251_n5276526474_n12409732175"
        {
            color3f[] primvars:displayColor = [(0.922, 0.573, 0.2318)]
        }

        over "osm_w1341577254_n12409732184_n12409732187"
        {
            color3f[] primvars:displayColor = [(0.922, 0.573, 0.2318)]
        }

        over "osm_w1341577255_n12409732176_n12409732185"
        {
            color3f[] primvars:displayColor = [(0.922, 0.573, 0.2318)]
        }

        over "osm_w1341577255_n12409732185_n12409732186"
        {
            color3f[] primvars:displayColor = [(0.922, 0.573, 0.2318)]
        }

        over "osm_w1341577255_n12409732186_n12409732184"
        {
            color3f[] primvars:displayColor = [(0.922, 0.573, 0.2318)]
        }

        over "osm_w1341577256_n12409732187_n12409732188"
        {
            color3f[] primvars:displayColor = [(0.922, 0.573, 0.2318)]
        }

        over "osm_w1341577256_n12409732188_n12363287490"
        {
            color3f[] primvars:displayColor = [(0.922, 0.573, 0.2318)]
        }

        over "osm_w1342200695_n12416657162_n12416657163"
        {
            color3f[] primvars:displayColor = [(0.9265714, 0.5855714, 0.23477143)]
        }

        over "osm_w1342200695_n12912489594_n12912489597"
        {
            color3f[] primvars:displayColor = [(0.922, 0.573, 0.2318)]
        }

        over "osm_w1342200695_n12912489597_n12912489598"
        {
            color3f[] primvars:displayColor = [(0.9265714, 0.5855714, 0.23477143)]
        }

        over "osm_w1342200695_n12912489598_n12912491609"
        {
            color3f[] primvars:displayColor = [(0.9265714, 0.5855714, 0.23477143)]
        }

        over "osm_w1342200695_n12912491609_n12416657162"
        {
            color3f[] primvars:displayColor = [(0.9265714, 0.5855714, 0.23477143)]
        }

        over "osm_w1342200701_n12416657169_n12416657170"
        {
            color3f[] primvars:displayColor = [(0.9265714, 0.5855714, 0.23477143)]
        }

        over "osm_w1342200702_n12416657171_n12416657172"
        {
            color3f[] primvars:displayColor = [(0.9265714, 0.5855714, 0.23477143)]
        }

        over "osm_w1342200703_n12416657170_n2440633798"
        {
            color3f[] primvars:displayColor = [(0.9265714, 0.5855714, 0.23477143)]
        }

        over "osm_w1342200703_n2440633798_n12416657171"
        {
            color3f[] primvars:displayColor = [(0.9265714, 0.5855714, 0.23477143)]
        }

        over "osm_w1342200705_n5610023876_n12416657175"
        {
            color3f[] primvars:displayColor = [(0.86754286, 0.42324287, 0.19640286)]
        }

        over "osm_w1342200706_n12416657175_n12416657172"
        {
            color3f[] primvars:displayColor = [(0.9265714, 0.5855714, 0.23477143)]
        }

        over "osm_w1342200707_n12416657175_n12416657176"
        {
            color3f[] primvars:displayColor = [(0.86754286, 0.42324287, 0.19640286)]
        }

        over "osm_w1342200707_n12416657176_n12388406506"
        {
            color3f[] primvars:displayColor = [(0.86754286, 0.42324287, 0.19640286)]
        }

        over "osm_w1342200709_n12416657179_n12416657181"
        {
            color3f[] primvars:displayColor = [(0.86754286, 0.42324287, 0.19640286)]
        }

        over "osm_w1342200988_n12363287493_n12416665020"
        {
            color3f[] primvars:displayColor = [(0.86754286, 0.42324287, 0.19640286)]
        }

        over "osm_w1342200989_n12416665022_n11650682097"
        {
            color3f[] primvars:displayColor = [(0.86754286, 0.42324287, 0.19640286)]
        }

        over "osm_w1342203022_n12416671155_n12416671154"
        {
            color3f[] primvars:displayColor = [(0.86754286, 0.42324287, 0.19640286)]
        }

        over "osm_w1342203023_n12416671156_n11650682090"
        {
            color3f[] primvars:displayColor = [(0.86754286, 0.42324287, 0.19640286)]
        }

        over "osm_w1342778526_n12365328535_n13830225764"
        {
            color3f[] primvars:displayColor = [(0.86754286, 0.42324287, 0.19640286)]
        }

        over "osm_w1342778526_n12504573179_n12365328535"
        {
            color3f[] primvars:displayColor = [(0.86754286, 0.42324287, 0.19640286)]
        }

        over "osm_w1342778526_n13830225764_n12423631029"
        {
            color3f[] primvars:displayColor = [(0.86754286, 0.42324287, 0.19640286)]
        }

        over "osm_w1342778527_n12423631029_n12365328537"
        {
            color3f[] primvars:displayColor = [(0.86754286, 0.42324287, 0.19640286)]
        }

        over "osm_w1351830096_n12507067600_n12507067531"
        {
            color3f[] primvars:displayColor = [(0.9478, 0.65506, 0.2599)]
        }

        over "osm_w1351830097_n12507067531_n12507067548"
        {
            color3f[] primvars:displayColor = [(0.9478, 0.65506, 0.2599)]
        }

        over "osm_w1351830097_n12507067548_n12507067532"
        {
            color3f[] primvars:displayColor = [(0.9478, 0.65506, 0.2599)]
        }

        over "osm_w1351830107_n8979782875_n12507067600"
        {
            color3f[] primvars:displayColor = [(0.86754286, 0.42324287, 0.19640286)]
        }

        over "osm_w1372161432_n11654506578_n11867637745"
        {
            color3f[] primvars:displayColor = [(0.86754286, 0.42324287, 0.19640286)]
        }

        over "osm_w1372161432_n12705626558_n11654506578"
        {
            color3f[] primvars:displayColor = [(0.86754286, 0.42324287, 0.19640286)]
        }

        over "osm_w1376708228_n2307125032_n12393753360"
        {
            color3f[] primvars:displayColor = [(0.9478, 0.65506, 0.2599)]
        }

        over "osm_w1376708229_n257810084_n15902703"
        {
            color3f[] primvars:displayColor = [(0.6725714, 0.7853714, 0.7887143)]
        }

        over "osm_w1376708230_n12393753350_n2284375269"
        {
            color3f[] primvars:displayColor = [(0.86754286, 0.42324287, 0.19640286)]
        }

        over "osm_w1376708231_n257810096_n889094035"
        {
            color3f[] primvars:displayColor = [(0.6725714, 0.7853714, 0.7887143)]
        }

        over "osm_w1382635831_n7508874864_n4715890855"
        {
            color3f[] primvars:displayColor = [(0.86754286, 0.42324287, 0.19640286)]
        }

        over "osm_w1394960084_n12331562700_n12912489594"
        {
            color3f[] primvars:displayColor = [(0.922, 0.573, 0.2318)]
        }

        over "osm_w1400726714_n12932620322_n3113617920"
        {
            color3f[] primvars:displayColor = [(0.86754286, 0.42324287, 0.19640286)]
        }

        over "osm_w1400726714_n3113617920_n12932620320"
        {
            color3f[] primvars:displayColor = [(0.86754286, 0.42324287, 0.19640286)]
        }

        over "osm_w1400726715_n12932620321_n12932620322"
        {
            color3f[] primvars:displayColor = [(0.86754286, 0.42324287, 0.19640286)]
        }

        over "osm_w1400726716_n12932620320_n12388329168"
        {
            color3f[] primvars:displayColor = [(0.86754286, 0.42324287, 0.19640286)]
        }

        over "osm_w1432758341_n13169314137_n13169314139"
        {
            color3f[] primvars:displayColor = [(0.86754286, 0.42324287, 0.19640286)]
        }

        over "osm_w1432758341_n13169314139_n13169314138"
        {
            color3f[] primvars:displayColor = [(0.86754286, 0.42324287, 0.19640286)]
        }

        over "osm_w1432758342_n11699244819_n12388406502"
        {
            color3f[] primvars:displayColor = [(0.86754286, 0.42324287, 0.19640286)]
        }

        over "osm_w1432758342_n12363287492_n11699244819"
        {
            color3f[] primvars:displayColor = [(0.86754286, 0.42324287, 0.19640286)]
        }

        over "osm_w1432758342_n12388406502_n13169314137"
        {
            color3f[] primvars:displayColor = [(0.86754286, 0.42324287, 0.19640286)]
        }

        over "osm_w1443526066_n12331562700_n13246215740"
        {
            color3f[] primvars:displayColor = [(0.922, 0.573, 0.2318)]
        }

        over "osm_w1443526071_n11654079863_n6100203542"
        {
            color3f[] primvars:displayColor = [(0.922, 0.573, 0.2318)]
        }

        over "osm_w1443526071_n11654079864_n11654079863"
        {
            color3f[] primvars:displayColor = [(0.922, 0.573, 0.2318)]
        }

        over "osm_w1443526071_n13246215741_n13842488445"
        {
            color3f[] primvars:displayColor = [(0.90543336, 0.75250334, 0.45055)]
        }

        over "osm_w1443526071_n13842488445_n11654079864"
        {
            color3f[] primvars:displayColor = [(0.922, 0.573, 0.2318)]
        }

        over "osm_w1443526072_n11654079865_n13246215741"
        {
            color3f[] primvars:displayColor = [(0.90543336, 0.75250334, 0.45055)]
        }

        over "osm_w1443526072_n13246215742_n11654079865"
        {
            color3f[] primvars:displayColor = [(0.90543336, 0.75250334, 0.45055)]
        }

        over "osm_w1443526073_n13246215743_n13384208409"
        {
            color3f[] primvars:displayColor = [(0.86754286, 0.42324287, 0.19640286)]
        }

        over "osm_w1443526073_n13384208409_n11666838661"
        {
            color3f[] primvars:displayColor = [(0.86754286, 0.42324287, 0.19640286)]
        }

        over "osm_w1443526074_n13246215744_n11654498571"
        {
            color3f[] primvars:displayColor = [(0.86754286, 0.42324287, 0.19640286)]
        }

        over "osm_w1456278160_n12388329151_n12388329168"
        {
            color3f[] primvars:displayColor = [(0.86754286, 0.42324287, 0.19640286)]
        }

        over "osm_w1456278160_n12388406516_n12723818345"
        {
            color3f[] primvars:displayColor = [(0.93565714, 0.61055714, 0.24067715)]
        }

        over "osm_w1456278160_n12723818345_n12388329151"
        {
            color3f[] primvars:displayColor = [(0.86754286, 0.42324287, 0.19640286)]
        }

        over "osm_w1456278161_n12393753360_n2307125036"
        {
            color3f[] primvars:displayColor = [(0.86754286, 0.42324287, 0.19640286)]
        }

        over "osm_w1456278162_n12393753355_n12393753356"
        {
            color3f[] primvars:displayColor = [(0.86754286, 0.42324287, 0.19640286)]
        }

        over "osm_w1456278162_n12393753356_n12393753370"
        {
            color3f[] primvars:displayColor = [(0.86754286, 0.42324287, 0.19640286)]
        }

        over "osm_w1456278162_n12393753357_n12393753358"
        {
            color3f[] primvars:displayColor = [(0.86754286, 0.42324287, 0.19640286)]
        }

        over "osm_w1456278162_n12393753358_n12393753359"
        {
            color3f[] primvars:displayColor = [(0.86754286, 0.42324287, 0.19640286)]
        }

        over "osm_w1456278162_n12393753359_n12393753360"
        {
            color3f[] primvars:displayColor = [(0.86754286, 0.42324287, 0.19640286)]
        }

        over "osm_w1456278162_n12393753370_n12393753371"
        {
            color3f[] primvars:displayColor = [(0.86754286, 0.42324287, 0.19640286)]
        }

        over "osm_w1456278162_n12393753371_n12393753357"
        {
            color3f[] primvars:displayColor = [(0.86754286, 0.42324287, 0.19640286)]
        }

        over "osm_w1456278164_n12393753355_n6052618942"
        {
            color3f[] primvars:displayColor = [(0.86754286, 0.42324287, 0.19640286)]
        }

        over "osm_w1456278165_n12292980265_n12393556863"
        {
            color3f[] primvars:displayColor = [(0.86754286, 0.42324287, 0.19640286)]
        }

        over "osm_w1456278165_n12393556863_n6052618947"
        {
            color3f[] primvars:displayColor = [(0.86754286, 0.42324287, 0.19640286)]
        }

        over "osm_w1456278165_n6052618947_n4360460591"
        {
            color3f[] primvars:displayColor = [(0.86754286, 0.42324287, 0.19640286)]
        }

        over "osm_w1456278166_n12292980261_n12292980262"
        {
            color3f[] primvars:displayColor = [(0.86754286, 0.42324287, 0.19640286)]
        }

        over "osm_w1456278167_n12292980237_n12292980289"
        {
            color3f[] primvars:displayColor = [(0.86754286, 0.42324287, 0.19640286)]
        }

        over "osm_w1456278167_n12292980289_n12292980236"
        {
            color3f[] primvars:displayColor = [(0.86754286, 0.42324287, 0.19640286)]
        }

        over "osm_w1456278168_n12292980236_n12292980290"
        {
            color3f[] primvars:displayColor = [(0.86754286, 0.42324287, 0.19640286)]
        }

        over "osm_w1459389072_n13384208408_n13384208409"
        {
            color3f[] primvars:displayColor = [(0.90543336, 0.75250334, 0.45055)]
        }

        over "osm_w1469802776_n6052618942_n6052618948"
        {
            color3f[] primvars:displayColor = [(0.86754286, 0.42324287, 0.19640286)]
        }

        over "osm_w147571386_n1607738730_n4360514492"
        {
            color3f[] primvars:displayColor = [(0.86754286, 0.42324287, 0.19640286)]
        }

        over "osm_w147571387_n1607738731_n4715890859"
        {
            color3f[] primvars:displayColor = [(0.90543336, 0.75250334, 0.45055)]
        }

        over "osm_w147571387_n1607738732_n1607738731"
        {
            color3f[] primvars:displayColor = [(0.90543336, 0.75250334, 0.45055)]
        }

        over "osm_w147571387_n835517666_n1607738732"
        {
            color3f[] primvars:displayColor = [(0.90543336, 0.75250334, 0.45055)]
        }

        over "osm_w1513902764_n13830225749_n13830225750"
        {
            color3f[] primvars:displayColor = [(0.86754286, 0.42324287, 0.19640286)]
        }

        over "osm_w1513902764_n13830225750_n13830225751"
        {
            color3f[] primvars:displayColor = [(0.86754286, 0.42324287, 0.19640286)]
        }

        over "osm_w1513902765_n13830225749_n13830225752"
        {
            color3f[] primvars:displayColor = [(0.86754286, 0.42324287, 0.19640286)]
        }

        over "osm_w1513902765_n13830225752_n13830225753"
        {
            color3f[] primvars:displayColor = [(0.86754286, 0.42324287, 0.19640286)]
        }

        over "osm_w1513902774_n13830225766_n13830225767"
        {
            color3f[] primvars:displayColor = [(0.86754286, 0.42324287, 0.19640286)]
        }

        over "osm_w1513902774_n13830225767_n6335492872"
        {
            color3f[] primvars:displayColor = [(0.86754286, 0.42324287, 0.19640286)]
        }

        over "osm_w1513902775_n13830225766_n13830225768"
        {
            color3f[] primvars:displayColor = [(0.86754286, 0.42324287, 0.19640286)]
        }

        over "osm_w1513902775_n13830225768_n13830234112"
        {
            color3f[] primvars:displayColor = [(0.86754286, 0.42324287, 0.19640286)]
        }

        over "osm_w1513902775_n13830234112_n13830225769"
        {
            color3f[] primvars:displayColor = [(0.86754286, 0.42324287, 0.19640286)]
        }

        over "osm_w1513902776_n13830225769_n13830234113"
        {
            color3f[] primvars:displayColor = [(0.86754286, 0.42324287, 0.19640286)]
        }

        over "osm_w1513902776_n13830225770_n13830234114"
        {
            color3f[] primvars:displayColor = [(0.86754286, 0.42324287, 0.19640286)]
        }

        over "osm_w1513902776_n13830234113_n13830225770"
        {
            color3f[] primvars:displayColor = [(0.86754286, 0.42324287, 0.19640286)]
        }

        over "osm_w1513902776_n13830234114_n13830225771"
        {
            color3f[] primvars:displayColor = [(0.86754286, 0.42324287, 0.19640286)]
        }

        over "osm_w1513902777_n13830225771_n13830225772"
        {
            color3f[] primvars:displayColor = [(0.86754286, 0.42324287, 0.19640286)]
        }

        over "osm_w1513902777_n13830225772_n13830225773"
        {
            color3f[] primvars:displayColor = [(0.86754286, 0.42324287, 0.19640286)]
        }

        over "osm_w1513902778_n13830225773_n13830225774"
        {
            color3f[] primvars:displayColor = [(0.86754286, 0.42324287, 0.19640286)]
        }

        over "osm_w1513902778_n13830225774_n13830225775"
        {
            color3f[] primvars:displayColor = [(0.86754286, 0.42324287, 0.19640286)]
        }

        over "osm_w1513902779_n13830225775_n13830225751"
        {
            color3f[] primvars:displayColor = [(0.86754286, 0.42324287, 0.19640286)]
        }

        over "osm_w1513902793_n12393556861_n13830234105"
        {
            color3f[] primvars:displayColor = [(0.922, 0.573, 0.2318)]
        }

        over "osm_w1513902793_n13830234105_n4360482061"
        {
            color3f[] primvars:displayColor = [(0.86754286, 0.42324287, 0.19640286)]
        }

        over "osm_w1513935116_n12292981952_n13830469844"
        {
            color3f[] primvars:displayColor = [(0.86754286, 0.42324287, 0.19640286)]
        }

        over "osm_w1513935116_n13830469844_n13842231301"
        {
            color3f[] primvars:displayColor = [(0.86754286, 0.42324287, 0.19640286)]
        }

        over "osm_w1515402578_n13840037574_n13840037575"
        {
            color3f[] primvars:displayColor = [(0.922, 0.573, 0.2318)]
        }

        over "osm_w1515402578_n13840037575_n13840037576"
        {
            color3f[] primvars:displayColor = [(0.922, 0.573, 0.2318)]
        }

        over "osm_w1515402579_n13840037577_n13840037578"
        {
            color3f[] primvars:displayColor = [(0.922, 0.573, 0.2318)]
        }

        over "osm_w1515402579_n13840037578_n13840037580"
        {
            color3f[] primvars:displayColor = [(0.922, 0.573, 0.2318)]
        }

        over "osm_w1515402579_n13840037580_n13840037576"
        {
            color3f[] primvars:displayColor = [(0.922, 0.573, 0.2318)]
        }

        over "osm_w1515768953_n12277849274_n13842100288"
        {
            color3f[] primvars:displayColor = [(0.86754286, 0.42324287, 0.19640286)]
        }

        over "osm_w1515768953_n13842100288_n13842100289"
        {
            color3f[] primvars:displayColor = [(0.86754286, 0.42324287, 0.19640286)]
        }

        over "osm_w1515768953_n13842100289_n13842100290"
        {
            color3f[] primvars:displayColor = [(0.86754286, 0.42324287, 0.19640286)]
        }

        over "osm_w1515768953_n13842100290_n13842100291"
        {
            color3f[] primvars:displayColor = [(0.86754286, 0.42324287, 0.19640286)]
        }

        over "osm_w1515768953_n13842100291_n13842100292"
        {
            color3f[] primvars:displayColor = [(0.86754286, 0.42324287, 0.19640286)]
        }

        over "osm_w1515768953_n13842100292_n13842100293"
        {
            color3f[] primvars:displayColor = [(0.86754286, 0.42324287, 0.19640286)]
        }

        over "osm_w1515768953_n13842100293_n12277849282"
        {
            color3f[] primvars:displayColor = [(0.86754286, 0.42324287, 0.19640286)]
        }

        over "osm_w1515768956_n13830469815_n13842231301"
        {
            color3f[] primvars:displayColor = [(0.86754286, 0.42324287, 0.19640286)]
        }

        over "osm_w1515821874_n13842488444_n13842488445"
        {
            color3f[] primvars:displayColor = [(0.922, 0.573, 0.2318)]
        }

        over "osm_w1515821875_n13842488446_n13842488447"
        {
            color3f[] primvars:displayColor = [(0.86754286, 0.42324287, 0.19640286)]
        }

        over "osm_w1515821875_n13842488447_n13842488444"
        {
            color3f[] primvars:displayColor = [(0.86754286, 0.42324287, 0.19640286)]
        }

        over "osm_w1515821876_n13842488446_n13842488448"
        {
            color3f[] primvars:displayColor = [(0.86754286, 0.42324287, 0.19640286)]
        }

        over "osm_w1515821876_n13842488448_n13842488449"
        {
            color3f[] primvars:displayColor = [(0.86754286, 0.42324287, 0.19640286)]
        }

        over "osm_w1515821908_n13842516712_n13842516713"
        {
            color3f[] primvars:displayColor = [(0.86754286, 0.42324287, 0.19640286)]
        }

        over "osm_w1515821908_n13842516713_n13842516714"
        {
            color3f[] primvars:displayColor = [(0.86754286, 0.42324287, 0.19640286)]
        }

        over "osm_w1515821908_n13842516714_n13842516715"
        {
            color3f[] primvars:displayColor = [(0.86754286, 0.42324287, 0.19640286)]
        }

        over "osm_w1515821908_n13842516715_n13842516716"
        {
            color3f[] primvars:displayColor = [(0.86754286, 0.42324287, 0.19640286)]
        }

        over "osm_w1515821908_n13842516716_n13842516717"
        {
            color3f[] primvars:displayColor = [(0.86754286, 0.42324287, 0.19640286)]
        }

        over "osm_w1515821908_n13842516717_n13842488449"
        {
            color3f[] primvars:displayColor = [(0.86754286, 0.42324287, 0.19640286)]
        }

        over "osm_w160393761_n8094732965_n1724403862"
        {
            color3f[] primvars:displayColor = [(0.86754286, 0.42324287, 0.19640286)]
        }

        over "osm_w177478735_n257810084_n257810085"
        {
            color3f[] primvars:displayColor = [(0.6725714, 0.7853714, 0.7887143)]
        }

        over "osm_w177478735_n257810085_n257810102"
        {
            color3f[] primvars:displayColor = [(0.6725714, 0.7853714, 0.7887143)]
        }

        over "osm_w177478735_n257810096_n257810097"
        {
            color3f[] primvars:displayColor = [(0.6725714, 0.7853714, 0.7887143)]
        }

        over "osm_w177478735_n257810097_n257810098"
        {
            color3f[] primvars:displayColor = [(0.6725714, 0.7853714, 0.7887143)]
        }

        over "osm_w201725560_n2117444161_n6060034391"
        {
            color3f[] primvars:displayColor = [(0.86754286, 0.42324287, 0.19640286)]
        }

        over "osm_w201725560_n6060034405_n9943492144"
        {
            color3f[] primvars:displayColor = [(0.86754286, 0.42324287, 0.19640286)]
        }

        over "osm_w201725560_n9943492144_n2117444161"
        {
            color3f[] primvars:displayColor = [(0.86754286, 0.42324287, 0.19640286)]
        }

        over "osm_w201725564_n2117444163_n2117444171"
        {
            color3f[] primvars:displayColor = [(0.86754286, 0.42324287, 0.19640286)]
        }

        over "osm_w201725564_n6060034406_n2117444163"
        {
            color3f[] primvars:displayColor = [(0.86754286, 0.42324287, 0.19640286)]
        }

        over "osm_w221671595_n889094035_n12393753355"
        {
            color3f[] primvars:displayColor = [(0.6725714, 0.7853714, 0.7887143)]
        }

        over "osm_w235988949_n12921761051_n11867596548"
        {
            color3f[] primvars:displayColor = [(0.86754286, 0.42324287, 0.19640286)]
        }

        over "osm_w235988949_n2440633799_n12921761051"
        {
            color3f[] primvars:displayColor = [(0.86754286, 0.42324287, 0.19640286)]
        }

        over "osm_w235988949_n5610023876_n2440633799"
        {
            color3f[] primvars:displayColor = [(0.86754286, 0.42324287, 0.19640286)]
        }

        over "osm_w23792648_n257810100_n257810101"
        {
            color3f[] primvars:displayColor = [(0.6725714, 0.7853714, 0.7887143)]
        }

        over "osm_w23792648_n257810101_n257810102"
        {
            color3f[] primvars:displayColor = [(0.6725714, 0.7853714, 0.7887143)]
        }

        over "osm_w23792649_n257810098_n257810103"
        {
            color3f[] primvars:displayColor = [(0.6725714, 0.7853714, 0.7887143)]
        }

        over "osm_w23792649_n257810103_n257810104"
        {
            color3f[] primvars:displayColor = [(0.6725714, 0.7853714, 0.7887143)]
        }

        over "osm_w23792650_n11549691572_n257810111"
        {
            color3f[] primvars:displayColor = [(0.6725714, 0.7853714, 0.7887143)]
        }

        over "osm_w23792650_n257810104_n257810108"
        {
            color3f[] primvars:displayColor = [(0.6725714, 0.7853714, 0.7887143)]
        }

        over "osm_w23792650_n257810108_n257810109"
        {
            color3f[] primvars:displayColor = [(0.6725714, 0.7853714, 0.7887143)]
        }

        over "osm_w23792650_n257810109_n889094072"
        {
            color3f[] primvars:displayColor = [(0.6725714, 0.7853714, 0.7887143)]
        }

        over "osm_w23792650_n257810110_n11549691572"
        {
            color3f[] primvars:displayColor = [(0.6725714, 0.7853714, 0.7887143)]
        }

        over "osm_w23792650_n889094072_n257810110"
        {
            color3f[] primvars:displayColor = [(0.6725714, 0.7853714, 0.7887143)]
        }

        over "osm_w23792652_n12393753366_n4360514495"
        {
            color3f[] primvars:displayColor = [(0.86754286, 0.42324287, 0.19640286)]
        }

        over "osm_w23792652_n15902703_n12393753366"
        {
            color3f[] primvars:displayColor = [(0.6725714, 0.7853714, 0.7887143)]
        }

        over "osm_w2661843_n11767209_n7526959056"
        {
            color3f[] primvars:displayColor = [(0.86754286, 0.42324287, 0.19640286)]
        }

        over "osm_w2661843_n12292980260_n7526959058"
        {
            color3f[] primvars:displayColor = [(0.86754286, 0.42324287, 0.19640286)]
        }

        over "osm_w2661843_n7526959055_n12365328536"
        {
            color3f[] primvars:displayColor = [(0.86754286, 0.42324287, 0.19640286)]
        }

        over "osm_w2661843_n7526959056_n7526959057"
        {
            color3f[] primvars:displayColor = [(0.86754286, 0.42324287, 0.19640286)]
        }

        over "osm_w2661843_n7526959057_n7526959055"
        {
            color3f[] primvars:displayColor = [(0.86754286, 0.42324287, 0.19640286)]
        }

        over "osm_w2661843_n7526959058_n11767209"
        {
            color3f[] primvars:displayColor = [(0.86754286, 0.42324287, 0.19640286)]
        }

        over "osm_w30341276_n334630634_n334630979"
        {
            color3f[] primvars:displayColor = [(0.90543336, 0.75250334, 0.45055)]
        }

        over "osm_w30341276_n334630979_n442510491"
        {
            color3f[] primvars:displayColor = [(0.90543336, 0.75250334, 0.45055)]
        }

        over "osm_w306452428_n12409510390_n3113617907"
        {
            color3f[] primvars:displayColor = [(0.86754286, 0.42324287, 0.19640286)]
        }

        over "osm_w306452428_n3113617903_n12409510390"
        {
            color3f[] primvars:displayColor = [(0.86754286, 0.42324287, 0.19640286)]
        }

        over "osm_w306452432_n3113617907_n485257302"
        {
            color3f[] primvars:displayColor = [(0.86754286, 0.42324287, 0.19640286)]
        }

        over "osm_w306452433_n3113622336_n485257247"
        {
            color3f[] primvars:displayColor = [(0.86754286, 0.42324287, 0.19640286)]
        }

        over "osm_w306452433_n3113622345_n485257245"
        {
            color3f[] primvars:displayColor = [(0.86754286, 0.42324287, 0.19640286)]
        }

        over "osm_w306452433_n3113622350_n3113622345"
        {
            color3f[] primvars:displayColor = [(0.86754286, 0.42324287, 0.19640286)]
        }

        over "osm_w306452433_n3113622353_n3113622350"
        {
            color3f[] primvars:displayColor = [(0.86754286, 0.42324287, 0.19640286)]
        }

        over "osm_w306452433_n3113622358_n3113622353"
        {
            color3f[] primvars:displayColor = [(0.86754286, 0.42324287, 0.19640286)]
        }

        over "osm_w306452433_n3114822470_n485257302"
        {
            color3f[] primvars:displayColor = [(0.86754286, 0.42324287, 0.19640286)]
        }

        over "osm_w306452433_n485257241_n485257243"
        {
            color3f[] primvars:displayColor = [(0.86754286, 0.42324287, 0.19640286)]
        }

        over "osm_w306452433_n485257243_n3113622358"
        {
            color3f[] primvars:displayColor = [(0.86754286, 0.42324287, 0.19640286)]
        }

        over "osm_w306452433_n485257245_n3113622336"
        {
            color3f[] primvars:displayColor = [(0.86754286, 0.42324287, 0.19640286)]
        }

        over "osm_w306452433_n485257247_n3114822470"
        {
            color3f[] primvars:displayColor = [(0.86754286, 0.42324287, 0.19640286)]
        }

        over "osm_w306452433_n485257307_n485257241"
        {
            color3f[] primvars:displayColor = [(0.86754286, 0.42324287, 0.19640286)]
        }

        over "osm_w3100052_n1230374409_n2878857527"
        {
            color3f[] primvars:displayColor = [(0.90543336, 0.75250334, 0.45055)]
        }

        over "osm_w3100052_n1455585986_n1230374409"
        {
            color3f[] primvars:displayColor = [(0.90543336, 0.75250334, 0.45055)]
        }

        over "osm_w3188900_n12365328538_n4360482061"
        {
            color3f[] primvars:displayColor = [(0.86754286, 0.42324287, 0.19640286)]
        }

        over "osm_w33969293_n257810113_n889094059"
        {
            color3f[] primvars:displayColor = [(0.6725714, 0.7853714, 0.7887143)]
        }

        over "osm_w33969293_n257810116_n257810117"
        {
            color3f[] primvars:displayColor = [(0.6725714, 0.7853714, 0.7887143)]
        }

        over "osm_w33969293_n257810117_n257810118"
        {
            color3f[] primvars:displayColor = [(0.6725714, 0.7853714, 0.7887143)]
        }

        over "osm_w33969293_n257810118_n257810119"
        {
            color3f[] primvars:displayColor = [(0.6725714, 0.7853714, 0.7887143)]
        }

        over "osm_w33969293_n257810119_n257810100"
        {
            color3f[] primvars:displayColor = [(0.6725714, 0.7853714, 0.7887143)]
        }

        over "osm_w33969293_n8109293829_n257810113"
        {
            color3f[] primvars:displayColor = [(0.6725714, 0.7853714, 0.7887143)]
        }

        over "osm_w33969293_n889094059_n257810116"
        {
            color3f[] primvars:displayColor = [(0.6725714, 0.7853714, 0.7887143)]
        }

        over "osm_w37725943_n2878857515_n7555011011"
        {
            color3f[] primvars:displayColor = [(0.86754286, 0.42324287, 0.19640286)]
        }

        over "osm_w37725943_n2878857516_n2878857515"
        {
            color3f[] primvars:displayColor = [(0.90543336, 0.75250334, 0.45055)]
        }

        over "osm_w37725943_n7555011011_n7555011012"
        {
            color3f[] primvars:displayColor = [(0.86754286, 0.42324287, 0.19640286)]
        }

        over "osm_w37725952_n2878857522_n13842516712"
        {
            color3f[] primvars:displayColor = [(0.86754286, 0.42324287, 0.19640286)]
        }

        over "osm_w37725952_n442510491_n7523803378"
        {
            color3f[] primvars:displayColor = [(0.90543336, 0.75250334, 0.45055)]
        }

        over "osm_w37725952_n7523803378_n2878857522"
        {
            color3f[] primvars:displayColor = [(0.90543336, 0.75250334, 0.45055)]
        }

        over "osm_w40245621_n12723818345_n3113617903"
        {
            color3f[] primvars:displayColor = [(0.86754286, 0.42324287, 0.19640286)]
        }

        over "osm_w40245622_n3113622407_n485257296"
        {
            color3f[] primvars:displayColor = [(0.86754286, 0.42324287, 0.19640286)]
        }

        over "osm_w40245622_n3113622411_n485257276"
        {
            color3f[] primvars:displayColor = [(0.86754286, 0.42324287, 0.19640286)]
        }

        over "osm_w40245622_n485257294_n902446193"
        {
            color3f[] primvars:displayColor = [(0.86754286, 0.42324287, 0.19640286)]
        }

        over "osm_w40245622_n485257296_n485257298"
        {
            color3f[] primvars:displayColor = [(0.86754286, 0.42324287, 0.19640286)]
        }

        over "osm_w40245622_n485257298_n3113622411"
        {
            color3f[] primvars:displayColor = [(0.86754286, 0.42324287, 0.19640286)]
        }

        over "osm_w40245622_n902446193_n3113622407"
        {
            color3f[] primvars:displayColor = [(0.86754286, 0.42324287, 0.19640286)]
        }

        over "osm_w40245624_n12409510391_n485257309"
        {
            color3f[] primvars:displayColor = [(0.86754286, 0.42324287, 0.19640286)]
        }

        over "osm_w40245624_n3113622530_n12409510391"
        {
            color3f[] primvars:displayColor = [(0.86754286, 0.42324287, 0.19640286)]
        }

        over "osm_w40245624_n485257294_n485257307"
        {
            color3f[] primvars:displayColor = [(0.86754286, 0.42324287, 0.19640286)]
        }

        over "osm_w40245624_n485257307_n3113622530"
        {
            color3f[] primvars:displayColor = [(0.86754286, 0.42324287, 0.19640286)]
        }

        over "osm_w4253626_n11530332638_n7527128058"
        {
            color3f[] primvars:displayColor = [(0.922, 0.573, 0.2318)]
        }

        over "osm_w4253626_n1834670895_n13842100290"
        {
            color3f[] primvars:displayColor = [(0.922, 0.573, 0.2318)]
        }

        over "osm_w4253626_n7527128057_n1834670895"
        {
            color3f[] primvars:displayColor = [(0.922, 0.573, 0.2318)]
        }

        over "osm_w4253626_n7527128058_n7527128057"
        {
            color3f[] primvars:displayColor = [(0.922, 0.573, 0.2318)]
        }

        over "osm_w4254006_n12912491608_n835517666"
        {
            color3f[] primvars:displayColor = [(0.86754286, 0.42324287, 0.19640286)]
        }

        over "osm_w4254006_n7508874863_n12912491608"
        {
            color3f[] primvars:displayColor = [(0.86754286, 0.42324287, 0.19640286)]
        }

        over "osm_w4254006_n8972731450_n7508874863"
        {
            color3f[] primvars:displayColor = [(0.86754286, 0.42324287, 0.19640286)]
        }

        over "osm_w4254055_n12423631028_n12365328537"
        {
            color3f[] primvars:displayColor = [(0.86754286, 0.42324287, 0.19640286)]
        }

        over "osm_w4254055_n13830234105_n12423631028"
        {
            color3f[] primvars:displayColor = [(0.86754286, 0.42324287, 0.19640286)]
        }

        over "osm_w438310372_n2284375269_n2307124967"
        {
            color3f[] primvars:displayColor = [(0.86754286, 0.42324287, 0.19640286)]
        }

        over "osm_w438310377_n5371393014_n4360454514"
        {
            color3f[] primvars:displayColor = [(0.86754286, 0.42324287, 0.19640286)]
        }

        over "osm_w438310385_n2284375270_n12393377082"
        {
            color3f[] primvars:displayColor = [(0.86754286, 0.42324287, 0.19640286)]
        }

        over "osm_w438310385_n2307124967_n2284375270"
        {
            color3f[] primvars:displayColor = [(0.86754286, 0.42324287, 0.19640286)]
        }

        over "osm_w438310388_n12393390122_n5371393013"
        {
            color3f[] primvars:displayColor = [(0.86754286, 0.42324287, 0.19640286)]
        }

        over "osm_w438310388_n4360454511_n12393390122"
        {
            color3f[] primvars:displayColor = [(0.86754286, 0.42324287, 0.19640286)]
        }

        over "osm_w438310390_n4360451852_n4360454511"
        {
            color3f[] primvars:displayColor = [(0.86754286, 0.42324287, 0.19640286)]
        }

        over "osm_w438310390_n4360454512_n4360451852"
        {
            color3f[] primvars:displayColor = [(0.86754286, 0.42324287, 0.19640286)]
        }

        over "osm_w438310985_n6052618946_n6052618942"
        {
            color3f[] primvars:displayColor = [(0.86754286, 0.42324287, 0.19640286)]
        }

        over "osm_w438310986_n4360469334_n4360460584"
        {
            color3f[] primvars:displayColor = [(0.86754286, 0.42324287, 0.19640286)]
        }

        over "osm_w438310986_n6052618948_n4360469334"
        {
            color3f[] primvars:displayColor = [(0.86754286, 0.42324287, 0.19640286)]
        }

        over "osm_w438313420_n4360482061_n7977855721"
        {
            color3f[] primvars:displayColor = [(0.86754286, 0.42324287, 0.19640286)]
        }

        over "osm_w438313420_n7977855721_n6335492872"
        {
            color3f[] primvars:displayColor = [(0.86754286, 0.42324287, 0.19640286)]
        }

        over "osm_w438313901_n11650682086_n4360487609"
        {
            color3f[] primvars:displayColor = [(0.86754286, 0.42324287, 0.19640286)]
        }

        over "osm_w438313901_n4360487609_n4360487610"
        {
            color3f[] primvars:displayColor = [(0.86754286, 0.42324287, 0.19640286)]
        }

        over "osm_w438313902_n4360487612_n4360487614"
        {
            color3f[] primvars:displayColor = [(0.86754286, 0.42324287, 0.19640286)]
        }

        over "osm_w438313902_n4360487613_n4360487612"
        {
            color3f[] primvars:displayColor = [(0.86754286, 0.42324287, 0.19640286)]
        }

        over "osm_w438313902_n4360487614_n11650682086"
        {
            color3f[] primvars:displayColor = [(0.86754286, 0.42324287, 0.19640286)]
        }

        over "osm_w438313902_n4360487615_n4360487613"
        {
            color3f[] primvars:displayColor = [(0.86754286, 0.42324287, 0.19640286)]
        }

        over "osm_w438313903_n2624195136_n2307125036"
        {
            color3f[] primvars:displayColor = [(0.86754286, 0.42324287, 0.19640286)]
        }

        over "osm_w438313903_n4360487615_n2624195136"
        {
            color3f[] primvars:displayColor = [(0.86754286, 0.42324287, 0.19640286)]
        }

        over "osm_w438313904_n2307125030_n2307125032"
        {
            color3f[] primvars:displayColor = [(0.9478, 0.65506, 0.2599)]
        }

        over "osm_w438313904_n4360487618_n2307125030"
        {
            color3f[] primvars:displayColor = [(0.9478, 0.65506, 0.2599)]
        }

        over "osm_w438313905_n4360487603_n4360487617"
        {
            color3f[] primvars:displayColor = [(0.9478, 0.65506, 0.2599)]
        }

        over "osm_w438313905_n4360487617_n4360487618"
        {
            color3f[] primvars:displayColor = [(0.9478, 0.65506, 0.2599)]
        }

        over "osm_w438313907_n4360487605_n4360487603"
        {
            color3f[] primvars:displayColor = [(0.9310857, 0.5979857, 0.23770571)]
        }

        over "osm_w438313908_n4360487607_n4360487605"
        {
            color3f[] primvars:displayColor = [(0.9310857, 0.5979857, 0.23770571)]
        }

        over "osm_w438313909_n4360487604_n4360487620"
        {
            color3f[] primvars:displayColor = [(0.86754286, 0.42324287, 0.19640286)]
        }

        over "osm_w438313909_n4360487620_n4360487607"
        {
            color3f[] primvars:displayColor = [(0.86754286, 0.42324287, 0.19640286)]
        }

        over "osm_w438313910_n4360487606_n4360487604"
        {
            color3f[] primvars:displayColor = [(0.86754286, 0.42324287, 0.19640286)]
        }

        over "osm_w438313910_n4360487608_n4360487606"
        {
            color3f[] primvars:displayColor = [(0.86754286, 0.42324287, 0.19640286)]
        }

        over "osm_w438313910_n4360487610_n4360487608"
        {
            color3f[] primvars:displayColor = [(0.86754286, 0.42324287, 0.19640286)]
        }

        over "osm_w438314049_n4360486824_n6052618944"
        {
            color3f[] primvars:displayColor = [(0.922, 0.573, 0.2318)]
        }

        over "osm_w438314049_n6052618944_n6052618939"
        {
            color3f[] primvars:displayColor = [(0.86754286, 0.42324287, 0.19640286)]
        }

        over "osm_w438314051_n4360486823_n4360486827"
        {
            color3f[] primvars:displayColor = [(0.922, 0.573, 0.2318)]
        }

        over "osm_w438314051_n4360486824_n4360486823"
        {
            color3f[] primvars:displayColor = [(0.922, 0.573, 0.2318)]
        }

        over "osm_w438316787_n4360514492_n11666838660"
        {
            color3f[] primvars:displayColor = [(0.86754286, 0.42324287, 0.19640286)]
        }

        over "osm_w438316788_n1329873737_n8972724052"
        {
            color3f[] primvars:displayColor = [(0.922, 0.573, 0.2318)]
        }

        over "osm_w438316788_n1329873738_n1607738725"
        {
            color3f[] primvars:displayColor = [(0.86754286, 0.42324287, 0.19640286)]
        }

        over "osm_w438316788_n1607738725_n1329873737"
        {
            color3f[] primvars:displayColor = [(0.922, 0.573, 0.2318)]
        }

        over "osm_w438316788_n25475452_n4715890855"
        {
            color3f[] primvars:displayColor = [(0.922, 0.573, 0.2318)]
        }

        over "osm_w438316788_n25475453_n2951160144"
        {
            color3f[] primvars:displayColor = [(0.922, 0.573, 0.2318)]
        }

        over "osm_w438316788_n25475730_n2951160161"
        {
            color3f[] primvars:displayColor = [(0.922, 0.573, 0.2318)]
        }

        over "osm_w438316788_n2951109691_n2951109694"
        {
            color3f[] primvars:displayColor = [(0.922, 0.573, 0.2318)]
        }

        over "osm_w438316788_n2951109694_n25475452"
        {
            color3f[] primvars:displayColor = [(0.922, 0.573, 0.2318)]
        }

        over "osm_w438316788_n2951160144_n2951160146"
        {
            color3f[] primvars:displayColor = [(0.922, 0.573, 0.2318)]
        }

        over "osm_w438316788_n2951160146_n2951160148"
        {
            color3f[] primvars:displayColor = [(0.922, 0.573, 0.2318)]
        }

        over "osm_w438316788_n2951160148_n2951160150"
        {
            color3f[] primvars:displayColor = [(0.922, 0.573, 0.2318)]
        }

        over "osm_w438316788_n2951160150_n2951160155"
        {
            color3f[] primvars:displayColor = [(0.922, 0.573, 0.2318)]
        }

        over "osm_w438316788_n2951160152_n25475730"
        {
            color3f[] primvars:displayColor = [(0.922, 0.573, 0.2318)]
        }

        over "osm_w438316788_n2951160155_n2951160159"
        {
            color3f[] primvars:displayColor = [(0.922, 0.573, 0.2318)]
        }

        over "osm_w438316788_n2951160157_n2951160152"
        {
            color3f[] primvars:displayColor = [(0.922, 0.573, 0.2318)]
        }

        over "osm_w438316788_n2951160159_n2951160157"
        {
            color3f[] primvars:displayColor = [(0.922, 0.573, 0.2318)]
        }

        over "osm_w438316788_n2951160161_n1329873738"
        {
            color3f[] primvars:displayColor = [(0.86754286, 0.42324287, 0.19640286)]
        }

        over "osm_w438316788_n2957839784_n2951109691"
        {
            color3f[] primvars:displayColor = [(0.922, 0.573, 0.2318)]
        }

        over "osm_w438316788_n4715890855_n25475453"
        {
            color3f[] primvars:displayColor = [(0.922, 0.573, 0.2318)]
        }

        over "osm_w438316788_n634541868_n2957839784"
        {
            color3f[] primvars:displayColor = [(0.922, 0.573, 0.2318)]
        }

        over "osm_w438318126_n1607738725_n6983321037"
        {
            color3f[] primvars:displayColor = [(0.86754286, 0.42324287, 0.19640286)]
        }

        over "osm_w438318126_n1607738726_n634541868"
        {
            color3f[] primvars:displayColor = [(0.86754286, 0.42324287, 0.19640286)]
        }

        over "osm_w438318126_n1607738730_n1607738726"
        {
            color3f[] primvars:displayColor = [(0.86754286, 0.42324287, 0.19640286)]
        }

        over "osm_w438318126_n6983321037_n1607738730"
        {
            color3f[] primvars:displayColor = [(0.86754286, 0.42324287, 0.19640286)]
        }

        over "osm_w438318127_n298347055_n7523803343"
        {
            color3f[] primvars:displayColor = [(0.86754286, 0.42324287, 0.19640286)]
        }

        over "osm_w438318127_n7555011012_n298347055"
        {
            color3f[] primvars:displayColor = [(0.86754286, 0.42324287, 0.19640286)]
        }

        over "osm_w438319272_n13246215740_n874823385"
        {
            color3f[] primvars:displayColor = [(0.922, 0.573, 0.2318)]
        }

        over "osm_w438319272_n874823385_n12331606501"
        {
            color3f[] primvars:displayColor = [(0.922, 0.573, 0.2318)]
        }

        over "osm_w478363067_n4715890856_n8972731438"
        {
            color3f[] primvars:displayColor = [(0.86754286, 0.42324287, 0.19640286)]
        }

        over "osm_w478363068_n4715890858_n4715890856"
        {
            color3f[] primvars:displayColor = [(0.86754286, 0.42324287, 0.19640286)]
        }

        over "osm_w478363069_n634541868_n4715890858"
        {
            color3f[] primvars:displayColor = [(0.86754286, 0.42324287, 0.19640286)]
        }

        over "osm_w478363070_n4715890859_n1607738725"
        {
            color3f[] primvars:displayColor = [(0.86754286, 0.42324287, 0.19640286)]
        }

        over "osm_w478363071_n11654070410_n12409606142"
        {
            color3f[] primvars:displayColor = [(0.922, 0.573, 0.2318)]
        }

        over "osm_w478363071_n11654070411_n11654070410"
        {
            color3f[] primvars:displayColor = [(0.922, 0.573, 0.2318)]
        }

        over "osm_w478363071_n11654070419_n11666838659"
        {
            color3f[] primvars:displayColor = [(0.86754286, 0.42324287, 0.19640286)]
        }

        over "osm_w478363071_n11666838659_n7555011015"
        {
            color3f[] primvars:displayColor = [(0.922, 0.573, 0.2318)]
        }

        over "osm_w478363071_n12409606142_n11667014105"
        {
            color3f[] primvars:displayColor = [(0.922, 0.573, 0.2318)]
        }

        over "osm_w478363071_n12409732175_n13289783456"
        {
            color3f[] primvars:displayColor = [(0.922, 0.573, 0.2318)]
        }

        over "osm_w478363071_n13289783456_n13289787510"
        {
            color3f[] primvars:displayColor = [(0.922, 0.573, 0.2318)]
        }

        over "osm_w478363071_n13289787510_n11654070411"
        {
            color3f[] primvars:displayColor = [(0.922, 0.573, 0.2318)]
        }

        over "osm_w478363071_n4360516076_n11654070419"
        {
            color3f[] primvars:displayColor = [(0.86754286, 0.42324287, 0.19640286)]
        }

        over "osm_w478363071_n4715890859_n4360516076"
        {
            color3f[] primvars:displayColor = [(0.922, 0.573, 0.2318)]
        }

        over "osm_w478363071_n7555011015_n11654070418"
        {
            color3f[] primvars:displayColor = [(0.922, 0.573, 0.2318)]
        }

        over "osm_w49934803_n4955757605_n4955757608"
        {
            color3f[] primvars:displayColor = [(0.86754286, 0.42324287, 0.19640286)]
        }

        over "osm_w505690877_n4955757605_n5376720673"
        {
            color3f[] primvars:displayColor = [(0.86754286, 0.42324287, 0.19640286)]
        }

        over "osm_w505690877_n4955760223_n8140103986"
        {
            color3f[] primvars:displayColor = [(0.93565714, 0.61055714, 0.24067715)]
        }

        over "osm_w505690877_n5376720673_n4955760223"
        {
            color3f[] primvars:displayColor = [(0.93565714, 0.61055714, 0.24067715)]
        }

        over "osm_w505690877_n8140103986_n8098784582"
        {
            color3f[] primvars:displayColor = [(0.93565714, 0.61055714, 0.24067715)]
        }

        over "osm_w505690878_n1724403862_n8149477909"
        {
            color3f[] primvars:displayColor = [(0.86754286, 0.42324287, 0.19640286)]
        }

        over "osm_w505690878_n8149477902_n8979782887"
        {
            color3f[] primvars:displayColor = [(0.86754286, 0.42324287, 0.19640286)]
        }

        over "osm_w505690878_n8149477909_n8149477902"
        {
            color3f[] primvars:displayColor = [(0.86754286, 0.42324287, 0.19640286)]
        }

        over "osm_w557495196_n5376720673_n5376720926"
        {
            color3f[] primvars:displayColor = [(0.86754286, 0.42324287, 0.19640286)]
        }

        over "osm_w557495196_n5376720926_n5376722351"
        {
            color3f[] primvars:displayColor = [(0.86754286, 0.42324287, 0.19640286)]
        }

        over "osm_w557495196_n5376722349_n8094795591"
        {
            color3f[] primvars:displayColor = [(0.86754286, 0.42324287, 0.19640286)]
        }

        over "osm_w557495196_n5376722350_n8140084712"
        {
            color3f[] primvars:displayColor = [(0.86754286, 0.42324287, 0.19640286)]
        }

        over "osm_w557495196_n5376722351_n5376722350"
        {
            color3f[] primvars:displayColor = [(0.86754286, 0.42324287, 0.19640286)]
        }

        over "osm_w557495196_n8094795591_n8094795592"
        {
            color3f[] primvars:displayColor = [(0.93565714, 0.61055714, 0.24067715)]
        }

        over "osm_w557495196_n8094795592_n8098784581"
        {
            color3f[] primvars:displayColor = [(0.93565714, 0.61055714, 0.24067715)]
        }

        over "osm_w557495196_n8098784581_n8098784582"
        {
            color3f[] primvars:displayColor = [(0.93565714, 0.61055714, 0.24067715)]
        }

        over "osm_w557495196_n8140084712_n5376722349"
        {
            color3f[] primvars:displayColor = [(0.86754286, 0.42324287, 0.19640286)]
        }

        over "osm_w59234637_n13830469815_n734770942"
        {
            color3f[] primvars:displayColor = [(0.86754286, 0.42324287, 0.19640286)]
        }

        over "osm_w59234637_n734770942_n7527128072"
        {
            color3f[] primvars:displayColor = [(0.86754286, 0.42324287, 0.19640286)]
        }

        over "osm_w643082829_n12393556862_n4360460588"
        {
            color3f[] primvars:displayColor = [(0.86754286, 0.42324287, 0.19640286)]
        }

        over "osm_w643082829_n4360460588_n6052618946"
        {
            color3f[] primvars:displayColor = [(0.86754286, 0.42324287, 0.19640286)]
        }

        over "osm_w643082830_n12393556857_n4360469329"
        {
            color3f[] primvars:displayColor = [(0.86754286, 0.42324287, 0.19640286)]
        }

        over "osm_w643082830_n4360469329_n6052618939"
        {
            color3f[] primvars:displayColor = [(0.86754286, 0.42324287, 0.19640286)]
        }

        over "osm_w644306557_n2117444171_n9659731235"
        {
            color3f[] primvars:displayColor = [(0.86754286, 0.42324287, 0.19640286)]
        }

        over "osm_w644306557_n9659731235_n9659731236"
        {
            color3f[] primvars:displayColor = [(0.86754286, 0.42324287, 0.19640286)]
        }

        over "osm_w644306557_n9659731236_n2117444172"
        {
            color3f[] primvars:displayColor = [(0.86754286, 0.42324287, 0.19640286)]
        }

        over "osm_w644306558_n6060034399_n1104496348"
        {
            color3f[] primvars:displayColor = [(0.86754286, 0.42324287, 0.19640286)]
        }

        over "osm_w644306560_n2117444167_n2117444173"
        {
            color3f[] primvars:displayColor = [(0.86754286, 0.42324287, 0.19640286)]
        }

        over "osm_w644306560_n2117444173_n6060034398"
        {
            color3f[] primvars:displayColor = [(0.86754286, 0.42324287, 0.19640286)]
        }

        over "osm_w644306560_n6060034391_n2117444167"
        {
            color3f[] primvars:displayColor = [(0.86754286, 0.42324287, 0.19640286)]
        }

        over "osm_w644306561_n2117444166_n6060034402"
        {
            color3f[] primvars:displayColor = [(0.86754286, 0.42324287, 0.19640286)]
        }

        over "osm_w644306561_n2117444172_n2117444166"
        {
            color3f[] primvars:displayColor = [(0.86754286, 0.42324287, 0.19640286)]
        }

        over "osm_w644306562_n6060034393_n1104496348"
        {
            color3f[] primvars:displayColor = [(0.86754286, 0.42324287, 0.19640286)]
        }

        over "osm_w644306563_n4218360513_n4218360530"
        {
            color3f[] primvars:displayColor = [(0.86754286, 0.42324287, 0.19640286)]
        }

        over "osm_w644306563_n4218360530_n6060034403"
        {
            color3f[] primvars:displayColor = [(0.86754286, 0.42324287, 0.19640286)]
        }

        over "osm_w644306563_n6060034394_n4218360513"
        {
            color3f[] primvars:displayColor = [(0.86754286, 0.42324287, 0.19640286)]
        }

        over "osm_w644306565_n2117444170_n6060034395"
        {
            color3f[] primvars:displayColor = [(0.86754286, 0.42324287, 0.19640286)]
        }

        over "osm_w644306565_n6060034398_n2117444170"
        {
            color3f[] primvars:displayColor = [(0.86754286, 0.42324287, 0.19640286)]
        }

        over "osm_w644306566_n1104496319_n6060034399"
        {
            color3f[] primvars:displayColor = [(0.86754286, 0.42324287, 0.19640286)]
        }

        over "osm_w644306566_n13830234110_n1104496319"
        {
            color3f[] primvars:displayColor = [(0.86754286, 0.42324287, 0.19640286)]
        }

        over "osm_w644306566_n6060034403_n13830234110"
        {
            color3f[] primvars:displayColor = [(0.86754286, 0.42324287, 0.19640286)]
        }

        over "osm_w650112516_n12393412243_n6100203536"
        {
            color3f[] primvars:displayColor = [(0.93565714, 0.61055714, 0.24067715)]
        }

        over "osm_w650112516_n6100203536_n12393412244"
        {
            color3f[] primvars:displayColor = [(0.93565714, 0.61055714, 0.24067715)]
        }

        over "osm_w69903243_n835517666_n12912489597"
        {
            color3f[] primvars:displayColor = [(0.86754286, 0.42324287, 0.19640286)]
        }

        over "osm_w746228869_n6983321038_n4360516076"
        {
            color3f[] primvars:displayColor = [(0.922, 0.573, 0.2318)]
        }

        over "osm_w746228869_n8972724052_n6983321038"
        {
            color3f[] primvars:displayColor = [(0.922, 0.573, 0.2318)]
        }

        over "osm_w76562953_n3113622584_n3113622598"
        {
            color3f[] primvars:displayColor = [(0.86754286, 0.42324287, 0.19640286)]
        }

        over "osm_w76562953_n3113622598_n3113622610"
        {
            color3f[] primvars:displayColor = [(0.86754286, 0.42324287, 0.19640286)]
        }

        over "osm_w76562953_n3113622610_n12409510389"
        {
            color3f[] primvars:displayColor = [(0.86754286, 0.42324287, 0.19640286)]
        }

        over "osm_w76562953_n485257276_n3113622584"
        {
            color3f[] primvars:displayColor = [(0.86754286, 0.42324287, 0.19640286)]
        }

        over "osm_w802725105_n7508874864_n835517666"
        {
            color3f[] primvars:displayColor = [(0.86754286, 0.42324287, 0.19640286)]
        }

        over "osm_w802725106_n4715890855_n7508874866"
        {
            color3f[] primvars:displayColor = [(0.86754286, 0.42324287, 0.19640286)]
        }

        over "osm_w802725106_n7508874866_n7508874867"
        {
            color3f[] primvars:displayColor = [(0.86754286, 0.42324287, 0.19640286)]
        }

        over "osm_w802725106_n7508874867_n7508874868"
        {
            color3f[] primvars:displayColor = [(0.86754286, 0.42324287, 0.19640286)]
        }

        over "osm_w802725106_n7508874868_n7508874869"
        {
            color3f[] primvars:displayColor = [(0.86754286, 0.42324287, 0.19640286)]
        }

        over "osm_w802725106_n7508874869_n1607738726"
        {
            color3f[] primvars:displayColor = [(0.86754286, 0.42324287, 0.19640286)]
        }

        over "osm_w807903461_n13384208408_n4715890859"
        {
            color3f[] primvars:displayColor = [(0.86754286, 0.42324287, 0.19640286)]
        }

        over "osm_w807903461_n7523803343_n13384208408"
        {
            color3f[] primvars:displayColor = [(0.86754286, 0.42324287, 0.19640286)]
        }

        over "osm_w807903462_n11833439517_n2878857518"
        {
            color3f[] primvars:displayColor = [(0.86754286, 0.42324287, 0.19640286)]
        }

        over "osm_w807903462_n2878857515_n2878857517"
        {
            color3f[] primvars:displayColor = [(0.86754286, 0.42324287, 0.19640286)]
        }

        over "osm_w807903462_n2878857517_n7523803353"
        {
            color3f[] primvars:displayColor = [(0.86754286, 0.42324287, 0.19640286)]
        }

        over "osm_w807903462_n2878857518_n7523803351"
        {
            color3f[] primvars:displayColor = [(0.86754286, 0.42324287, 0.19640286)]
        }

        over "osm_w807903462_n2878857519_n7523803349"
        {
            color3f[] primvars:displayColor = [(0.86754286, 0.42324287, 0.19640286)]
        }

        over "osm_w807903462_n2878857521_n7523803347"
        {
            color3f[] primvars:displayColor = [(0.86754286, 0.42324287, 0.19640286)]
        }

        over "osm_w807903462_n7523803344_n2878857522"
        {
            color3f[] primvars:displayColor = [(0.86754286, 0.42324287, 0.19640286)]
        }

        over "osm_w807903462_n7523803345_n7523803344"
        {
            color3f[] primvars:displayColor = [(0.86754286, 0.42324287, 0.19640286)]
        }

        over "osm_w807903462_n7523803346_n7523803345"
        {
            color3f[] primvars:displayColor = [(0.86754286, 0.42324287, 0.19640286)]
        }

        over "osm_w807903462_n7523803347_n7523803346"
        {
            color3f[] primvars:displayColor = [(0.86754286, 0.42324287, 0.19640286)]
        }

        over "osm_w807903462_n7523803348_n2878857521"
        {
            color3f[] primvars:displayColor = [(0.86754286, 0.42324287, 0.19640286)]
        }

        over "osm_w807903462_n7523803349_n7523803348"
        {
            color3f[] primvars:displayColor = [(0.86754286, 0.42324287, 0.19640286)]
        }

        over "osm_w807903462_n7523803350_n2878857519"
        {
            color3f[] primvars:displayColor = [(0.86754286, 0.42324287, 0.19640286)]
        }

        over "osm_w807903462_n7523803351_n7523803350"
        {
            color3f[] primvars:displayColor = [(0.86754286, 0.42324287, 0.19640286)]
        }

        over "osm_w807903462_n7523803352_n11833439517"
        {
            color3f[] primvars:displayColor = [(0.86754286, 0.42324287, 0.19640286)]
        }

        over "osm_w807903462_n7523803353_n7523803352"
        {
            color3f[] primvars:displayColor = [(0.86754286, 0.42324287, 0.19640286)]
        }

        over "osm_w825631926_n7555011011_n7708993471"
        {
            color3f[] primvars:displayColor = [(0.86754286, 0.42324287, 0.19640286)]
        }

        over "osm_w825631926_n7708993464_n7708993469"
        {
            color3f[] primvars:displayColor = [(0.86754286, 0.42324287, 0.19640286)]
        }

        over "osm_w825631926_n7708993468_n7799409178"
        {
            color3f[] primvars:displayColor = [(0.86754286, 0.42324287, 0.19640286)]
        }

        over "osm_w825631926_n7708993469_n7708993468"
        {
            color3f[] primvars:displayColor = [(0.86754286, 0.42324287, 0.19640286)]
        }

        over "osm_w825631926_n7708993471_n7708993464"
        {
            color3f[] primvars:displayColor = [(0.86754286, 0.42324287, 0.19640286)]
        }

        over "osm_w835600994_n7799409181_n7799409180"
        {
            color3f[] primvars:displayColor = [(0.86754286, 0.42324287, 0.19640286)]
        }

        over "osm_w835600996_n7684022950_n7799409179"
        {
            color3f[] primvars:displayColor = [(0.86754286, 0.42324287, 0.19640286)]
        }

        over "osm_w835600996_n7799409180_n7684022950"
        {
            color3f[] primvars:displayColor = [(0.86754286, 0.42324287, 0.19640286)]
        }

        over "osm_w835600997_n13842516708_n7799409178"
        {
            color3f[] primvars:displayColor = [(0.86754286, 0.42324287, 0.19640286)]
        }

        over "osm_w835600997_n7799409179_n7799409183"
        {
            color3f[] primvars:displayColor = [(0.86754286, 0.42324287, 0.19640286)]
        }

        over "osm_w835600997_n7799409183_n13842516708"
        {
            color3f[] primvars:displayColor = [(0.86754286, 0.42324287, 0.19640286)]
        }

        over "osm_w841066874_n11666947229_n13840037574"
        {
            color3f[] primvars:displayColor = [(0.86754286, 0.42324287, 0.19640286)]
        }

        over "osm_w841066874_n13840037574_n11654070418"
        {
            color3f[] primvars:displayColor = [(0.86754286, 0.42324287, 0.19640286)]
        }

        over "osm_w868435449_n12361813663_n8979782889"
        {
            color3f[] primvars:displayColor = [(0.94925714, 0.64795715, 0.24951714)]
        }

        over "osm_w868435449_n4227225623_n6524681741"
        {
            color3f[] primvars:displayColor = [(0.86754286, 0.42324287, 0.19640286)]
        }

        over "osm_w868435449_n5373783095_n12361813663"
        {
            color3f[] primvars:displayColor = [(0.94925714, 0.64795715, 0.24951714)]
        }

        over "osm_w868435449_n5373783099_n8149477901"
        {
            color3f[] primvars:displayColor = [(0.86754286, 0.42324287, 0.19640286)]
        }

        over "osm_w868435449_n5373783100_n5373783099"
        {
            color3f[] primvars:displayColor = [(0.86754286, 0.42324287, 0.19640286)]
        }

        over "osm_w868435449_n6524681741_n8094753138"
        {
            color3f[] primvars:displayColor = [(0.86754286, 0.42324287, 0.19640286)]
        }

        over "osm_w868435449_n8094732965_n4227225623"
        {
            color3f[] primvars:displayColor = [(0.86754286, 0.42324287, 0.19640286)]
        }

        over "osm_w868435449_n8094753138_n8094753139"
        {
            color3f[] primvars:displayColor = [(0.94925714, 0.64795715, 0.24951714)]
        }

        over "osm_w868435449_n8094753139_n5373783095"
        {
            color3f[] primvars:displayColor = [(0.94925714, 0.64795715, 0.24951714)]
        }

        over "osm_w868435449_n8094753157_n5373783100"
        {
            color3f[] primvars:displayColor = [(0.86754286, 0.42324287, 0.19640286)]
        }

        over "osm_w868435449_n8149477901_n8149477903"
        {
            color3f[] primvars:displayColor = [(0.86754286, 0.42324287, 0.19640286)]
        }

        over "osm_w868435449_n8979782887_n8979782888"
        {
            color3f[] primvars:displayColor = [(0.86754286, 0.42324287, 0.19640286)]
        }

        over "osm_w868435449_n8979782888_n8094753157"
        {
            color3f[] primvars:displayColor = [(0.86754286, 0.42324287, 0.19640286)]
        }

        over "osm_w868435449_n8979782889_n8979782887"
        {
            color3f[] primvars:displayColor = [(0.86754286, 0.42324287, 0.19640286)]
        }

        over "osm_w870508157_n257810111_n8109279516"
        {
            color3f[] primvars:displayColor = [(0.6725714, 0.7853714, 0.7887143)]
        }

        over "osm_w870508157_n8109279516_n8109293817"
        {
            color3f[] primvars:displayColor = [(0.6725714, 0.7853714, 0.7887143)]
        }

        over "osm_w870508157_n8109293817_n8109293824"
        {
            color3f[] primvars:displayColor = [(0.6725714, 0.7853714, 0.7887143)]
        }

        over "osm_w870508157_n8109293818_n8109293819"
        {
            color3f[] primvars:displayColor = [(0.6725714, 0.7853714, 0.7887143)]
        }

        over "osm_w870508157_n8109293819_n8109293820"
        {
            color3f[] primvars:displayColor = [(0.6725714, 0.7853714, 0.7887143)]
        }

        over "osm_w870508157_n8109293820_n8109293821"
        {
            color3f[] primvars:displayColor = [(0.6725714, 0.7853714, 0.7887143)]
        }

        over "osm_w870508157_n8109293821_n8109293829"
        {
            color3f[] primvars:displayColor = [(0.6725714, 0.7853714, 0.7887143)]
        }

        over "osm_w870508157_n8109293824_n8109293828"
        {
            color3f[] primvars:displayColor = [(0.6725714, 0.7853714, 0.7887143)]
        }

        over "osm_w870508157_n8109293828_n8109293818"
        {
            color3f[] primvars:displayColor = [(0.6725714, 0.7853714, 0.7887143)]
        }

        over "osm_w875554597_n8149477903_n8149477902"
        {
            color3f[] primvars:displayColor = [(0.9478, 0.65506, 0.2599)]
        }

        over "osm_w875554598_n8149477904_n8149477903"
        {
            color3f[] primvars:displayColor = [(0.86754286, 0.42324287, 0.19640286)]
        }

        over "osm_w875554598_n8149477905_n8149477904"
        {
            color3f[] primvars:displayColor = [(0.86754286, 0.42324287, 0.19640286)]
        }

        over "osm_w875554598_n8149477906_n8149477905"
        {
            color3f[] primvars:displayColor = [(0.86754286, 0.42324287, 0.19640286)]
        }

        over "osm_w95211063_n1104496292_n6060034394"
        {
            color3f[] primvars:displayColor = [(0.86754286, 0.42324287, 0.19640286)]
        }

        over "osm_w95211063_n6060034389_n1104496292"
        {
            color3f[] primvars:displayColor = [(0.86754286, 0.42324287, 0.19640286)]
        }

        over "osm_w95211068_n1104496296_n6060034393"
        {
            color3f[] primvars:displayColor = [(0.86754286, 0.42324287, 0.19640286)]
        }

        over "osm_w95211068_n4218360339_n1104496296"
        {
            color3f[] primvars:displayColor = [(0.86754286, 0.42324287, 0.19640286)]
        }

        over "osm_w969615138_n334630629_n334630630"
        {
            color3f[] primvars:displayColor = [(0.90543336, 0.75250334, 0.45055)]
        }

        over "osm_w969615138_n334630630_n7523803370"
        {
            color3f[] primvars:displayColor = [(0.90543336, 0.75250334, 0.45055)]
        }

        over "osm_w969615138_n334630633_n334630634"
        {
            color3f[] primvars:displayColor = [(0.90543336, 0.75250334, 0.45055)]
        }

        over "osm_w969615138_n7523803369_n334630633"
        {
            color3f[] primvars:displayColor = [(0.90543336, 0.75250334, 0.45055)]
        }

        over "osm_w969615138_n7523803370_n7523803369"
        {
            color3f[] primvars:displayColor = [(0.90543336, 0.75250334, 0.45055)]
        }

        over "osm_w969616512_n12409633924_n8972731438"
        {
            color3f[] primvars:displayColor = [(0.9265714, 0.5855714, 0.23477143)]
        }

        over "osm_w969616512_n12416657169_n8972731440"
        {
            color3f[] primvars:displayColor = [(0.86754286, 0.42324287, 0.19640286)]
        }

        over "osm_w969616512_n12499126516_n8972731451"
        {
            color3f[] primvars:displayColor = [(0.86754286, 0.42324287, 0.19640286)]
        }

        over "osm_w969616512_n12912491604_n8972731441"
        {
            color3f[] primvars:displayColor = [(0.86754286, 0.42324287, 0.19640286)]
        }

        over "osm_w969616512_n5610023878_n9092918245"
        {
            color3f[] primvars:displayColor = [(0.86754286, 0.42324287, 0.19640286)]
        }

        over "osm_w969616512_n8972731440_n12499126516"
        {
            color3f[] primvars:displayColor = [(0.86754286, 0.42324287, 0.19640286)]
        }

        over "osm_w969616512_n8972731441_n12416657169"
        {
            color3f[] primvars:displayColor = [(0.86754286, 0.42324287, 0.19640286)]
        }

        over "osm_w969616512_n8972731442_n12912491604"
        {
            color3f[] primvars:displayColor = [(0.86754286, 0.42324287, 0.19640286)]
        }

        over "osm_w969616512_n8972731450_n12409633924"
        {
            color3f[] primvars:displayColor = [(0.86754286, 0.42324287, 0.19640286)]
        }

        over "osm_w969616512_n8972731451_n8972731450"
        {
            color3f[] primvars:displayColor = [(0.86754286, 0.42324287, 0.19640286)]
        }

        over "osm_w969616512_n9092918245_n8972731442"
        {
            color3f[] primvars:displayColor = [(0.86754286, 0.42324287, 0.19640286)]
        }

        over "osm_w969616513_n8972731445_n9092918247"
        {
            color3f[] primvars:displayColor = [(0.86754286, 0.42324287, 0.19640286)]
        }

        over "osm_w969616513_n9092918247_n8972731444"
        {
            color3f[] primvars:displayColor = [(0.86754286, 0.42324287, 0.19640286)]
        }

        over "osm_w969616513_n9092918258_n8972731445"
        {
            color3f[] primvars:displayColor = [(0.86754286, 0.42324287, 0.19640286)]
        }

        over "osm_w969616514_n12921761052_n8972731452"
        {
            color3f[] primvars:displayColor = [(0.86754286, 0.42324287, 0.19640286)]
        }

        over "osm_w969616514_n8972731444_n12921761052"
        {
            color3f[] primvars:displayColor = [(0.86754286, 0.42324287, 0.19640286)]
        }

        over "osm_w969616514_n8972731452_n5610023878"
        {
            color3f[] primvars:displayColor = [(0.86754286, 0.42324287, 0.19640286)]
        }

        over "osm_w970347257_n8979782874_n8979782876"
        {
            color3f[] primvars:displayColor = [(0.86754286, 0.42324287, 0.19640286)]
        }

        over "osm_w970347257_n8979782876_n8979782875"
        {
            color3f[] primvars:displayColor = [(0.86754286, 0.42324287, 0.19640286)]
        }

        over "osm_w970347258_n12507067532_n8979782877"
        {
            color3f[] primvars:displayColor = [(0.9478, 0.65506, 0.2599)]
        }

        over "osm_w970347260_n12393412245_n8979782882"
        {
            color3f[] primvars:displayColor = [(0.86754286, 0.42324287, 0.19640286)]
        }

        over "osm_w970347260_n12393412251_n8979782881"
        {
            color3f[] primvars:displayColor = [(0.86754286, 0.42324287, 0.19640286)]
        }

        over "osm_w970347260_n8979782881_n12393412245"
        {
            color3f[] primvars:displayColor = [(0.86754286, 0.42324287, 0.19640286)]
        }

        over "osm_w970347261_n8979782874_n8979782879"
        {
            color3f[] primvars:displayColor = [(0.86754286, 0.42324287, 0.19640286)]
        }

        over "osm_w970347261_n8979782879_n12393412252"
        {
            color3f[] primvars:displayColor = [(0.86754286, 0.42324287, 0.19640286)]
        }

        over "osm_w970347262_n5373782215_n8979782883"
        {
            color3f[] primvars:displayColor = [(0.86754286, 0.42324287, 0.19640286)]
        }

        over "osm_w970347262_n8979782883_n8094733009"
        {
            color3f[] primvars:displayColor = [(0.86754286, 0.42324287, 0.19640286)]
        }

        over "osm_w970347263_n12361813659_n8979782885"
        {
            color3f[] primvars:displayColor = [(0.86754286, 0.42324287, 0.19640286)]
        }

        over "osm_w970347263_n4955757608_n8979782884"
        {
            color3f[] primvars:displayColor = [(0.86754286, 0.42324287, 0.19640286)]
        }

        over "osm_w970347263_n8979782884_n12361813659"
        {
            color3f[] primvars:displayColor = [(0.86754286, 0.42324287, 0.19640286)]
        }

        over "osm_w970347263_n8979782885_n8979782886"
        {
            color3f[] primvars:displayColor = [(0.86754286, 0.42324287, 0.19640286)]
        }

        over "osm_w970347263_n8979782886_n8979782888"
        {
            color3f[] primvars:displayColor = [(0.86754286, 0.42324287, 0.19640286)]
        }

        over "osm_w970347263_n8979782888_n8979782887"
        {
            color3f[] primvars:displayColor = [(0.86754286, 0.42324287, 0.19640286)]
        }

        over "osm_w970347264_n8979782887_n8979782889"
        {
            color3f[] primvars:displayColor = [(0.86754286, 0.42324287, 0.19640286)]
        }

        over "osm_w970347264_n8979782889_n8979782882"
        {
            color3f[] primvars:displayColor = [(0.86754286, 0.42324287, 0.19640286)]
        }

        over "osm_w972210878_n8998120945_n4222962142"
        {
            color3f[] primvars:displayColor = [(0.9478, 0.65506, 0.2599)]
        }

        over "osm_w972210883_n8979782877_n8998120957"
        {
            color3f[] primvars:displayColor = [(0.9478, 0.65506, 0.2599)]
        }

        over "osm_w983437032_n12416657181_n2440633802"
        {
            color3f[] primvars:displayColor = [(0.86754286, 0.42324287, 0.19640286)]
        }

        over "osm_w983437032_n2440633802_n9092918257"
        {
            color3f[] primvars:displayColor = [(0.86754286, 0.42324287, 0.19640286)]
        }

        over "osm_w983437033_n9092918257_n9092918258"
        {
            color3f[] primvars:displayColor = [(0.86754286, 0.42324287, 0.19640286)]
        }
    }
}

